t,mean_speed,coherence,n_clusters,mean_cluster_size,n_edges,mean_novelty,mean_boreness,mean_load,n_joined,n_detached,n_merges,mean_omega0,std_omega0
1,0.24779056532936938,0.13315925317359134,35,1.4285714285714286,17,0.2667942709009595,0.0,1.793826562540576,17,0,17,0.1512899647089634,0.009111315162920573
2,0.26142059696563724,0.13337625011606305,35,1.4285714285714286,17,0.2347930521870707,0.0,1.7636883313122425,0,0,0,0.1512899647089634,0.009111315162920573
3,0.2705628520324353,0.1335918277845937,35,1.4285714285714286,17,0.20665283004447615,0.0,1.7546010730266857,0,0,0,0.1512899647089634,0.009111315162920573
4,0.284683890662337,0.13380597782053638,35,1.4285714285714286,17,0.1820789830534116,0.0,1.7029544210820469,0,0,0,0.1512899647089634,0.009111315162920573
5,0.3038378834237252,0.13401869190946544,35,1.4285714285714286,17,0.16029029554500543,0.0,1.6849544507645038,0,0,0,0.1512899647089634,0.009111315162920573
6,0.31463203675124257,0.13422996178143506,35,1.4285714285714286,17,0.1405370230393867,0.0,1.6694074189017574,0,0,0,0.1512899647089634,0.009111315162920573
7,0.3298746025838673,0.13443977921123834,35,1.4285714285714286,17,0.1236928257778678,0.0,1.6565295992753144,0,0,0,0.1512899647089634,0.009111315162920573
8,0.33343992106662923,0.1346481360186678,35,1.4285714285714286,17,0.10890164556610073,4.444416398540485e-06,1.6295764151961059,0,0,0,0.1512899647089634,0.009111315162920573
9,0.3331086556724936,0.13485502406877517,35,1.4285714285714286,17,0.09549568520353958,0.0002156279649382372,1.6372239820144576,0,0,0,0.1512899647089634,0.009111315162920573
10,0.32907759290306027,0.13506043527213313,35,1.4285714285714286,17,0.08405253399769083,0.0007795179514544772,1.6288764485678653,0,0,0,0.1512899647089634,0.009111315162920573
11,0.32791291142359424,0.1352643615850968,35,1.4285714285714286,17,0.07404687928745415,0.0016982623710845284,1.605761823699411,0,0,0,0.1512899647089634,0.009111315162920573
12,0.32681283446009574,0.13546679501006598,35,1.4285714285714286,17,0.06691033734621728,0.0028364632425489002,1.6338964745029336,0,0,0,0.1512899647089634,0.009111315162920573
13,0.3232971544011411,0.1356677275957477,35,1.4285714285714286,17,0.05881755019361979,0.0041538267354610196,1.6281032341875743,0,0,0,0.1512899647089634,0.009111315162920573
14,0.3249038680715555,0.1358671514374195,35,1.4285714285714286,17,0.05259103636307604,0.005406292503876014,1.6569141498713975,0,0,0,0.1512899647089634,0.009111315162920573
15,0.32684422245214473,0.1360650586771928,35,1.4285714285714286,17,0.046504094730543045,0.006909042235555746,1.6536721028784895,0,0,0,0.1512899647089634,0.009111315162920573
16,0.32652186309698317,0.14659230105911128,34,1.4705882352941178,18,0.05375348669581931,0.008194070569238402,1.6815793265476149,1,0,1,0.1512899647089634,0.009111315162920573
17,0.33503856237728724,0.14675494193913446,34,1.4705882352941178,18,0.04800660336111326,0.009603927880400242,1.7247993879142605,0,0,0,0.1512899647089634,0.009111315162920573
18,0.33976986830525335,0.14691596174665994,34,1.4705882352941178,18,0.04250276186047126,0.011090133184167158,1.7524982265394768,0,0,0,0.1512899647089634,0.009111315162920573
19,0.3479360820313152,0.15166213609289794,33,1.5151515151515151,19,0.05353236171360631,0.012363136539843209,1.7668668440955597,1,0,1,0.1512899647089634,0.009111315162920573
20,0.35048683499911604,0.14552552618493403,32,1.5625,20,0.10452869567268967,0.013738345968174599,1.8380277877041604,1,0,1,0.1512899647089634,0.009111315162920573
21,0.35450856338204106,0.1535027160874398,31,1.6129032258064515,21,0.16020131122278297,0.014891334042118152,1.8621037144590802,1,0,1,0.1512899647089634,0.009111315162920573
22,0.3547240349584716,0.20353607298388313,30,1.6666666666666667,22,0.18598888130473298,0.01575219116086199,1.8853305245768974,1,0,1,0.1512899647089634,0.009111315162920573
23,0.3581339674490765,0.2081371240604829,29,1.7241379310344827,23,0.17055095207538742,0.01636753019159603,1.9301334680907758,1,0,1,0.1512899647089634,0.009111315162920573
24,0.3590539443009179,0.20824001931609976,29,1.7241379310344827,23,0.15010286797269307,0.01712462817884254,1.9154138934177736,0,0,0,0.1512899647089634,0.009111315162920573
25,0.3608135937833656,0.20834082557101208,29,1.7241379310344827,23,0.1320992795010045,0.017977507505209725,1.886773697176221,0,0,0,0.1512899647089634,0.009111315162920573
26,0.36360432892888644,0.2084395378302114,29,1.7241379310344827,23,0.1162661254998866,0.018910745869631606,1.8758952724066456,0,0,0,0.1512899647089634,0.009111315162920573
27,0.35891725392447166,0.20853615115945273,29,1.7241379310344827,25,0.10476417653102209,0.019872213047526573,1.9169602037486484,2,0,0,0.1512899647089634,0.009111315162920573
28,0.35593582989003,0.20863066068548147,29,1.7241379310344827,25,0.0924120770013637,0.020818368295539548,1.9407735195733449,0,0,0,0.1512899647089634,0.009111315162920573
29,0.3565949883254181,0.2087230615962602,30,1.6666666666666667,24,0.0918951408482023,0.021754080502568413,1.9203817895383162,0,1,0,0.1512899647089634,0.009111315162920573
30,0.35317725439110825,0.20881334914119185,30,1.6666666666666667,24,0.08114622883381474,0.02265410305194158,1.8796212660723348,0,0,0,0.1512899647089634,0.009111315162920573
31,0.36039831290147945,0.20890151863134218,30,1.6666666666666667,24,0.07140197755377396,0.023562736550314337,1.824041333111299,0,0,0,0.1512899647089634,0.009111315162920573
32,0.36728007044556465,0.20898756543965966,30,1.6666666666666667,24,0.0628495173800731,0.024449644369072397,1.81885982036232,0,0,0,0.1512899647089634,0.009111315162920573
33,0.37546515102424677,0.20907148500119377,30,1.6666666666666667,24,0.05563499468806848,0.02524771868506003,1.797243579263548,0,0,0,0.1512899647089634,0.009111315162920573
34,0.3852339803665676,0.2091532728133112,30,1.6666666666666667,24,0.04879182305157136,0.026103631291137592,1.776172030668973,0,0,0,0.1512899647089634,0.009111315162920573
35,0.3890913319194448,0.20923292443591018,30,1.6666666666666667,23,0.04481145976492823,0.02693922303697582,1.76955957848748,0,1,0,0.1512899647089634,0.009111315162920573
36,0.3950880920825732,0.20931043549163264,30,1.6666666666666667,24,0.04185064125293016,0.027740275851868054,1.7911149117231502,1,0,0,0.1512899647089634,0.009111315162920573
37,0.40139130653582994,0.2093858016660749,30,1.6666666666666667,24,0.036892076277416315,0.0284896199156478,1.8026386409949942,0,0,0,0.1512899647089634,0.009111315162920573
38,0.40780622589332,0.23098469019138856,29,1.7241379310344827,25,0.06332555253107448,0.028337789049493623,1.8111228779400532,1,0,1,0.1512899647089634,0.009111315162920573
39,0.40961561047298156,0.23101341583279472,29,1.7241379310344827,25,0.05608653720733231,0.02829228782336219,1.7889975821404553,0,0,0,0.1512899647089634,0.009111315162920573
40,0.41093442886190457,0.23103983311476514,29,1.7241379310344827,25,0.0513664781735313,0.027946776518143635,1.7700791317661608,0,0,0,0.1512899647089634,0.009111315162920573
41,0.41628588516796194,0.23106393860203472,29,1.7241379310344827,25,0.04518456293177017,0.02781383859577176,1.7490551714055937,0,0,0,0.1512899647089634,0.009111315162920573
42,0.4253566675808181,0.23108572892416415,29,1.7241379310344827,25,0.039806139980837506,0.027881358197829026,1.760842009223401,0,0,0,0.1512899647089634,0.009111315162920573
43,0.4366906208556978,0.2311052007757162,29,1.7241379310344827,25,0.035944210105839126,0.027944282054832653,1.8057852699896773,0,0,0,0.1512899647089634,0.009111315162920573
44,0.4406051951727394,0.22616172324084388,28,1.7857142857142858,26,0.04235227349970741,0.027751590182440843,1.8495754220444551,1,0,1,0.1512899647089634,0.009111315162920573
45,0.44891861317131926,0.2262132017007838,28,1.7857142857142858,26,0.03728227502731816,0.027836887397417628,1.845492408474864,0,0,0,0.1512899647089634,0.009111315162920573
46,0.45591880338719176,0.22626238306573523,28,1.7857142857142858,26,0.03796228862337785,0.027427324028483392,1.8463696557678815,0,0,0,0.1512899647089634,0.009111315162920573
47,0.45841471451337257,0.22630926377551497,28,1.7857142857142858,26,0.033884090931692895,0.027289050643965522,1.844274666504407,0,0,0,0.1512899647089634,0.009111315162920573
48,0.4651457870900923,0.22635384033407172,28,1.7857142857142858,26,0.03018417443206342,0.027399439253106443,1.8423186636182813,0,0,0,0.1512899647089634,0.009111315162920573
49,0.46778164436210473,0.22639610930965698,28,1.7857142857142858,26,0.030206237072234368,0.027171988225382745,1.842529861462623,0,0,0,0.1512899647089634,0.009111315162920573
50,0.4687683614884915,0.2264360673349945,28,1.7857142857142858,27,0.030561184740800936,0.027070730127285243,1.8661413002589426,1,0,0,0.1512899647089634,0.009111315162920573
51,0.4707775480270249,0.22647371110744652,29,1.7241379310344827,26,0.0332408958174895,0.027076447223425962,1.83204797955134,0,1,0,0.1512899647089634,0.009111315162920573
52,0.47297399829243575,0.22756956622925567,28,1.7857142857142858,27,0.02385159051038183,0.027609523541037736,1.864888535851864,1,0,1,0.1512899647089634,0.009111315162920573
53,0.47619504307334565,0.22761680489219813,28,1.7857142857142858,26,0.024809582143942487,0.028080080219941395,1.7478189354455917,0,1,0,0.1512899647089634,0.009111315162920573
54,0.47995379398307586,0.22766170589561288,28,1.7857142857142858,26,0.02189340889191099,0.028740251516783562,1.7290859349545664,0,0,0,0.1512899647089634,0.009111315162920573
55,0.481970798231075,0.22770426602196062,28,1.7857142857142858,26,0.019290568175524644,0.029582503789465774,1.7107867581198795,0,0,0,0.1512899647089634,0.009111315162920573
56,0.491932605083243,0.2277444821196315,28,1.7857142857142858,25,0.02094263848433493,0.030269690623680918,1.7064748960015244,0,1,0,0.1512899647089634,0.009111315162920573
57,0.4958781167756172,0.2374021958228327,26,1.9230769230769231,27,0.08645877038475394,0.02968763538003108,1.8248072469140453,2,0,2,0.1512899647089634,0.009111315162920573
58,0.5001537713928831,0.2374833671349537,26,1.9230769230769231,27,0.0800727790861579,0.029048092880818374,1.8072426559640895,1,1,0,0.1512899647089634,0.009111315162920573
59,0.5070160075016215,0.23756226764430732,26,1.9230769230769231,27,0.07073836805158862,0.028644388496735694,1.783592262215249,0,0,0,0.1512899647089634,0.009111315162920573
60,0.5123415565120775,0.2376388934856272,26,1.9230769230769231,27,0.0649392630131248,0.028100789830270725,1.778575488846097,0,0,0,0.1512899647089634,0.009111315162920573
61,0.5147643284855156,0.23771324085443485,27,1.8518518518518519,26,0.06491556994368704,0.02765325920026658,1.740658290244879,0,1,0,0.1512899647089634,0.009111315162920573
62,0.5145667341689437,0.25472040539032625,26,1.9230769230769231,27,0.10122807384580514,0.026559516934116872,1.7525185555164828,1,0,1,0.1512899647089634,0.009111315162920573
63,0.5203587206160677,0.3023379405115022,25,2.0,28,0.1415224921784792,0.02551252308936188,1.7999997787138375,1,0,1,0.1512899647089634,0.009111315162920573
64,0.5258020777764884,0.3065150967063927,24,2.0833333333333335,29,0.13775666985419585,0.0237753164710184,1.82196871446758,1,0,1,0.1512899647089634,0.009111315162920573
65,0.5282704713136654,0.3065669990568729,25,2.0,28,0.13701079136758013,0.021687212199348077,1.7519425092368448,0,1,0,0.1512899647089634,0.009111315162920573
66,0.5383617602535352,0.3066161911882376,25,2.0,28,0.12075112940973488,0.020069713866179898,1.7387527034580634,0,0,0,0.1512899647089634,0.009111315162920573
67,0.5408623853408735,0.30054752006395413,24,2.0833333333333335,29,0.11285270809313869,0.018549085509345243,1.7719381442150506,1,0,1,0.1512899647089634,0.009111315162920573
68,0.5460961669152189,0.30058044000189715,24,2.0833333333333335,29,0.09952345840149926,0.017416651539130953,1.7293839645602747,0,0,0,0.1512899647089634,0.009111315162920573
69,0.5493668333219641,0.32851933717167947,24,2.0833333333333335,29,0.18676146742962998,0.01658058412503327,1.7848092975973098,1,1,1,0.1512899647089634,0.009111315162920573
70,0.5518288816523141,0.32848412736531274,24,2.0833333333333335,29,0.16547579318618463,0.015784227200942,1.7533497887663594,0,0,0,0.1512899647089634,0.009111315162920573
71,0.5568041943465228,0.34385021580784425,23,2.1739130434782608,32,0.2064096028767904,0.014850451129253109,1.8653939963670607,3,0,1,0.1512899647089634,0.009111315162920573
72,0.5598256446935322,0.3438027160494073,23,2.1739130434782608,32,0.18176519707713498,0.014242939319471688,1.8472202942270208,0,0,0,0.1512899647089634,0.009111315162920573
73,0.5582940991809433,0.34375209917318106,23,2.1739130434782608,33,0.16144751354409909,0.013929327054784257,1.8409893901120142,1,0,0,0.1512899647089634,0.009111315162920573
74,0.5588429420254156,0.34369836491299927,23,2.1739130434782608,33,0.143905966223971,0.013580482194194216,1.843934241223549,0,0,0,0.1512899647089634,0.009111315162920573
75,0.5537833057877777,0.34364151308757873,24,2.0833333333333335,32,0.14685399004229527,0.01326103802181549,1.824305390142252,0,1,0,0.1512899647089634,0.009111315162920573
76,0.5590275063771499,0.34358154360057375,24,2.0833333333333335,32,0.13066811550895316,0.012969245268025566,1.8605456163930278,0,0,0,0.1512899647089634,0.009111315162920573
77,0.562174247213793,0.34351845644062734,24,2.0833333333333335,32,0.11498358918453665,0.012977895374009351,1.8495987138264638,0,0,0,0.1512899647089634,0.009111315162920573
78,0.5639341365094107,0.34345225168141874,25,2.0,31,0.10853017128567266,0.01294110511565967,1.84357452300821,0,1,0,0.1512899647089634,0.009111315162920573
79,0.5685873421523738,0.34338292948170757,25,2.0,31,0.0957390111197699,0.013018396819908589,1.8337857218494669,0,0,0,0.1512899647089634,0.009111315162920573
80,0.5666853874843429,0.3433104900853746,26,1.9230769230769231,30,0.103564771820974,0.013357544398840031,1.833395599475788,0,1,0,0.1512899647089634,0.009111315162920573
81,0.5648688955749516,0.34323493382145936,26,1.9230769230769231,30,0.09426039153680595,0.013415802710114737,1.7939987872094867,0,0,0,0.1512899647089634,0.009111315162920573
82,0.5640071445143764,0.3431562611041936,26,1.9230769230769231,30,0.0829370207343528,0.013680294183997903,1.801844126656164,0,0,0,0.1512899647089634,0.009111315162920573
83,0.5601781960717669,0.34307447243303246,26,1.9230769230769231,30,0.07373291291954157,0.01412886276941572,1.7793011834133892,0,0,0,0.1512899647089634,0.009111315162920573
84,0.561373126964741,0.34777306603937624,25,2.0,31,0.06453918566264934,0.014608151836286746,1.8615195881438376,1,0,1,0.1512899647089634,0.009111315162920573
85,0.5615312944375969,0.3477066747219418,25,2.0,30,0.060846922615061326,0.015142026633890394,1.7746052111287234,0,1,0,0.1512899647089634,0.009111315162920573
86,0.5620343759136346,0.3476371204215514,25,2.0,30,0.053849926835583956,0.01585424546171514,1.7368827492711154,0,0,0,0.1512899647089634,0.009111315162920573
87,0.5641229233559861,0.34756440364866015,25,2.0,30,0.04840034956177882,0.0165489020927012,1.7644698046143912,0,0,0,0.1512899647089634,0.009111315162920573
88,0.5639540396024596,0.3474885249991031,25,2.0,30,0.0426298336012573,0.017435460548736553,1.760150096318747,0,0,0,0.1512899647089634,0.009111315162920573
89,0.5644998932065538,0.3474094851541168,25,2.0,30,0.037613471803421596,0.018461912683045655,1.7084972302005477,0,0,0,0.1512899647089634,0.009111315162920573
90,0.567284929966759,0.34732728488035663,26,1.9230769230769231,29,0.04347116217999067,0.01907570720244093,1.6932795576468656,0,1,0,0.1512899647089634,0.009111315162920573
91,0.5693499042606139,0.35736757655736684,25,2.0,30,0.10047064663595733,0.018528926225738408,1.7506800332357277,1,0,1,0.1512899647089634,0.009111315162920573
92,0.5698053056225771,0.36386188680404774,24,2.0833333333333335,30,0.41479607959215875,0.01826406255623298,1.9586758816959102,1,1,1,0.1512899647089634,0.009111315162920573
93,0.572611682964483,0.3637694203714646,24,2.0833333333333335,31,0.3651048543453838,0.018179801147751366,1.9509115880626917,1,0,0,0.1512899647089634,0.009111315162920573
94,0.5808241426527821,0.36367366426092046,24,2.0833333333333335,31,0.3217544779116469,0.018222252400489865,1.922439193338584,0,0,0,0.1512899647089634,0.009111315162920573
95,0.5861471888670093,0.36357462001209156,24,2.0833333333333335,31,0.28335892909223614,0.018403187545931215,1.9455552373990386,0,0,0,0.1512899647089634,0.009111315162920573
96,0.594456442999327,0.3687351154571031,23,2.1739130434782608,32,0.25665193061116265,0.018244100489454157,1.9366460683244702,1,0,1,0.1512899647089634,0.009111315162920573
97,0.5978393723818987,0.36863460606677506,23,2.1739130434782608,31,0.2269244182346425,0.018256159322161195,1.8816458334091155,0,1,0,0.1512899647089634,0.009111315162920573
98,0.603776927048271,0.36130920646301085,22,2.272727272727273,32,0.2064983240575566,0.018071413405683762,1.8612673812857816,1,0,1,0.1512899647089634,0.009111315162920573
99,0.6026598653838623,0.3611950808241022,22,2.272727272727273,32,0.18302253885550626,0.017944050196402783,1.8128398134517392,0,0,0,0.1512899647089634,0.009111315162920573
100,0.5967452536195822,0.36107762074465244,22,2.272727272727273,32,0.16232065282569233,0.017900389950932925,1.7986621092992419,0,0,0,0.1512899647089634,0.009111315162920573
101,0.5957498826844122,0.3609568282156335,22,2.272727272727273,32,0.1432510056937824,0.01803249135148961,1.8339028916191396,0,0,0,0.1512899647089634,0.009111315162920573
102,0.5956159817362056,0.3693711640393763,22,2.272727272727273,32,0.1576085910424233,0.017201882103730668,1.8465293707776067,1,1,1,0.1512899647089634,0.009111315162920573
103,0.5997516788905797,0.3981558342443343,20,2.5,34,0.2308078226650302,0.016015795461209313,1.8907078557131327,2,0,2,0.1512899647089634,0.009111315162920573
104,0.6077635307450482,0.39804967478387154,20,2.5,34,0.2041602550500263,0.015014105832288903,1.8876635246156015,0,0,0,0.1512899647089634,0.009111315162920573
105,0.6142084334172719,0.39793987671030806,20,2.5,34,0.1802230669159146,0.014239908368599547,1.8882593688387381,0,0,0,0.1512899647089634,0.009111315162920573
106,0.6163505382918018,0.39782644248430316,20,2.5,33,0.16078260904204925,0.013645610923384845,1.8070637119421218,0,1,0,0.1512899647089634,0.009111315162920573
107,0.6222686039229327,0.3977093746619454,20,2.5,33,0.14185277032920482,0.013300822108724472,1.7935572720851922,0,0,0,0.1512899647089634,0.009111315162920573
108,0.6283003929594579,0.39758867589469216,20,2.5,33,0.1262904476182731,0.012985849431894823,1.7358584759867157,0,0,0,0.1512899647089634,0.009111315162920573
109,0.6262536504525585,0.4133954740321952,19,2.6315789473684212,34,0.1411010527094458,0.012591865276605966,1.7837237871874811,1,0,1,0.1512899647089634,0.009111315162920573
110,0.6231722687589673,0.41330214144750343,19,2.6315789473684212,33,0.127003010932852,0.012461041145229352,1.7699991732310716,0,1,0,0.1512899647089634,0.009111315162920573
111,0.6251227108694741,0.4132050227197737,19,2.6315789473684212,33,0.11252384629293058,0.012496339478887328,1.759362332779279,0,0,0,0.1512899647089634,0.009111315162920573
112,0.6255974859749046,0.4131041203770707,20,2.5,32,0.172166298703302,0.01269961885429025,1.8061857979746216,0,1,0,0.1512899647089634,0.009111315162920573
113,0.627273892050484,0.41299943704401315,20,2.5,32,0.151498137742336,0.013045055462343464,1.808063396709882,0,0,0,0.1512899647089634,0.009111315162920573
114,0.6338609955751968,0.41289097544170167,20,2.5,32,0.13479344190059236,0.013414132485311783,1.7819994506887158,0,0,0,0.1512899647089634,0.009111315162920573
115,0.6363495678162919,0.39901753302910464,19,2.6315789473684212,33,0.20216243582580465,0.013494776066676303,1.9146400006567532,2,1,2,0.1512899647089634,0.009111315162920573
116,0.6381672840709751,0.3711569910309306,18,2.7777777777777777,33,0.28301469224069004,0.013209728620779673,1.9973157197153668,1,1,1,0.1512899647089634,0.009111315162920573
117,0.638675797541965,0.3711629369499929,18,2.7777777777777777,33,0.24902253251645645,0.013158335665421026,1.9907936977880882,0,0,0,0.1512899647089634,0.009111315162920573
118,0.6352130002253968,0.37116592128580655,18,2.7777777777777777,33,0.21992320036801502,0.013089828834375206,2.0024890539294704,0,0,0,0.1512899647089634,0.009111315162920573
119,0.6378439306072365,0.37116593994088193,18,2.7777777777777777,33,0.19354882733210396,0.013162488699028387,2.000530646680758,0,0,0,0.1512899647089634,0.009111315162920573
120,0.639072240104907,0.3711629888856341,18,2.7777777777777777,33,0.17099457846967372,0.013218285826947618,2.033397759792926,0,0,0,0.1512899647089634,0.009111315162920573
121,0.6413772314699551,0.3711570641587117,18,2.7777777777777777,33,0.1510646469192055,0.013315594335222837,2.0042395476848647,0,0,0,0.1512899647089634,0.009111315162920573
122,0.6416368727642237,0.4070683080056328,17,2.9411764705882355,34,0.2242706039403772,0.013261514373245156,2.0717629320142326,1,0,1,0.1512899647089634,0.009111315162920573
123,0.6421191448950542,0.4100704768867098,17,2.9411764705882355,35,0.39150711103962066,0.013098334816095117,2.2163046938612765,2,1,1,0.1512899647089634,0.009111315162920573
124,0.643160525029005,0.4100597441742188,18,2.7777777777777777,34,0.3616392164872436,0.013014981465905231,2.192033850320475,0,1,0,0.1512899647089634,0.009111315162920573
125,0.6457101713241582,0.4100458204218887,18,2.7777777777777777,35,0.32082679166861006,0.01304091034364636,2.2212838153222627,1,0,0,0.1512899647089634,0.009111315162920573
126,0.6588949741530867,0.42919446523964055,17,2.9411764705882355,36,0.42516651409262535,0.012925277145519505,2.2589407136963975,1,0,1,0.1512899647089634,0.009111315162920573
127,0.6576533211415279,0.4291753632956148,18,2.7777777777777777,35,0.2749010950763921,0.014268224891405352,2.178321260976452,0,1,0,0.1512899647089634,0.009111315162920573
128,0.654091850201162,0.4430003466108568,17,2.9411764705882355,36,0.25712792366569237,0.015328187305063225,2.205312207147378,1,0,1,0.1512899647089634,0.009111315162920573
129,0.6528324081757336,0.4429811046923208,17,2.9411764705882355,36,0.22706795665004742,0.016115132302236032,2.2005173637010005,0,0,0,0.1512899647089634,0.009111315162920573
130,0.656703903191282,0.42218493744537905,15,3.3333333333333335,38,0.1963559113588973,0.01669079025375706,2.2290209890985677,2,0,2,0.1512899647089634,0.009111315162920573
131,0.6622421625012528,0.4522291810622889,14,3.5714285714285716,39,0.4940110069715362,0.015479522626564475,2.429312185895344,1,0,1,0.1512899647089634,0.009111315162920573
132,0.6626330713594946,0.4518640670114601,13,3.8461538461538463,40,0.44523160980498644,0.01416081473934877,2.4070681521673083,1,0,1,0.1512899647089634,0.009111315162920573
133,0.6641986814576275,0.4518452506029199,13,3.8461538461538463,40,0.3918288302598303,0.013179817706565199,2.374544187869135,0,0,0,0.1512899647089634,0.009111315162920573
134,0.6676310034305678,0.45969907493679313,12,4.166666666666667,42,0.3612323912341528,0.01225177693167021,2.41832460202542,2,0,1,0.1512899647089634,0.009111315162920573
135,0.6682051132132583,0.44318210548577663,13,3.8461538461538463,41,0.40783741264942913,0.011227359602742801,2.3976413230533535,1,2,1,0.1512899647089634,0.009111315162920573
136,0.6719354484174669,0.44317642708085814,13,3.8461538461538463,41,0.3588992716955722,0.010475955026966379,2.3635437196151154,0,0,0,0.1512899647089634,0.009111315162920573
137,0.6712937599796222,0.4431675573954042,13,3.8461538461538463,41,0.31616573058605746,0.00995381939827679,2.3023525557999633,0,0,0,0.1512899647089634,0.009111315162920573
138,0.6760001769836065,0.44310350869086423,12,4.166666666666667,42,0.27818087574888956,0.009576108598013243,2.3026483635355808,1,0,1,0.1512899647089634,0.009111315162920573
139,0.6819789326264949,0.4430643906111293,12,4.166666666666667,42,0.245169294688673,0.009319094170219328,2.2479064553778887,0,0,0,0.1512899647089634,0.009111315162920573
140,0.6841463418429693,0.4430221618460405,12,4.166666666666667,42,0.21567320825737624,0.009253504183614007,2.29325758387794,0,0,0,0.1512899647089634,0.009111315162920573
141,0.6880176966638096,0.46074872777428477,11,4.545454545454546,43,0.20869906544863132,0.00905884377204759,2.263609683461814,1,0,1,0.1512899647089634,0.009111315162920573
142,0.6943145643958784,0.47234048255121325,10,5.0,44,0.21743934636303738,0.008715823745031001,2.259256290962299,1,0,1,0.1512899647089634,0.009111315162920573
143,0.6960341028802252,0.47233397691774204,10,5.0,44,0.19504288920062712,0.008235763880328617,2.1968702458787335,0,0,0,0.1512899647089634,0.009111315162920573
144,0.6963137887137378,0.47232407750587363,11,4.545454545454546,43,0.17693261604381294,0.007911823451017033,2.1325429538950558,0,1,0,0.1512899647089634,0.009111315162920573
145,0.6994597518185273,0.47453552374375024,11,4.545454545454546,43,0.32167704619278403,0.007305298448178078,2.2062937659172466,1,1,1,0.1512899647089634,0.009111315162920573
146,0.7020597132295687,0.4745385785876727,12,4.166666666666667,43,0.2854861118197459,0.007170275748226864,2.2040073207430297,1,1,0,0.1512899647089634,0.009111315162920573
147,0.7027751856827144,0.3967821391743274,11,4.545454545454546,44,0.4641986751683569,0.006294929111474679,2.3320559453394005,1,0,1,0.1512899647089634,0.009111315162920573
148,0.7064763651170254,0.3968078448057119,11,4.545454545454546,44,0.4089736199375924,0.005604841804407652,2.3275367271413456,0,0,0,0.1512899647089634,0.009111315162920573
149,0.7037806011396921,0.48322954774525756,10,5.0,45,0.4910118604163875,0.005235300113034452,2.3987215326339246,1,0,1,0.1512899647089634,0.009111315162920573
150,0.7055739882740839,0.5287363406467358,9,5.555555555555555,46,0.4844318983201293,0.004936362292256976,2.448744951280147,1,0,1,0.1512899647089634,0.009111315162920573
151,0.7029760517362378,0.5287602443381796,9,5.555555555555555,46,0.42627584194952844,0.004803388297324866,2.363329864385769,0,0,0,0.1512899647089634,0.009111315162920573
152,0.70006754615004,0.5287801158426247,10,5.0,45,0.5309613006232022,0.004071410149974023,2.4207500497859606,0,1,0,0.1512899647089634,0.009111315162920573
153,0.697306212654968,0.5287959486108158,10,5.0,45,0.46686130541104087,0.003530297046286543,2.412246735305654,0,0,0,0.1512899647089634,0.009111315162920573
154,0.7000248003100252,0.5288077361661202,10,5.0,44,0.4114225180563541,0.003149704839457524,2.3912009748780845,0,1,0,0.1512899647089634,0.009111315162920573
155,0.7042062207378693,0.5288154721050472,10,5.0,45,0.36157279312583696,0.002925984364991496,2.383704273908706,1,0,0,0.1512899647089634,0.009111315162920573
156,0.7021032893475462,0.528819150097759,11,4.545454545454546,44,0.4056796237932238,0.0028082320166553775,2.3897282228008376,0,1,0,0.1512899647089634,0.009111315162920573
157,0.7085304179838329,0.6530159146616685,10,5.0,47,0.5551826885049695,0.002781548085260726,2.552849949496659,3,0,1,0.1512899647089634,0.009111315162920573
158,0.7139160892004813,0.6529905037200467,10,5.0,48,0.492198625708199,0.0026101349711755172,2.5721244277201776,1,0,0,0.1512899647089634,0.009111315162920573
159,0.713840559722013,0.7399495363285196,9,5.555555555555555,49,0.5435760138145297,0.002537379036974836,2.5594995475101614,1,0,1,0.1512899647089634,0.009111315162920573
160,0.720528621364156,0.7399196743904849,10,5.0,48,0.5986623491272407,0.0025351838920741137,2.5572128638924267,0,1,0,0.1512899647089634,0.009111315162920573
161,0.7240843182212744,0.7398833958730939,10,5.0,48,0.5278801982253924,0.002473191112099809,2.4612397097472978,0,0,0,0.1512899647089634,0.009111315162920573
162,0.7289310345710481,0.7530060598789163,9,5.555555555555555,49,0.46415886637365333,0.0023556878329837115,2.447129012933239,1,0,1,0.1512899647089634,0.009111315162920573
163,0.727703033975001,0.7529576443143353,9,5.555555555555555,50,0.41230412919930126,0.0023441234622620308,2.472857747351366,1,0,0,0.1512899647089634,0.009111315162920573
164,0.7326830963727786,0.7529027441562346,9,5.555555555555555,51,0.36360615406216057,0.0023662403393954175,2.478770144811135,1,0,0,0.1512899647089634,0.009111315162920573
165,0.7371580867248233,0.7528413575295394,10,5.0,49,0.3801698435583127,0.002292995256036379,2.445056745415367,0,2,0,0.1512899647089634,0.009111315162920573
166,0.7315904444239172,0.8188039727674459,10,5.0,50,0.8066004960386723,0.0022673334403004145,2.742926427083488,2,1,1,0.1512899647089634,0.009111315162920573
167,0.7303396685634377,0.8187414218385852,10,5.0,50,0.7098109337827555,0.00226674146495961,2.6803611573648656,0,0,0,0.1512899647089634,0.009111315162920573
168,0.7282068918987011,0.8186717462704999,10,5.0,50,0.62462961290635,0.002283813060589258,2.67513371556522,0,0,0,0.1512899647089634,0.009111315162920573
169,0.726747997533316,0.8185949456632287,11,4.545454545454546,49,0.524689854653043,0.002312909835927043,2.607580873657883,0,1,0,0.1512899647089634,0.009111315162920573
170,0.7220247829897377,0.8185110197811382,11,4.545454545454546,49,0.461730961542838,0.002364736452562069,2.5833637975752457,0,0,0,0.1512899647089634,0.009111315162920573
171,0.7172414737801713,0.8184199685529944,11,4.545454545454546,49,0.4063248411881042,0.002451124154138881,2.51628882020002,0,0,0,0.1512899647089634,0.009111315162920573
172,0.7179556104232248,0.8183217920720258,11,4.545454545454546,49,0.357577041396741,0.0025729999580950177,2.4844166614534124,0,0,0,0.1512899647089634,0.009111315162920573
173,0.7230117101101381,0.8182164905959816,11,4.545454545454546,49,0.31584104524323914,0.0024875451495696833,2.4746574546074696,0,0,0,0.1512899647089634,0.009111315162920573
174,0.7250494168440921,0.8181040645471829,11,4.545454545454546,49,0.27757145613048534,0.0025676828965678134,2.435157494274436,0,0,0,0.1512899647089634,0.009111315162920573
175,0.7275881263263504,0.8179845145125683,12,4.166666666666667,48,0.24328507737545435,0.0027311028943245836,2.393432011872381,0,1,0,0.1512899647089634,0.009111315162920573
176,0.7276484175591368,0.8171323372943208,11,4.545454545454546,49,0.21561894615957186,0.0028370124409578747,2.4327170917810745,1,0,1,0.1512899647089634,0.009111315162920573
177,0.7318451082183689,0.8369276359961347,10,5.0,50,1.1032081768492221,0.002793530077151436,3.019434199173532,1,0,1,0.1512899647089634,0.009111315162920573
178,0.7422427340510898,0.8369039030755349,11,4.545454545454546,47,0.7499691804080387,0.0028158631198019297,2.6986134780428226,0,3,0,0.1512899647089634,0.009111315162920573
179,0.7418080604500631,0.8608641596326756,10,5.0,48,1.1143731250478885,0.0029164471986721607,2.938097852377232,1,0,1,0.1512899647089634,0.009111315162920573
180,0.7462615186158024,0.8786994146581059,9,5.555555555555555,50,1.2536807489757889,0.0030210585050498917,3.035313932396848,2,0,1,0.1512899647089634,0.009111315162920573
181,0.7429457520122719,0.8787341360381141,9,5.555555555555555,50,1.1032429234833194,0.003141398818752426,2.941274866348522,0,0,0,0.1512899647089634,0.009111315162920573
182,0.7479848326696883,0.8787612101660102,9,5.555555555555555,50,0.9708572861782343,0.0032710417639936133,2.843011205900839,0,0,0,0.1512899647089634,0.009111315162920573
183,0.7448439508959274,0.8787806376855293,9,5.555555555555555,50,0.8543531588436143,0.0034041195604062944,2.7389845209515924,0,0,0,0.1512899647089634,0.009111315162920573
184,0.7460387224030387,0.8787924194147132,9,5.555555555555555,50,0.7518304366815193,0.003541792359519062,2.675877731242979,0,0,0,0.1512899647089634,0.009111315162920573
185,0.7425300539114567,0.8787965563458572,9,5.555555555555555,50,0.6616045698227263,0.0036980838172290527,2.6205473438191866,0,0,0,0.1512899647089634,0.009111315162920573
186,0.7403549692560577,0.8871520795607906,8,6.25,50,1.6777882301905869,0.0038765757889608846,3.2663613895585155,1,1,1,0.1512899647089634,0.009111315162920573
187,0.7405098113050572,0.899078970537173,7,7.142857142857143,51,1.859900854187116,0.003731607549786696,3.382206851095392,1,0,1,0.1512899647089634,0.009111315162920573
188,0.742007687913623,0.9098619148343156,6,8.333333333333334,53,2.2392385771609424,0.0035011673951243242,3.656742900233907,2,0,1,0.1512899647089634,0.009111315162920573
189,0.7439175953493179,0.9099574421735043,6,8.333333333333334,53,1.9705281740540457,0.0033272442042756676,3.4607167198854336,0,0,0,0.1512899647089634,0.009111315162920573
190,0.7486700376781752,0.9100451588424491,6,8.333333333333334,52,1.7344376554406369,0.003175842323249307,3.345462454854137,0,1,0,0.1512899647089634,0.009111315162920573
191,0.748106253366057,0.9214888243366021,5,10.0,53,1.7367354965340198,0.003033117759017978,3.3851411941127276,1,0,1,0.1512899647089634,0.009111315162920573
192,0.7461364183150994,0.9215473228941373,5,10.0,53,1.5283281881605597,0.0029556342730459,3.2258218350405725,0,0,0,0.1512899647089634,0.009111315162920573
193,0.751295295971862,0.9215978685519286,5,10.0,53,1.3446386512574597,0.0029804028021593377,3.129901882362654,0,0,0,0.1512899647089634,0.009111315162920573
194,0.7525767030591267,0.9216404611533552,5,10.0,53,1.1833436731217235,0.00301319195334719,3.0158452225791677,0,0,0,0.1512899647089634,0.009111315162920573
195,0.7538078391745284,0.9216751007217501,5,10.0,54,1.0417805444826402,0.0030599321036719335,2.9864475907191848,1,0,0,0.1512899647089634,0.009111315162920573
196,0.7535857088832222,0.9217017874603666,5,10.0,56,0.9175139310132611,0.0031153693545223965,2.9595428066301563,2,0,0,0.1512899647089634,0.009111315162920573
197,0.7507205198180814,0.9217205217523433,5,10.0,56,0.8074132865432574,0.0031754147888500917,2.923223807942605,0,0,0,0.1512899647089634,0.009111315162920573
198,0.7535771425719686,0.9217313041606603,5,10.0,56,0.710526366358415,0.003237441591205058,2.863397696827536,0,0,0,0.1512899647089634,0.009111315162920573
199,0.7502501892271697,0.9217341354280898,5,10.0,55,0.6259301822456114,0.00329936209581276,2.775869517106733,0,1,0,0.1512899647089634,0.009111315162920573
200,0.749765150289475,0.92172901647714,6,8.333333333333334,54,0.5295901414254294,0.0033333393113216133,2.6969876406747817,0,1,0,0.1512899647089634,0.009111315162920573
201,0.7489966838853774,0.9217159484099914,6,8.333333333333334,54,0.46604012791444155,0.003372997412276339,2.6570492436133084,0,0,0,0.1512899647089634,0.009111315162920573
202,0.7572115030911023,0.9216949325084299,6,8.333333333333334,55,0.4107034362373541,0.0034157035014958904,2.6309909368908957,1,0,0,0.1512899647089634,0.009111315162920573
203,0.7582606981150157,0.9216659702337684,6,8.333333333333334,55,0.3614350537289226,0.0034606809975942466,2.583787688598716,0,0,0,0.1512899647089634,0.009111315162920573
204,0.754301667400708,0.9216290632267662,7,7.142857142857143,54,0.2968148759723489,0.0034998905739897063,2.4922839178544307,0,1,0,0.1512899647089634,0.009111315162920573
205,0.7570091791122222,0.9215842133075403,7,7.142857142857143,53,0.26514910661063795,0.003591946041067654,2.436235708169649,0,1,0,0.1512899647089634,0.009111315162920573
206,0.7495154500565023,0.9353913443506097,6,8.333333333333334,52,0.44615326014132606,0.003427881507106564,2.512551639237245,1,2,1,0.1512899647089634,0.009111315162920573
207,0.7492898624038168,0.9486300155077632,5,10.0,53,0.6063847557986031,0.0031170378175132646,2.645975615843499,1,0,1,0.1512899647089634,0.009111315162920573
208,0.7542922003574904,0.9486157752566661,5,10.0,53,0.5336192313737427,0.002871168071377975,2.5992801105974985,0,0,0,0.1512899647089634,0.009111315162920573
209,0.7549489669333284,0.9485934959433636,5,10.0,54,0.46966454233546145,0.002676940806160228,2.6151301542312164,1,0,0,0.1512899647089634,0.009111315162920573
210,0.7625810264522478,0.9571152778016088,4,12.5,56,0.6332623058341251,0.0023341178852229593,2.7759559551229303,2,0,1,0.1512899647089634,0.009111315162920573
211,0.7640897352376185,0.9571043560527163,4,12.5,55,0.5584842542796697,0.0020045945026716033,2.708589481284643,0,1,0,0.1512899647089634,0.009111315162920573
212,0.7628466356226785,0.9570853804995372,4,12.5,55,0.4937366398839977,0.0016990819559696778,2.6718661804680295,1,1,0,0.1512899647089634,0.009111315162920573
213,0.7603531351765044,0.9570583523376698,4,12.5,55,0.43449011431083756,0.0014667726585626151,2.616912215989726,0,0,0,0.1512899647089634,0.009111315162920573
214,0.756079260684136,0.9570232729441507,5,10.0,54,0.3765843053610557,0.0012915744484280425,2.5921141937690506,0,1,0,0.1512899647089634,0.009111315162920573
215,0.7539360339998926,0.9569801438773948,5,10.0,55,0.33444152325924115,0.0011607877894047349,2.5727876218698578,1,0,0,0.1512899647089634,0.009111315162920573
216,0.7579379517481744,0.9569289668771271,5,10.0,55,0.2943161746748037,0.0012512110449933835,2.514181735740617,0,0,0,0.1512899647089634,0.009111315162920573
217,0.756086840844597,0.9615788128274305,4,12.5,55,0.45492826271337633,0.0011429000776596247,2.5656509808298273,1,1,1,0.1512899647089634,0.009111315162920573
218,0.7544226146632772,0.9733039601144,3,16.666666666666668,57,0.6239381376291968,0.0009143200621276996,2.745383399978869,2,0,1,0.1512899647089634,0.009111315162920573
219,0.747787000201755,0.9733003081124846,3,16.666666666666668,57,0.5490672705403221,0.0007314560497021598,2.7132057503752067,0,0,0,0.1512899647089634,0.009111315162920573
220,0.7430601845218184,0.9732885578934396,3,16.666666666666668,57,0.4831852459637693,0.0005851648397617279,2.6392351886165217,0,0,0,0.1512899647089634,0.009111315162920573
221,0.7391563567435427,0.9732687106587515,3,16.666666666666668,56,0.4255933439917555,0.0004681318718093822,2.567349037173748,0,1,0,0.1512899647089634,0.009111315162920573
222,0.7368029792617725,0.9732407677914018,3,16.666666666666668,55,0.37575254632738414,0.0003745054974475059,2.5639463008804517,0,1,0,0.1512899647089634,0.009111315162920573
223,0.7319657278988372,0.9732047308558076,3,16.666666666666668,55,0.3306623114966068,0.0002996043979580047,2.5347684667109798,0,0,0,0.1512899647089634,0.009111315162920573
224,0.7304302129978304,0.973160601597755,3,16.666666666666668,55,0.2909792114683153,0.00023968351836640373,2.509365836740751,0,0,0,0.1512899647089634,0.009111315162920573
225,0.7291307309656102,0.9731083819443257,3,16.666666666666668,55,0.2595965012000982,0.00019174681469312307,2.4783416331148804,1,1,0,0.1512899647089634,0.009111315162920573
226,0.7287765344152777,0.9730480740038161,3,16.666666666666668,55,0.22845420079083517,0.00015339745175449842,2.4415103197706176,0,0,0,0.1512899647089634,0.009111315162920573
227,0.7313147644933209,0.9729796800656535,3,16.666666666666668,55,0.2066166416517558,0.00012271796140359874,2.415798334463141,1,1,0,0.1512899647089634,0.009111315162920573
228,0.7286314666467103,0.9729032026003004,3,16.666666666666668,55,0.18181483577946062,9.817436912287902e-05,2.4464601635717416,0,0,0,0.1512899647089634,0.009111315162920573
229,0.728315159153222,0.972818644259158,3,16.666666666666668,55,0.15999712076381117,7.853949529830323e-05,2.431526719036336,0,0,0,0.1512899647089634,0.009111315162920573
230,0.7257791122489167,0.972726007874458,3,16.666666666666668,55,0.1407989106958017,6.283159623864257e-05,2.418625681351018,0,0,0,0.1512899647089634,0.009111315162920573
231,0.7235340500720338,0.9726252964591524,3,16.666666666666668,54,0.12694127099905342,6.635134134886282e-05,2.3577745137995847,0,1,0,0.1512899647089634,0.009111315162920573
232,0.7201869270506667,0.9725165132067933,3,16.666666666666668,54,0.11170817411585197,0.00047791975579170547,2.347232217869626,0,0,0,0.1512899647089634,0.009111315162920573
233,0.7161592266619173,0.9723996614914091,3,16.666666666666668,55,0.10157939639539527,0.0013774973160338103,2.3806031228873232,1,0,0,0.1512899647089634,0.009111315162920573
234,0.7160461433333551,0.9722747448673704,3,16.666666666666668,55,0.08938977624847108,0.002706596886867095,2.371875479536647,0,0,0,0.1512899647089634,0.009111315162920573
235,0.7171177162228018,0.9721417670692554,3,16.666666666666668,55,0.07866443394428993,0.0043935262896321,2.3643798707072476,0,0,0,0.1512899647089634,0.009111315162920573
236,0.7167172622090091,0.9720007320117021,3,16.666666666666668,56,0.07169056321854769,0.006269507445278711,2.431900245686634,1,0,0,0.1512899647089634,0.009111315162920573
237,0.7176459784051288,0.9718516437892589,3,16.666666666666668,56,0.0702617578611729,0.008045264303737955,2.4508214855333326,1,1,0,0.1512899647089634,0.009111315162920573
238,0.7179598400696047,0.9716945066762265,3,16.666666666666668,56,0.06183055562869279,0.009894705882523329,2.4595966564896874,0,0,0,0.1512899647089634,0.009111315162920573
239,0.7195957545782413,0.9715293251264945,4,12.5,55,0.21930082945659796,0.008220897119646624,2.532954240008313,0,1,0,0.1512899647089634,0.009111315162920573
240,0.7205609321860564,0.9713561037733704,4,12.5,56,0.19325241624926584,0.006929337316907079,2.475981756500325,1,0,0,0.1512899647089634,0.009111315162920573
241,0.7188824962779071,0.9711748474294033,5,10.0,56,0.5849331679169105,0.005636168563263853,2.6979826308132204,1,1,0,0.1512899647089634,0.009111315162920573
242,0.7170613894701192,0.9709855610862005,6,8.333333333333334,55,0.7262015055778771,0.004563425056314954,2.7334879508940317,1,2,0,0.1512899647089634,0.009111315162920573
243,0.7110304641148082,0.9707882499142375,6,8.333333333333334,55,0.6390571400397194,0.003722690754954157,2.693259569684311,0,0,0,0.1512899647089634,0.009111315162920573
244,0.7118000875517728,0.9705829192626629,6,8.333333333333334,55,0.5623700817474732,0.003065460587905613,2.6282910132938433,0,0,0,0.1512899647089634,0.009111315162920573
245,0.7110484934751331,0.9703695746590949,6,8.333333333333334,55,0.49488544296277426,0.0025531979346935323,2.569582988961684,0,0,0,0.1512899647089634,0.009111315162920573
246,0.7088597528160325,0.9701482218094135,6,8.333333333333334,56,0.43647068632605285,0.0021552865401184783,2.5733712041836467,1,0,0,0.1512899647089634,0.009111315162920573
247,0.709863468789257,0.9699188665975443,6,8.333333333333334,56,0.38409400383391057,0.001847428100567062,2.5560729965913573,0,0,0,0.1512899647089634,0.009111315162920573
248,0.7107481665510359,0.9696815150852379,6,8.333333333333334,55,0.33935093511610903,0.001610355304045032,2.5243230067879234,0,1,0,0.1512899647089634,0.009111315162920573
249,0.7067211121899086,0.9694361735118419,6,8.333333333333334,55,0.2986316904764226,0.0014288050655589168,2.4982133485745472,0,0,0,0.1512899647089634,0.009111315162920573
250,0.7067788693671392,0.9691828482940651,6,8.333333333333334,55,0.2627966280929837,0.0012906995822008144,2.4754537275723107,0,0,0,0.1512899647089634,0.009111315162920573
251,0.7063729805223631,0.9689215460257399,6,8.333333333333334,56,0.2329007105191536,0.0012105137214386118,2.4810722393488827,1,0,0,0.1512899647089634,0.009111315162920573
252,0.7098620676677431,0.9686522734775729,6,8.333333333333334,55,0.20663061975703706,0.0011970001053606288,2.4444772316322645,0,1,0,0.1512899647089634,0.009111315162920573
253,0.707979203048618,0.9683750375968919,6,8.333333333333334,55,0.18183574702596952,0.0012307472267316542,2.411975593049114,0,0,0,0.1512899647089634,0.009111315162920573
254,0.7065624278109419,0.9680898455073876,6,8.333333333333334,55,0.16429545273937418,0.0013209046325486657,2.374482880268774,1,1,0,0.1512899647089634,0.009111315162920573
255,0.7110865797085008,0.967796704508848,6,8.333333333333334,55,0.14458115179705788,0.0014486596181815514,2.3761778975470964,0,0,0,0.1512899647089634,0.009111315162920573
256,0.7100055781185745,0.9674956220768838,6,8.333333333333334,55,0.12723354466971112,0.0015998154634075954,2.331912031653473,0,0,0,0.1512899647089634,0.009111315162920573
257,0.7124721567504839,0.9671866058626525,6,8.333333333333334,54,0.113775153608426,0.001763815780333159,2.286944020803791,0,1,0,0.1512899647089634,0.009111315162920573
258,0.7148122798843997,0.9668696636925738,6,8.333333333333334,55,0.10307900409852948,0.001955776828206236,2.367356598938169,1,0,0,0.1512899647089634,0.009111315162920573
259,0.7152112410581887,0.9665448035680368,6,8.333333333333334,53,0.09623859418480654,0.0025209273312909865,2.274375053870173,0,2,0,0.1512899647089634,0.009111315162920573
260,0.7138089503518235,0.9662120336651051,6,8.333333333333334,53,0.08469073072343956,0.0035762899278318234,2.28078836145353,0,0,0,0.1512899647089634,0.009111315162920573
261,0.715937283344853,0.9658713623342117,7,7.142857142857143,52,0.2736743696514497,0.0031966218081223097,2.4046850640554696,0,1,0,0.1512899647089634,0.009111315162920573
262,0.7134381760973764,0.965522798099851,7,7.142857142857143,51,0.24151229079701275,0.0029006551639761667,2.3637677061766573,0,1,0,0.1512899647089634,0.009111315162920573
263,0.7149140367567819,0.965166349660262,7,7.142857142857143,51,0.21253133218583783,0.00267068338639571,2.3601640480853403,0,0,0,0.1512899647089634,0.009111315162920573
264,0.711735208178686,0.9648020258871068,7,7.142857142857143,51,0.1870278869720746,0.0024926901298357963,2.391200668763623,0,0,0,0.1512899647089634,0.009111315162920573
265,0.7077614103768299,0.964429835825144,7,7.142857142857143,51,0.16458458323568714,0.0023555601169308786,2.4084887023766957,0,0,0,0.1512899647089634,0.009111315162920573
266,0.7000331235350843,0.9640497886918913,7,7.142857142857143,50,0.1469044778727319,0.002250487137307655,2.409446151050102,0,1,0,0.1512899647089634,0.009111315162920573
267,0.7076273668342137,0.9636618938772881,7,7.142857142857143,50,0.13357928426791385,0.0021705018529595776,2.3891251688055952,1,1,0,0.1512899647089634,0.009111315162920573
268,0.7062675560719158,0.963266160943348,7,7.142857142857143,49,0.12091330597512392,0.0021099445739314908,2.39178118226871,0,1,0,0.1512899647089634,0.009111315162920573
269,0.7080531466990431,0.9628625996238068,7,7.142857142857143,49,0.1064040712854486,0.0020661496535164846,2.380767341783996,0,0,0,0.1512899647089634,0.009111315162920573
270,0.7104751368731713,0.9624512198237627,8,6.25,48,0.48475852420125853,0.002032469584965407,2.6125487887803,2,3,0,0.1512899647089634,0.009111315162920573
271,0.7157470431772684,0.9620320316193127,8,6.25,48,0.42658766304755785,0.0020079974189444786,2.5572228535231933,0,0,0,0.1512899647089634,0.009111315162920573
272,0.7156730455917275,0.9616050452571818,8,6.25,48,0.3753970023450982,0.001990626386061554,2.491190893178053,0,0,0,0.1512899647089634,0.009111315162920573
273,0.7185816681860149,0.961170271154346,9,5.555555555555555,48,1.335676040169996,0.0019786218177174054,3.0698701429302435,1,1,0,0.1512899647089634,0.009111315162920573
274,0.7169485932323829,0.9607277198976487,9,5.555555555555555,49,1.1758138382449514,0.001970681775965257,2.9793366920681548,1,0,0,0.1512899647089634,0.009111315162920573
275,0.7144521343502719,0.9602774022434142,9,5.555555555555555,48,1.0352228099157172,0.0019657918536953468,2.8725199777903185,0,1,0,0.1512899647089634,0.009111315162920573
276,0.7176485838718062,0.9610535788184993,8,6.25,49,0.9083807402289906,0.001964580333224559,2.8180681630180606,1,0,1,0.1512899647089634,0.009111315162920573
277,0.713879630295154,0.9606119814795604,8,6.25,49,0.7993750588533375,0.0019885667807600354,2.7819048244725026,0,0,0,0.1512899647089634,0.009111315162920573
278,0.7027479433377968,0.9601626379754759,9,5.555555555555555,49,0.8669285839994748,0.0020461995437652688,2.8573669922700593,1,1,0,0.1512899647089634,0.009111315162920573
279,0.7008478347204732,0.9597055594866021,9,5.555555555555555,49,0.7629170663772556,0.002157646733270715,2.7441576212291348,0,0,0,0.1512899647089634,0.009111315162920573
280,0.6961356135224998,0.959240757360788,9,5.555555555555555,48,0.6720864561110343,0.002304298018352707,2.6840574097187067,0,1,0,0.1512899647089634,0.009111315162920573
281,0.7023569918893366,0.9587682431129538,9,5.555555555555555,49,0.5918055040915201,0.0024684502415022454,2.6261874544939765,1,0,0,0.1512899647089634,0.009111315162920573
282,0.6981808561479909,0.9582880284246597,9,5.555555555555555,49,0.5207893740457139,0.002644731129880328,2.5838017384567267,0,0,0,0.1512899647089634,0.009111315162920573
283,0.7064629375381952,0.957800125143673,9,5.555555555555555,50,0.45911639883676564,0.0028242589568606186,2.5689659248240333,1,0,0,0.1512899647089634,0.009111315162920573
284,0.7058861869804695,0.9573045452835257,9,5.555555555555555,50,0.4040228493360105,0.003002854551098878,2.5532857737430867,0,0,0,0.1512899647089634,0.009111315162920573
285,0.7053402482106567,0.9568013010230695,9,5.555555555555555,49,0.35671332992554594,0.003176504643728092,2.4756820460614377,0,1,0,0.1512899647089634,0.009111315162920573
286,0.7062120084977411,0.9641643682373157,9,5.555555555555555,49,0.9423569665121546,0.003341937948309248,2.8946547159868756,1,1,1,0.1512899647089634,0.009111315162920573
287,0.7041426553375697,0.963759771137681,9,5.555555555555555,49,0.8292743245762654,0.0034981935623111136,2.8244949968054467,0,0,0,0.1512899647089634,0.009111315162920573
288,0.7010778065288059,0.9633474805380372,9,5.555555555555555,48,0.7300464202166397,0.0036442253845976043,2.7339756536747495,0,1,0,0.1512899647089634,0.009111315162920573
289,0.7036798216525804,0.9629275079589766,9,5.555555555555555,47,0.6433932251887263,0.0037795499936816453,2.6479967862718103,0,1,0,0.1512899647089634,0.009111315162920573
290,0.698125185422827,0.962499865084345,9,5.555555555555555,47,0.5661862411943676,0.003904083217570746,2.552932383085551,0,0,0,0.1512899647089634,0.009111315162920573
291,0.6956668855368469,0.9620645637607678,10,5.0,46,0.4896692183106614,0.004016620574433678,2.504217009763095,0,1,0,0.1512899647089634,0.009111315162920573
292,0.6964470513956713,0.9616216159971714,10,5.0,46,0.4309780148165119,0.004119348222371272,2.417148417972431,0,0,0,0.1512899647089634,0.009111315162920573
293,0.695613834089293,0.9611710339643013,10,5.0,46,0.3792615289303185,0.004212694139132589,2.381978124170084,0,0,0,0.1512899647089634,0.009111315162920573
294,0.6966134567905325,0.9607128299942305,10,5.0,46,0.33375650218095637,0.004296243218464401,2.318319806417493,0,0,0,0.1512899647089634,0.009111315162920573
295,0.7026909680300366,0.9602470165798659,10,5.0,47,0.2961427580336552,0.0043719296932070075,2.315735083651883,1,0,0,0.1512899647089634,0.009111315162920573
296,0.7042709966575731,0.9597736063744464,10,5.0,47,0.26060662559638564,0.004440205201815003,2.2769010469815982,0,0,0,0.1512899647089634,0.009111315162920573
297,0.7095227012354376,0.9592926121910375,10,5.0,47,0.2293353260197647,0.0045015471550522304,2.238503999329684,0,0,0,0.1512899647089634,0.009111315162920573
298,0.7095563560675034,0.9588040470020177,10,5.0,47,0.20181608451434147,0.004571007655706771,2.204516753496974,0,0,0,0.1512899647089634,0.009111315162920573
299,0.7067662905271745,0.9657689225104571,9,5.555555555555555,49,0.351778902316172,0.0046572718618929,2.3411376684809806,2,0,1,0.1512899647089634,0.009111315162920573
300,0.7061703964482372,0.9653979919620173,9,5.555555555555555,49,0.30956553722771174,0.004750211556962981,2.312792067655085,0,0,0,0.1512899647089634,0.009111315162920573
301,0.7071050666429746,0.9683962269301587,8,6.25,50,0.43974413176938115,0.004844884695959091,2.365136038050472,1,0,1,0.1512899647089634,0.009111315162920573
302,0.7064563309796236,0.9681004868360814,8,6.25,50,0.38697621267836746,0.004938978869263282,2.379152896848653,0,0,0,0.1512899647089634,0.009111315162920573
303,0.7071633710204922,0.9677970064414176,8,6.25,50,0.34053808956463066,0.005030875629796455,2.3495482306700026,0,0,0,0.1512899647089634,0.009111315162920573
304,0.7092420924417061,0.967485795595524,9,5.555555555555555,49,0.28369319141998944,0.0051190089364639806,2.2946349475504118,0,1,0,0.1512899647089634,0.009111315162920573
305,0.7091578896416431,0.9671668643113212,9,5.555555555555555,49,0.24968121181792724,0.005545387285873686,2.2726230016145705,0,0,0,0.1512899647089634,0.009111315162920573
306,0.716344751103223,0.9668402227648409,9,5.555555555555555,49,0.21971855072721166,0.006525875104122951,2.254691836329187,0,0,0,0.1512899647089634,0.009111315162920573
307,0.7226943994574205,0.9665058812947664,9,5.555555555555555,49,0.19335165412245725,0.007965463771223947,2.2376565218931193,0,0,0,0.1512899647089634,0.009111315162920573
308,0.7241210612036588,0.966163850401972,9,5.555555555555555,49,0.17015065123932682,0.009701954813016982,2.20682453780833,0,0,0,0.1512899647089634,0.009111315162920573
309,0.7202435849651699,0.9681376005174033,9,5.555555555555555,47,0.2596192404424002,0.008636247778539195,2.225822154563991,1,3,1,0.1512899647089634,0.009111315162920573
310,0.7227937408243027,0.9678570592211775,9,5.555555555555555,47,0.22846396001665295,0.007822902477253897,2.204116333733905,0,0,0,0.1512899647089634,0.009111315162920573
311,0.7250710033676647,0.9675688042417268,9,5.555555555555555,48,0.20269406600359421,0.007206729154466287,2.2108949078950912,1,0,0,0.1512899647089634,0.009111315162920573
312,0.7319800588499676,0.9672728453430658,9,5.555555555555555,48,0.17836994709075388,0.006744138423256575,2.2099808194741533,0,0,0,0.1512899647089634,0.009111315162920573
313,0.7266146551887503,0.9669691924512129,9,5.555555555555555,48,0.16171568529491773,0.006400752759682228,2.2192485495917262,1,1,0,0.1512899647089634,0.009111315162920573
314,0.7229786420933294,0.9666578556537273,9,5.555555555555555,49,0.14491360629947084,0.006149503633198156,2.2471125175907645,1,0,0,0.1512899647089634,0.009111315162920573
315,0.7253444604318657,0.9713809276393064,8,6.25,51,0.5153413539478071,0.005694752931709676,2.5318280777269964,2,0,1,0.1512899647089634,0.009111315162920573
316,0.7235292961421035,0.9748132633979691,6,8.333333333333334,52,0.8626836743745291,0.005127656766564545,2.7505776536434507,2,1,2,0.1512899647089634,0.009111315162920573
317,0.7262491524776448,0.9746902971882471,6,8.333333333333334,52,0.759171695423941,0.004675352388349762,2.652228604018415,0,0,0,0.1512899647089634,0.009111315162920573
318,0.7235620992959505,0.9745593026992441,6,8.333333333333334,52,0.6680708969103298,0.004316755237122991,2.594386728219236,0,0,0,0.1512899647089634,0.009111315162920573
319,0.7326917653061511,0.9744202839965285,6,8.333333333333334,51,0.588678497096994,0.004053159190594655,2.524865240812975,0,1,0,0.1512899647089634,0.009111315162920573
320,0.7371636114133444,0.9742732453247721,6,8.333333333333334,51,0.5180369968247003,0.0038903210014688662,2.528065805010904,0,0,0,0.1512899647089634,0.009111315162920573
321,0.7428714634142825,0.9741181911075806,6,8.333333333333334,50,0.4564279371784912,0.0038023096539641582,2.5017894674941576,0,1,0,0.1512899647089634,0.009111315162920573
322,0.7493514796772799,0.973955125947315,7,7.142857142857143,49,0.6876744799037513,0.003861481857811596,2.5870542168325477,0,1,0,0.1512899647089634,0.009111315162920573
323,0.7471383991817632,0.9748031439639401,6,8.333333333333334,50,0.4474222574238052,0.003844405330049366,2.449290501122006,1,0,1,0.1512899647089634,0.009111315162920573
324,0.7422890989698874,0.9746721849761057,6,8.333333333333334,50,0.39373433515721046,0.0038600934804996706,2.430868461095119,0,0,0,0.1512899647089634,0.009111315162920573
325,0.7452342104370792,0.9745331957707296,6,8.333333333333334,50,0.34647825282113487,0.0039001600554920703,2.4328578466932753,0,0,0,0.1512899647089634,0.009111315162920573
326,0.7512284920637569,0.9743861802519188,6,8.333333333333334,52,0.30796927395880835,0.003954750142131393,2.409509735625731,2,0,0,0.1512899647089634,0.009111315162920573
327,0.7474785124388095,0.9742311425032912,6,8.333333333333334,52,0.27101324540983135,0.004018225220305692,2.385154075683733,0,0,0,0.1512899647089634,0.009111315162920573
328,0.7512694385541969,0.9740680867878226,6,8.333333333333334,52,0.23849220815148783,0.004086405482519802,2.3320049212192684,0,0,0,0.1512899647089634,0.009111315162920573
329,0.7559295749317697,0.9738970175476881,6,8.333333333333334,53,0.2121260933186594,0.004005516949139109,2.339457853237478,1,0,0,0.1512899647089634,0.009111315162920573
330,0.7530575468348624,0.9737179394040953,6,8.333333333333334,53,0.18667307306670405,0.0039720108960750984,2.306640491774734,0,0,0,0.1512899647089634,0.009111315162920573
331,0.7580803478755669,0.9735308571571152,6,8.333333333333334,53,0.16427440525531942,0.003972661100770641,2.2920421291042254,0,0,0,0.1512899647089634,0.009111315162920573
332,0.76260497034105,0.9733357757855003,6,8.333333333333334,53,0.14847346899364453,0.003997293975367173,2.2706921958594624,1,1,0,0.1512899647089634,0.009111315162920573
333,0.7625270323682166,0.973132700446503,7,7.142857142857143,52,0.18710288298807803,0.004459611297742713,2.288467815640303,0,1,0,0.1512899647089634,0.009111315162920573
334,0.7632534844025052,0.9762428346055115,6,8.333333333333334,53,0.31584026953122146,0.004229415903547648,2.4041587261043253,1,0,1,0.1512899647089634,0.009111315162920573
335,0.7614293441584528,0.9760943319535147,6,8.333333333333334,53,0.27793931015053464,0.004061871732975771,2.379254509379515,0,0,0,0.1512899647089634,0.009111315162920573
336,0.7608965525182181,0.9746775836306507,5,10.0,54,0.4591185545411636,0.003762896360671179,2.574839325191594,1,0,1,0.1512899647089634,0.009111315162920573
337,0.752152172159532,0.974571165393984,5,10.0,54,0.40402482662818245,0.0035340062072579813,2.523941040327081,0,0,0,0.1512899647089634,0.009111315162920573
338,0.7520056994244158,0.9744566771936003,5,10.0,54,0.3555424106993955,0.0033599461051365613,2.477470054682266,0,0,0,0.1512899647089634,0.009111315162920573
339,0.7495756087607856,0.9743341219773922,6,8.333333333333334,53,0.3309364287586481,0.003279323676287043,2.4581703134521606,0,1,0,0.1512899647089634,0.009111315162920573
340,0.746187031719392,0.9751001721706625,5,10.0,54,0.27678467680219426,0.0069170417993640685,2.4967771482290453,1,0,1,0.1512899647089634,0.009111315162920573
341,0.7483768672291907,0.9750067624890408,5,10.0,54,0.2435711591738544,0.010127857301807715,2.4911724521151095,0,0,0,0.1512899647089634,0.009111315162920573
342,0.7495219099633023,0.9749052724598966,5,10.0,54,0.21434335845331845,0.012973548148804272,2.4403783325300887,0,0,0,0.1512899647089634,0.009111315162920573
343,0.7527012931283795,0.9747957046366835,5,10.0,54,0.18862275993929614,0.015545293103301319,2.4240028940571507,0,0,0,0.1512899647089634,0.009111315162920573
344,0.7528144002960007,0.9746780617537448,5,10.0,55,0.17048582905804152,0.017568121859768956,2.468913426005005,1,0,0,0.1512899647089634,0.009111315162920573
345,0.7542854260221182,0.976361156241175,4,12.5,56,0.3616493909574892,0.014433937482181835,2.590956081002129,1,0,1,0.1512899647089634,0.009111315162920573
346,0.7513230291736757,0.9762770451452824,4,12.5,56,0.31825199021635164,0.011928956183878991,2.5634260289505373,0,0,0,0.1512899647089634,0.009111315162920573
347,0.7548864112843647,0.976184843721837,4,12.5,57,0.2812725257150663,0.00992705081161377,2.564619641544585,1,0,0,0.1512899647089634,0.009111315162920573
348,0.7496704496855053,0.9760845543455582,5,10.0,55,0.47264298686923134,0.00832735402783954,2.622977886708197,0,2,0,0.1512899647089634,0.009111315162920573
349,0.7507420727842797,0.9759761795722336,5,10.0,54,0.4177288141874031,0.007049202221376845,2.568181359452436,0,1,0,0.1512899647089634,0.009111315162920573
350,0.7488171851091981,0.9758597221386264,5,10.0,54,0.36760190357380734,0.006028091131090659,2.51971919534928,0,0,0,0.1512899647089634,0.009111315162920573
351,0.7456172335207006,0.9757351849623722,5,10.0,53,0.32939560586773886,0.005215951043294234,2.4965059034243904,1,2,0,0.1512899647089634,0.009111315162920573
352,0.7481611617647117,0.9756025711418725,5,10.0,54,0.28972682326750143,0.004610751424272989,2.429987498888311,1,0,0,0.1512899647089634,0.009111315162920573
353,0.7472372895698085,0.9754618839561804,6,8.333333333333334,54,0.4461761688443798,0.00408061056688068,2.509819255002485,1,1,0,0.1512899647089634,0.009111315162920573
354,0.7509906777278214,0.9753131268648774,6,8.333333333333334,54,0.3926356383341551,0.0036573350258092808,2.5061665482723865,0,0,0,0.1512899647089634,0.009111315162920573
355,0.7545555008605933,0.9764998611179352,5,10.0,55,0.35042266019201807,0.0033198136529591178,2.502692470069131,1,0,1,0.1512899647089634,0.009111315162920573
356,0.7597351118011573,0.9763940503090603,5,10.0,56,0.3110668274041812,0.003050381332909062,2.516969251907949,1,0,0,0.1512899647089634,0.009111315162920573
357,0.7618447266079842,0.9762801532824267,5,10.0,57,0.2776137384137722,0.0028353461607368846,2.502815109647343,1,0,0,0.1512899647089634,0.009111315162920573
358,0.7658064444436273,0.9761581728954529,5,10.0,57,0.24430084298593774,0.0026637635056364034,2.5122656557408725,0,0,0,0.1512899647089634,0.009111315162920573
359,0.769411916758266,0.9760281121864007,5,10.0,57,0.21498185195378786,0.002527624037143905,2.4447529736342553,0,0,0,0.1512899647089634,0.009111315162920573
360,0.7745706155008927,0.9758899743742616,5,10.0,58,0.19182934849301767,0.002816811532381486,2.4539205059422975,1,0,0,0.1512899647089634,0.009111315162920573
361,0.7684650134532638,0.9757437628586394,5,10.0,57,0.17231655876299826,0.003489038955496211,2.405007107892664,0,1,0,0.1512899647089634,0.009111315162920573
362,0.7663396702776053,0.9755894812196253,5,10.0,57,0.15163924033424683,0.004559194295890288,2.422696423676697,0,0,0,0.1512899647089634,0.009111315162920573
363,0.7648314962601122,0.9754271332176685,5,10.0,57,0.13344319139903152,0.005964912688420004,2.410350574446531,0,0,0,0.1512899647089634,0.009111315162920573
364,0.7670816059770961,0.9752567227934361,5,10.0,57,0.11743080701705669,0.007592698205187685,2.367671978915568,0,0,0,0.1512899647089634,0.009111315162920573
365,0.762711896077536,0.9750782540676712,5,10.0,57,0.10333976301589909,0.009398106016591247,2.3424139788385396,0,0,0,0.1512899647089634,0.009111315162920573
366,0.7552333549844086,0.9748917313410421,6,8.333333333333334,56,0.2410783578241433,0.008156297189034241,2.3729546054662363,0,1,0,0.1512899647089634,0.009111315162920573
367,0.7593848734073404,0.9746971590939842,6,8.333333333333334,57,0.2137261721149112,0.007203135728602119,2.4119663963477596,1,0,0,0.1512899647089634,0.009111315162920573
368,0.7583681482875977,0.9744945419865381,6,8.333333333333334,57,0.18807978622844324,0.006479093325978399,2.395145891546176,0,0,0,0.1512899647089634,0.009111315162920573
369,0.7606347533608288,0.9742838848581789,7,7.142857142857143,56,0.1781250731343111,0.005718547631285127,2.3735985587374193,1,2,0,0.1512899647089634,0.009111315162920573
370,0.7639191662119599,0.9740651927276408,7,7.142857142857143,56,0.15675083258928674,0.005117732854114317,2.3580931356961963,0,0,0,0.1512899647089634,0.009111315162920573
371,0.7621732208406555,0.9738384707927331,7,7.142857142857143,56,0.13794152659028172,0.004658228252351243,2.328796893061137,0,0,0,0.1512899647089634,0.009111315162920573
372,0.7668057747395293,0.9752018607119872,6,8.333333333333334,57,0.1620223180597342,0.004125488342933384,2.366237373666067,1,0,1,0.1512899647089634,0.009111315162920573
373,0.7660934674594997,0.9750449801898012,6,8.333333333333334,57,0.1425802642988207,0.0036993037793569467,2.3688161457019623,0,0,0,0.1512899647089634,0.009111315162920573
374,0.7645279598697808,0.9748800360997603,6,8.333333333333334,56,0.1272377992503219,0.003358360125295132,2.4187936698921955,0,1,0,0.1512899647089634,0.009111315162920573
375,0.7646445855851622,0.9747070324396172,6,8.333333333333334,57,0.11229503435834239,0.003085606237161164,2.416715263371507,1,0,0,0.1512899647089634,0.009111315162920573
376,0.7588290599028977,0.9745259733871477,6,8.333333333333334,57,0.09882029546203139,0.0034670855444527,2.454795859344595,0,0,0,0.1512899647089634,0.009111315162920573
377,0.752277018642691,0.9771625692367709,5,10.0,58,0.30078501433038024,0.0029733320093946534,2.5830987701487604,1,0,1,0.1512899647089634,0.009111315162920573
378,0.7520933531997006,0.9770267909370566,5,10.0,57,0.26684820239808893,0.0025783695524883173,2.589579742601753,0,1,0,0.1512899647089634,0.009111315162920573
379,0.7502823438174377,0.9768829332120471,5,10.0,57,0.23482640817598074,0.0022624351135665365,2.5524989607777626,0,0,0,0.1512899647089634,0.009111315162920573
380,0.7441079164832821,0.9767309994551111,5,10.0,58,0.20714175482090205,0.0020188426012530446,2.558987389796672,1,0,0,0.1512899647089634,0.009111315162920573
381,0.7444072090262064,0.9765709932401764,5,10.0,58,0.18228474341223996,0.001846901250154273,2.5423975987254424,0,0,0,0.1512899647089634,0.009111315162920573
382,0.7452139076568564,0.976402918321604,5,10.0,58,0.16041056929547184,0.0017313344140017963,2.528016406085857,0,0,0,0.1512899647089634,0.009111315162920573
383,0.745449172047002,0.9762267786340546,5,10.0,57,0.14359161980901558,0.0016804233720526729,2.4814825202668396,0,1,0,0.1512899647089634,0.009111315162920573
384,0.7487165206622638,0.9760425782923475,5,10.0,57,0.1279463168236915,0.0015390786575015442,2.5077634513802876,1,1,0,0.1512899647089634,0.009111315162920573
385,0.7505593010698557,0.9758503215913147,5,10.0,58,0.11289505626828421,0.0014747083949284644,2.5209837797255252,1,0,0,0.1512899647089634,0.009111315162920573
386,0.7517368694455341,0.9756500130056496,5,10.0,57,0.10291446774280623,0.0014660727297298379,2.4771837401191,0,1,0,0.1512899647089634,0.009111315162920573
387,0.7538408349366286,0.9754416571897454,5,10.0,57,0.09056408902521992,0.0021435470133994335,2.451414748020194,0,0,0,0.1512899647089634,0.009111315162920573
388,0.7619326503578537,0.9752252589775297,5,10.0,57,0.07969566393144366,0.003472341634778137,2.443124619312663,0,0,0,0.1512899647089634,0.009111315162920573
389,0.7647761558510632,0.9750008233822935,5,10.0,56,0.07339714440527172,0.005146012699034832,2.418518702358511,0,1,0,0.1512899647089634,0.009111315162920573
390,0.77045143845048,0.9747683555965113,5,10.0,57,0.06194683679145782,0.007256774150457311,2.4185284138613854,1,0,0,0.1512899647089634,0.009111315162920573
391,0.7761043191272969,0.9745278609916572,6,8.333333333333334,56,0.40491864122340593,0.006354175705829072,2.620221418573927,0,1,0,0.1512899647089634,0.009111315162920573
392,0.785229813328565,0.9742793451180118,6,8.333333333333334,56,0.3563279828066939,0.005686321776361181,2.5887494650639287,0,0,0,0.1512899647089634,0.009111315162920573
393,0.7904141081810435,0.974022813704466,6,8.333333333333334,57,0.31559402229667244,0.005199755894095472,2.603070919912938,1,0,0,0.1512899647089634,0.009111315162920573
394,0.7877483497199611,0.9737582726583147,6,8.333333333333334,57,0.27772195802766636,0.004852476661489687,2.5464190547178007,0,0,0,0.1512899647089634,0.009111315162920573
395,0.7901635930279922,0.9734857280650482,6,8.333333333333334,57,0.2443952198647856,0.004611553227114055,2.524976541844772,0,0,0,0.1512899647089634,0.009111315162920573
396,0.7913443732134798,0.9732051861881342,6,8.333333333333334,56,0.21565611281630287,0.004451333441033996,2.487148225134207,0,1,0,0.1512899647089634,0.009111315162920573
397,0.7954745195579929,0.9729166534687934,6,8.333333333333334,56,0.18977708935364077,0.004351765636978023,2.470182171695504,0,0,0,0.1512899647089634,0.009111315162920573
398,0.7954890725188286,0.9726201365257708,6,8.333333333333334,57,0.17025471919981056,0.004297283053900535,2.513889770082376,1,0,0,0.1512899647089634,0.009111315162920573
399,0.7998278462962692,0.9723156421550994,6,8.333333333333334,57,0.1498239252723062,0.004275843972341538,2.500197059085251,0,0,0,0.1512899647089634,0.009111315162920573
400,0.7997523563127232,0.9720031773298575,6,8.333333333333334,57,0.13464157552749056,0.004278177179467048,2.4790119732578946,1,1,0,0.1512899647089634,0.009111315162920573
401,0.8030919656907881,0.9716827491999193,6,8.333333333333334,58,0.12045075635854349,0.0042971842632034225,2.4769407247711768,1,0,0,0.1512899647089634,0.009111315162920573
402,0.8078864366406369,0.9713543650917003,6,8.333333333333334,58,0.10605867661376621,0.004360708413570435,2.4501379091852975,0,0,0,0.1512899647089634,0.009111315162920573
403,0.8147115036178524,0.9710180325078956,6,8.333333333333334,57,0.09654656775833219,0.004947655611485084,2.4073049680677783,0,1,0,0.1512899647089634,0.009111315162920573
404,0.8181608496478863,0.9706737591272124,6,8.333333333333334,58,0.08855828941626229,0.006037710989397793,2.4411677442093414,1,0,0,0.1512899647089634,0.009111315162920573
405,0.8191650038095851,0.9703215528040949,6,8.333333333333334,57,0.07963554727144884,0.00746289893132586,2.4143059062825576,0,1,0,0.1512899647089634,0.009111315162920573
406,0.8206704412124541,0.9749565417913514,5,10.0,56,0.2303424055959619,0.006508846914993914,2.488098876797343,1,2,1,0.1512899647089634,0.009111315162920573
407,0.8209976023749749,0.974703516143684,5,10.0,56,0.20270315297749494,0.005752501401554885,2.532041966866321,0,0,0,0.1512899647089634,0.009111315162920573
408,0.8251775288762941,0.9744424742490314,5,10.0,56,0.17838253395753423,0.005153491003347043,2.546844576684389,0,0,0,0.1512899647089634,0.009111315162920573
409,0.8295518548521295,0.974173421933481,5,10.0,57,0.1599349579159528,0.0046796179326129925,2.542322266981973,1,0,0,0.1512899647089634,0.009111315162920573
410,0.8256969421408631,0.9738963652014883,5,10.0,57,0.14073427861251442,0.004305211340969375,2.52871153634181,0,0,0,0.1512899647089634,0.009111315162920573
411,0.8205033602238099,0.9736113102356663,5,10.0,57,0.12383927194889019,0.004276937285800705,2.51700679005006,0,0,0,0.1512899647089634,0.009111315162920573
412,0.8213331307182434,0.9733182633965692,5,10.0,56,0.11305746427036362,0.004822939966755623,2.521861898722763,0,1,0,0.1512899647089634,0.009111315162920573
413,0.8206035980989248,0.9730172312224685,5,10.0,55,0.10257858531586397,0.0058545504496175646,2.5265677163099265,0,1,0,0.1512899647089634,0.009111315162920573
414,0.8235314452176451,0.9727082204291233,5,10.0,55,0.09319027633713013,0.007204849716978653,2.5241795896425843,1,1,0,0.1512899647089634,0.009111315162920573
415,0.8250530917744624,0.9723912379095432,5,10.0,54,0.08580902479792885,0.00867597056781496,2.4656844827589874,0,1,0,0.1512899647089634,0.009111315162920573
416,0.8291290424939913,0.9720662907337477,5,10.0,53,0.07941475775949108,0.010188921914129312,2.439798155565867,0,1,0,0.1512899647089634,0.009111315162920573
417,0.8280647442702593,0.9717333861485158,5,10.0,53,0.06988399982144537,0.011863280866387216,2.4020423755754967,0,0,0,0.1512899647089634,0.009111315162920573
418,0.8327657715095365,0.9713925315771315,5,10.0,52,0.06590139035244669,0.013534829047597811,2.3678748159734395,0,1,0,0.1512899647089634,0.009111315162920573
419,0.8333752599800064,0.9754209256846184,4,12.5,53,0.46671906097827487,0.01140002001863757,2.672031922908444,2,1,1,0.1512899647089634,0.009111315162920573
420,0.8381128370453631,0.9795400839029024,3,16.666666666666668,54,0.634883166771342,0.00950576792008617,2.803430264803914,1,0,1,0.1512899647089634,0.009111315162920573
421,0.840767633513897,0.9793770581756808,3,16.666666666666668,54,0.5586990340008728,0.007991703271524757,2.7013446939563557,0,0,0,0.1512899647089634,0.009111315162920573
422,0.8436555883934213,0.9792059557132576,4,12.5,53,0.48200761698658445,0.009065862521663666,2.621798525358825,0,1,0,0.1512899647089634,0.009111315162920573
423,0.8461934068633812,0.979553290465382,3,16.666666666666668,54,0.6369847662743824,0.007417907892033892,2.715386326139785,1,0,1,0.1512899647089634,0.009111315162920573
424,0.846543300902303,0.9793703260306326,3,16.666666666666668,54,0.5605489484650881,0.006103373728753919,2.64322596886042,0,0,0,0.1512899647089634,0.009111315162920573
425,0.848627949287772,0.9791792955237665,3,16.666666666666668,54,0.4932579319571973,0.005061391657996072,2.6271272090103435,0,0,0,0.1512899647089634,0.009111315162920573
426,0.8557573304663103,0.9789802025674431,3,16.666666666666668,54,0.43407720739633193,0.004230130251029104,2.569825661814818,0,0,0,0.1512899647089634,0.009111315162920573
427,0.8599340878894722,0.9787730509647554,3,16.666666666666668,55,0.3841110447485807,0.003567165576517393,2.5440011298819125,1,0,0,0.1512899647089634,0.009111315162920573
428,0.8515507204104271,0.9785578446991142,3,16.666666666666668,56,0.34120219901391663,0.0030385920629623785,2.5548721966829233,1,0,0,0.1512899647089634,0.009111315162920573
429,0.8487809858400673,0.9783345879341218,3,16.666666666666668,56,0.30028274324185295,0.0026173147978016792,2.526782803901042,0,0,0,0.1512899647089634,0.009111315162920573
430,0.8486403964258119,0.978103285013444,3,16.666666666666668,56,0.26424444025649185,0.0022842710976902856,2.5037565326208426,0,0,0,0.1512899647089634,0.009111315162920573
431,0.8514474455976763,0.9778639404606714,3,16.666666666666668,56,0.23253925686358354,0.0020188268901545647,2.4824309554683612,0,0,0,0.1512899647089634,0.009111315162920573
432,0.8600444918780955,0.9776165589791757,4,12.5,54,0.327583525450552,0.0018073430130530824,2.5147306662829894,0,2,0,0.1512899647089634,0.009111315162920573
433,0.859432706151255,0.9773611454519608,4,12.5,55,0.28857405447114787,0.0016389224454550421,2.4652798459421827,1,0,0,0.1512899647089634,0.009111315162920573
434,0.8583815331032667,0.9770977049415066,4,12.5,54,0.25497940143113457,0.0015048601624657585,2.423089200803301,0,1,0,0.1512899647089634,0.009111315162920573
435,0.8664742022116373,0.9768262426896048,4,12.5,53,0.2284751655409748,0.0014096110931944624,2.4011612692830497,0,1,0,0.1512899647089634,0.009111315162920573
436,0.8658529021608292,0.9765467641171905,4,12.5,53,0.20105996753102673,0.001983803979651009,2.414193107987465,0,0,0,0.1512899647089634,0.009111315162920573
437,0.8640412928324182,0.9762592748241662,4,12.5,53,0.17693364275855863,0.0031586776982099425,2.413828031256772,0,0,0,0.1512899647089634,0.009111315162920573
438,0.8695298011071232,0.9759637805892204,4,12.5,53,0.15570039569574784,0.00475791127605103,2.383671121618676,0,0,0,0.1512899647089634,0.009111315162920573
439,0.8684546587103735,0.9756602873696381,4,12.5,53,0.14281371334684448,0.006410146918778271,2.4118763911590277,1,1,0,0.1512899647089634,0.009111315162920573
440,0.870609067709529,0.9753488013011069,4,12.5,53,0.1256762515698858,0.008246407461873372,2.3995468733051224,0,0,0,0.1512899647089634,0.009111315162920573
441,0.873633660820819,0.9750293286975141,5,10.0,51,0.11606280492403372,0.01020032385267262,2.3692435247268135,0,2,0,0.1512899647089634,0.009111315162920573
442,0.8785974010801278,0.9747018760507412,5,10.0,51,0.10217600398250935,0.012218783429268323,2.3745099837188004,0,0,0,0.1512899647089634,0.009111315162920573
443,0.8785410054753295,0.9743664500304478,5,10.0,50,0.09908440434718806,0.013664627555085795,2.340353928605284,1,2,0,0.1512899647089634,0.009111315162920573
444,0.8796973615926934,0.9740230574838521,6,8.333333333333334,49,1.01893361346243,0.011128976158575478,2.837537632575187,0,1,0,0.1512899647089634,0.009111315162920573
445,0.8831627719194023,0.9829019055860059,5,10.0,51,0.16781839407979343,0.009091637346155078,2.3728241348211725,2,0,2,0.1512899647089634,0.009111315162920573
446,0.8864020698535819,0.982700848417382,5,10.0,51,0.1476811523819603,0.007462969630097084,2.3412085152091486,0,0,0,0.1512899647089634,0.009111315162920573
447,0.8892027084985392,0.9908334196810855,4,12.5,53,0.3363322924650272,0.006161397653564311,2.5327492433139955,2,0,1,0.1512899647089634,0.009111315162920573
448,0.8930732133665239,0.990683715884281,4,12.5,53,0.29597159530570716,0.005121363285871245,2.5052953580596586,0,0,0,0.1512899647089634,0.009111315162920573
449,0.8926243353396588,0.9905258893854381,4,12.5,54,0.2660889686803878,0.004290412561295409,2.530437681865408,2,1,0,0.1512899647089634,0.009111315162920573
450,0.8919147418720834,0.9903599430195964,4,12.5,54,0.23415750967902832,0.0036265998802128174,2.507582731300299,0,0,0,0.1512899647089634,0.009111315162920573
451,0.9008524184977088,0.9901858798027281,4,12.5,54,0.20605788115032556,0.0030963842270837656,2.4719508978098568,0,0,0,0.1512899647089634,0.009111315162920573
452,0.9016073942498369,0.9900037029316446,4,12.5,54,0.18133042189735082,0.0026729463978808687,2.423035379978157,0,0,0,0.1512899647089634,0.009111315162920573
453,0.9040131346999799,0.9898134157839001,4,12.5,54,0.15956998583068138,0.0023348430046975176,2.4244198366282186,0,0,0,0.1512899647089634,0.009111315162920573
454,0.9117665694039119,0.9896150219176867,5,10.0,54,0.5893646646345466,0.002064929875365941,2.7501271826280855,1,1,0,0.1512899647089634,0.009111315162920573
455,0.9187301133676108,0.989408525071725,5,10.0,56,0.520856817231055,0.0018495009455446493,2.7398953782241504,2,0,0,0.1512899647089634,0.009111315162920573
456,0.9262150958954752,0.9891939291651465,5,10.0,57,0.4601335996198629,0.001677599524043625,2.677116125686057,1,0,0,0.1512899647089634,0.009111315162920573
457,0.9295708103538768,0.98897123829737,5,10.0,57,0.40491686923846726,0.0015404674384376352,2.6092270959786843,0,0,0,0.1512899647089634,0.009111315162920573
458,0.9333076278686474,0.9887404567479722,5,10.0,57,0.35632615281817726,0.001431104468676031,2.5940034225176096,0,0,0,0.1512899647089634,0.009111315162920573
459,0.9392858991313874,0.9885015889765514,5,10.0,58,0.315209305957751,0.0013423815252179574,2.560281381694678,1,0,0,0.1512899647089634,0.009111315162920573
460,0.9445420492297067,0.9882546396225846,5,10.0,58,0.27738279323789206,0.001272006219978907,2.551796524532756,0,0,0,0.1512899647089634,0.009111315162920573
461,0.9443298386460581,0.9930668112540144,3,16.666666666666668,60,0.6528072963460971,0.001226955871704855,2.808709514250174,2,0,2,0.1512899647089634,0.009111315162920573
462,0.9398491922297789,0.9929318709535819,3,16.666666666666668,60,0.5744690983034446,0.0012140596973764615,2.775450311313953,0,0,0,0.1512899647089634,0.009111315162920573
463,0.9415874234523999,0.9927887947281976,3,16.666666666666668,60,0.5055314700461643,0.0012241126151971448,2.732395521276613,0,0,0,0.1512899647089634,0.009111315162920573
464,0.9418505175525784,0.9926375851593021,3,16.666666666666668,60,0.44486634859274693,0.0012500834474919937,2.6787272885923348,0,0,0,0.1512899647089634,0.009111315162920573
465,0.9433157601720066,0.992478245009393,3,16.666666666666668,60,0.3914810204541167,0.0012866401897870098,2.6457442218499847,0,0,0,0.1512899647089634,0.009111315162920573
466,0.9382721860336141,0.9923107772219386,3,16.666666666666668,59,0.3459588582403423,0.001329775019347035,2.5982170221273417,0,1,0,0.1512899647089634,0.009111315162920573
467,0.9428244964289191,0.9921351849212878,3,16.666666666666668,59,0.3044424064614569,0.00137650851975776,2.5881467242642264,0,0,0,0.1512899647089634,0.009111315162920573
468,0.9437283836440205,0.9919514714125723,3,16.666666666666668,59,0.2679340398489136,0.0014195136233149542,2.5173713841998624,0,0,0,0.1512899647089634,0.009111315162920573
469,0.9446324073242206,0.991759640181602,3,16.666666666666668,59,0.23578403490269642,0.001463312052855877,2.481428641159503,0,0,0,0.1512899647089634,0.009111315162920573
470,0.9463272507061327,0.9915596948947565,3,16.666666666666668,59,0.20749204317469064,0.0015066136692786078,2.4639638910682287,0,0,0,0.1512899647089634,0.009111315162920573
471,0.9420456356061722,0.9913516393988661,3,16.666666666666668,60,0.18415098785445294,0.0015485220842215383,2.506092091585232,1,0,0,0.1512899647089634,0.009111315162920573
472,0.9405560478251332,0.9911354777210892,3,16.666666666666668,60,0.1620550520374528,0.001588439612518929,2.4919341553768923,0,0,0,0.1512899647089634,0.009111315162920573
473,0.9430795199998819,0.9909112140687832,3,16.666666666666668,60,0.14261072222328894,0.0016259933489910314,2.463592276449789,0,0,0,0.1512899647089634,0.009111315162920573
474,0.9486686196201414,0.9906788528293667,3,16.666666666666668,59,0.12792771189898333,0.0016609776141252575,2.4027760094762516,0,1,0,0.1512899647089634,0.009111315162920573
475,0.9492026027064433,0.9904383985701797,3,16.666666666666668,59,0.11257864838003098,0.0016933087582449208,2.360561725780665,0,0,0,0.1512899647089634,0.009111315162920573
476,0.950550368812542,0.9901898560383309,3,16.666666666666668,58,0.10250357188494036,0.0017229914159428827,2.318263045695449,0,1,0,0.1512899647089634,0.009111315162920573
477,0.9487488327004641,0.9899332301605451,3,16.666666666666668,59,0.0934785094013858,0.0021417247771027027,2.3201577825641952,1,0,0,0.1512899647089634,0.009111315162920573
478,0.9495764199166021,0.9896685260430002,3,16.666666666666668,59,0.08226358076933923,0.0032340424474978408,2.3279111561541264,0,0,0,0.1512899647089634,0.009111315162920573
479,0.9507345785421444,0.9893957489711585,3,16.666666666666668,57,0.07932262107823677,0.0046432868996174985,2.286008328416334,0,2,0,0.1512899647089634,0.009111315162920573
480,0.9481061467638418,0.9891149044095934,3,16.666666666666668,58,0.07369486887487825,0.006224269744410946,2.321027988151971,1,0,0,0.1512899647089634,0.009111315162920573
481,0.947527378709231,0.9888259980018064,3,16.666666666666668,57,0.06516853468445866,0.007994155943958239,2.3102094209309585,0,1,0,0.1512899647089634,0.009111315162920573
482,0.9490844187885665,0.9885290355700418,3,16.666666666666668,57,0.05738235940856363,0.009877055941180109,2.3032606407353504,0,0,0,0.1512899647089634,0.009111315162920573
483,0.9532196659702113,0.9882240231150914,4,12.5,57,0.41148864507846744,0.008382919305094447,2.5030166058647394,1,1,0,0.1512899647089634,0.009111315162920573
484,0.9540038598032864,0.9904724316024981,3,16.666666666666668,57,0.0974526216089335,0.007288650112364432,2.3010641370786042,1,1,1,0.1512899647089634,0.009111315162920573
485,0.9528672763994934,0.9902470307000678,3,16.666666666666668,58,0.08935789617294601,0.007018205365961887,2.3015591607887007,1,0,0,0.1512899647089634,0.009111315162920573
486,0.952931143034227,0.9900135373328113,3,16.666666666666668,58,0.0786365128141275,0.007392046103803045,2.2761402250021767,0,0,0,0.1512899647089634,0.009111315162920573
487,0.9570755632279229,0.9897719560853494,3,16.666666666666668,57,0.07313764200773072,0.008131875552200381,2.2511013231899137,0,1,0,0.1512899647089634,0.009111315162920573
488,0.9594719942098695,0.9895222917220305,4,12.5,57,1.485083223037516,0.006897334220641182,3.084963987311466,1,1,0,0.1512899647089634,0.009111315162920573
489,0.9642598985885765,0.9892645491867736,4,12.5,56,1.3074878730802195,0.005910352160904966,2.923928263964849,0,1,0,0.1512899647089634,0.009111315162920573
490,0.9690047036836057,0.988998733602906,4,12.5,56,1.1505910148108174,0.00512133155482487,2.842931263974029,0,0,0,0.1512899647089634,0.009111315162920573
491,0.9689199891979586,0.9887248502729942,4,12.5,55,1.012971630158197,0.00449060331689052,2.7867154694105722,0,1,0,0.1512899647089634,0.009111315162920573
492,0.9710621423468284,0.9884429046786691,4,12.5,55,0.8922936764882844,0.003986440118086787,2.7170755743797113,1,1,0,0.1512899647089634,0.009111315162920573
493,0.972977008356589,0.9937423878662451,3,16.666666666666668,56,0.7865782008963658,0.0033860426674370563,2.6802214469028747,2,1,1,0.1512899647089634,0.009111315162920573
494,0.9706724659935339,0.9935206557670464,3,16.666666666666668,56,0.692188777981494,0.0029061045354239435,2.571519161562688,0,0,0,0.1512899647089634,0.009111315162920573
495,0.9760885486434178,0.9932908245721532,3,16.666666666666668,56,0.6091261263756818,0.0025224795737218086,2.5186300969057522,0,0,0,0.1512899647089634,0.009111315162920573
496,0.9752086476319242,0.9930528995221299,3,16.666666666666668,56,0.5360310510122216,0.002215855443360558,2.4724844464175906,0,0,0,0.1512899647089634,0.009111315162920573
497,0.9796792786210062,0.9928068860361465,3,16.666666666666668,59,0.47553345716925366,0.001970786151714943,2.4759694361592453,3,0,0,0.1512899647089634,0.009111315162920573
498,0.9830903315847599,0.9925527897117811,3,16.666666666666668,59,0.4184702859971726,0.0017749183121083065,2.4545691929915736,0,0,0,0.1512899647089634,0.009111315162920573
499,0.9870188192099105,0.9922906163248093,4,12.5,58,0.5539789440326117,0.001618372436561139,2.5460026324645195,0,1,0,0.1512899647089634,0.009111315162920573
500,0.9874155652542851,0.9920203718289923,4,12.5,58,0.48750185587661915,0.001493248275339388,2.4717125630596857,0,0,0,0.1512899647089634,0.009111315162920573
501,0.9874170227510894,0.9917420623558558,4,12.5,58,0.42900293067484907,0.0013932293331731429,2.4508103455551957,0,0,0,0.1512899647089634,0.009111315162920573
502,0.9872760819548341,0.9914556942144656,4,12.5,58,0.3775231602919137,0.0013132665669901844,2.4345703365378624,0,0,0,0.1512899647089634,0.009111315162920573
503,0.9837152294906787,0.991161273891192,4,12.5,58,0.3322210480335404,0.0012493252186537743,2.4703749590921604,0,0,0,0.1512899647089634,0.009111315162920573
504,0.9829601135681514,0.9958218850299749,3,16.666666666666668,59,1.3952873764414526,0.001197527985158043,3.1639541735688983,1,0,1,0.1512899647089634,0.009111315162920573
505,0.9852106131495905,0.9956173971112843,3,16.666666666666668,59,1.2278522409621047,0.0011564508730852333,3.046297655355283,0,0,0,0.1512899647089634,0.009111315162920573
506,0.9823540689096683,0.9954047862853526,4,12.5,58,0.7076901963067868,0.0011239075383215923,2.7458038508675866,0,1,0,0.1512899647089634,0.009111315162920573
507,0.9766965837343581,0.9951840573581874,4,12.5,58,0.622766733222932,0.0010981522817315801,2.725552339746396,0,0,0,0.1512899647089634,0.009111315162920573
508,0.9753841638489491,0.9949552153150459,4,12.5,59,0.5488961668288158,0.0010777898867283511,2.7367569249567674,1,0,0,0.1512899647089634,0.009111315162920573
509,0.9757195672742204,0.9947182653202519,4,12.5,58,0.4830427849433257,0.0010617014478211766,2.7083900896106035,0,1,0,0.1512899647089634,0.009111315162920573
510,0.9838197708653911,0.9944732127170063,4,12.5,57,0.4260589687221772,0.0010489796617867556,2.6530586952167625,0,1,0,0.1512899647089634,0.009111315162920573
511,0.9872778285759065,0.9942200630271945,5,10.0,56,0.4423737457108357,0.0010388708768458961,2.6414917329140932,0,1,0,0.1512899647089634,0.009111315162920573
512,0.9879107351903131,0.9939588219511827,5,10.0,55,0.3905536716389733,0.0010307571806585075,2.604882817099078,0,1,0,0.1512899647089634,0.009111315162920573
513,0.9937349632645777,0.9936894953676125,5,10.0,55,0.34368785824623393,0.0010241813125398775,2.5906256755345107,0,0,0,0.1512899647089634,0.009111315162920573
514,0.9948135987308513,0.9934120893331845,5,10.0,56,0.3028643881615692,0.0010188166986408865,2.62102835333702,1,0,0,0.1512899647089634,0.009111315162920573
515,1.0020938635167826,0.9931266100824396,5,10.0,56,0.26652152467002643,0.001014419114396973,2.5813952051320745,0,0,0,0.1512899647089634,0.009111315162920573
516,0.9969871830823697,0.9928330640275326,6,8.333333333333334,56,0.41267445709265027,0.0011025044268107116,2.656716392003134,1,1,0,0.1512899647089634,0.009111315162920573
517,0.9955529294803186,0.9925314577579978,6,8.333333333333334,54,0.36459445868521556,0.0011858733446300377,2.5865904635217873,0,2,0,0.1512899647089634,0.009111315162920573
518,0.9952555213597253,0.9922217980405116,6,8.333333333333334,55,0.32059636916334605,0.001260779622553428,2.5177331627310013,1,0,0,0.1512899647089634,0.009111315162920573
519,0.9950129583528569,0.9919040918186456,6,8.333333333333334,54,0.28435983060195014,0.0013312284042206698,2.4896474042859156,0,1,0,0.1512899647089634,0.009111315162920573
520,0.9990493054262864,0.9915783462126151,6,8.333333333333334,54,0.25023681946156784,0.0013968482581664093,2.4824157211204994,0,0,0,0.1512899647089634,0.009111315162920573
521,0.9996799975670235,0.9912445685190233,6,8.333333333333334,54,0.22020907325263028,0.0014574805216251436,2.446330666034247,0,0,0,0.1512899647089634,0.009111315162920573
522,1.0033389632811076,0.9909027662105937,6,8.333333333333334,53,0.19616956677203373,0.0015131535816196215,2.410855656625222,0,1,0,0.1512899647089634,0.009111315162920573
523,1.0027194489688596,0.9956694308752292,5,10.0,54,1.2241626090274533,0.0014077440421380427,3.0823630028379734,1,0,1,0.1512899647089634,0.009111315162920573
524,1.0025344803199625,0.9954309318119933,5,10.0,53,1.0776564775000335,0.001323725888631261,2.956992964566146,0,1,0,0.1512899647089634,0.009111315162920573
525,1.005616354158149,0.9951843255447702,5,10.0,52,0.9488293104502091,0.001256783845252655,2.85809689481972,0,1,0,0.1512899647089634,0.009111315162920573
526,1.0102082828224939,0.9949296175987137,5,10.0,54,0.8351922482878456,0.0012034701311586702,2.8207148303849032,2,0,0,0.1512899647089634,0.009111315162920573
527,1.0128689996069142,0.9946668136775924,5,10.0,54,0.7349693268888156,0.001161030428727781,2.6936812071924363,0,0,0,0.1512899647089634,0.009111315162920573
528,1.0167558983200902,0.9943959196635844,5,10.0,53,0.6481609783482775,0.0011272647220694479,2.619921295303327,0,1,0,0.1512899647089634,0.009111315162920573
529,1.0172809460822063,0.9941169416170669,6,8.333333333333334,52,0.5581649803090731,0.0011004160240930582,2.5601675194062143,0,1,0,0.1512899647089634,0.009111315162920573
530,1.017388907549538,0.9938298857763991,6,8.333333333333334,52,0.49118529460768295,0.001079081407673472,2.5016625751801875,0,0,0,0.1512899647089634,0.009111315162920573
531,1.0148725968672971,0.9935347585576979,6,8.333333333333334,51,0.4335375467165472,0.0010621408741526399,2.4298360768416116,0,1,0,0.1512899647089634,0.009111315162920573
532,1.0165351598930648,0.9932315665546094,6,8.333333333333334,52,0.3804303065351974,0.001048700486481809,2.468543345529881,1,0,0,0.1512899647089634,0.009111315162920573
533,1.013831599916614,0.9929203165380711,7,7.142857142857143,51,0.34088995702693936,0.0010380469094753112,2.4392478454227358,0,1,0,0.1512899647089634,0.009111315162920573
534,1.0142689295105844,0.9926010154560716,7,7.142857142857143,51,0.29998331198197054,0.0010296110717048354,2.3805253905941113,0,0,0,0.1512899647089634,0.009111315162920573
535,1.0115434284344946,0.9922736704333998,7,7.142857142857143,51,0.26398550607222754,0.0010232469440664466,2.3892928561970335,0,0,0,0.1512899647089634,0.009111315162920573
536,1.01003509033947,0.9919382887713918,8,6.25,50,0.2731405178870662,0.0035463340946738802,2.3740604751475125,0,1,0,0.1512899647089634,0.009111315162920573
537,1.0114399945861807,0.9915948779476689,8,6.25,50,0.2403639027617192,0.006077426350402625,2.3368504649684865,0,0,0,0.1512899647089634,0.009111315162920573
538,1.009150563642987,0.9912434456158702,8,6.25,50,0.21152043841496745,0.008556284734081364,2.3503863555325712,0,0,0,0.1512899647089634,0.009111315162920573
539,1.0044281184246282,0.9908839996053792,8,6.25,50,0.1861387215527937,0.010959902530130959,2.3502888022943695,0,0,0,0.1512899647089634,0.009111315162920573
540,0.9976550102728926,0.9905165479210445,8,6.25,50,0.1638028040054873,0.013266002240977657,2.4002358594253126,0,0,0,0.1512899647089634,0.009111315162920573
541,0.9923020521939219,0.9901410987428924,8,6.25,50,0.14414750966127002,0.01545890471793176,2.3879541385632774,0,0,0,0.1512899647089634,0.009111315162920573
542,0.9865302061813108,0.9897576604258361,8,6.25,50,0.12685836728192265,0.017517983634556485,2.34646424494404,0,0,0,0.1512899647089634,0.009111315162920573
543,0.9896277352199965,0.9893662414993769,8,6.25,51,0.11611677991218816,0.019137703262760115,2.3651819863784778,1,0,0,0.1512899647089634,0.009111315162920573
544,0.9834521893406629,0.9889668506673002,8,6.25,52,0.10678243273960998,0.02035672428394381,2.3754533984671395,1,0,0,0.1512899647089634,0.009111315162920573
545,0.9823567946029479,0.9885594968073629,9,5.555555555555555,51,0.6049531317076169,0.016628359754559494,2.6227598331421,0,1,0,0.1512899647089634,0.009111315162920573
546,0.9791675032744759,0.9934775275006636,8,6.25,52,0.47732804314781646,0.014608694338712515,2.585987791476837,1,0,1,0.1512899647089634,0.009111315162920573
547,0.9811540133886747,0.9931717048882435,8,6.25,53,0.4211304067255594,0.013100230772937706,2.565871468226446,1,0,0,0.1512899647089634,0.009111315162920573
548,0.9775663962881623,0.9928578215967158,8,6.25,53,0.3705947903719034,0.011987884867170492,2.5400017923664753,0,0,0,0.1512899647089634,0.009111315162920573
549,0.9766640895251002,0.9925358844571163,8,6.25,54,0.32976549357520163,0.011064536772450666,2.556842984752621,1,0,0,0.1512899647089634,0.009111315162920573
550,0.9765579443053265,0.992205900477778,8,6.25,55,0.29342802880084845,0.010223488209984668,2.571794583736134,1,0,0,0.1512899647089634,0.009111315162920573
551,0.9739678311977523,0.9918678768440927,9,5.555555555555555,53,0.4425186568362502,0.00875296375296204,2.617564518943469,0,2,0,0.1512899647089634,0.009111315162920573
552,0.9727154281212295,0.9915218209182644,9,5.555555555555555,54,0.3883713771797479,0.007615497040910354,2.6183128199391374,1,0,0,0.1512899647089634,0.009111315162920573
553,0.9758998403401256,0.9911677402390544,9,5.555555555555555,54,0.3417668387149695,0.006751947244065435,2.553527598452449,0,0,0,0.1512899647089634,0.009111315162920573
554,0.9702405819543715,0.9908056425215231,9,5.555555555555555,54,0.3007554053830773,0.0061019234565239215,2.5228038646474467,0,0,0,0.1512899647089634,0.009111315162920573
555,0.967300774307928,0.9904355356567635,9,5.555555555555555,55,0.26708143823477654,0.005617855689762193,2.5410118290040664,1,0,0,0.1512899647089634,0.009111315162920573
556,0.9641816893994691,0.9900574277116306,10,5.0,54,0.4161542818459181,0.005262238143898847,2.622264793654951,0,1,0,0.1512899647089634,0.009111315162920573
557,0.9625240102878194,0.9896713269284615,10,5.0,54,0.3662158315540898,0.005005583862170338,2.620158667343004,0,0,0,0.1512899647089634,0.009111315162920573
558,0.9595444106547768,0.9892772417247923,10,5.0,54,0.3222699999157134,0.004824758829239594,2.5906838762573408,0,0,0,0.1512899647089634,0.009111315162920573
559,0.9556656660561968,0.9939572444206624,9,5.555555555555555,55,0.5102520832254078,0.004701690961650623,2.6616426571661793,1,0,1,0.1512899647089634,0.009111315162920573
560,0.9547107779722884,0.9936726461500544,9,5.555555555555555,56,0.4508029703937932,0.004622209137722686,2.6321003376594767,1,0,0,0.1512899647089634,0.009111315162920573
561,0.9553579959841144,0.9933799777935635,9,5.555555555555555,56,0.39670663618188556,0.004575323584780402,2.629237898276532,0,0,0,0.1512899647089634,0.009111315162920573
562,0.9548600983233153,0.9930792457638138,9,5.555555555555555,55,0.3507763284202781,0.004552516348550784,2.5803762344777175,0,1,0,0.1512899647089634,0.009111315162920573
563,0.9603002253234065,0.9927704566511271,9,5.555555555555555,56,0.30891659244752884,0.0045472065718371,2.57778278353768,1,0,0,0.1512899647089634,0.009111315162920573
564,0.9625553833645694,0.9924536172232978,9,5.555555555555555,56,0.27184662271154236,0.004554341238723093,2.5534325946787977,0,0,0,0.1512899647089634,0.009111315162920573
565,0.9614567587938057,0.9921287344253588,9,5.555555555555555,55,0.24148067333317452,0.004571870924459744,2.482131869788809,0,1,0,0.1512899647089634,0.009111315162920573
566,0.9581160378989163,0.9917958153793442,9,5.555555555555555,55,0.21250311617181883,0.004618484992932497,2.4789344690447694,0,0,0,0.1512899647089634,0.009111315162920573
567,0.9619517126349548,0.9914548673840424,9,5.555555555555555,54,0.18929831149268153,0.004684453477497042,2.428153436401868,0,1,0,0.1512899647089634,0.009111315162920573
568,0.9635662560059113,0.991105897914746,9,5.555555555555555,55,0.1695789517885175,0.004762461635618352,2.407178208202805,1,0,0,0.1512899647089634,0.009111315162920573
569,0.961997128225133,0.9907489146229933,9,5.555555555555555,55,0.14923030229800724,0.004847029725378975,2.4251113092260748,0,0,0,0.1512899647089634,0.009111315162920573
570,0.9581988890338021,0.9903839253363057,9,5.555555555555555,55,0.1313229495605538,0.005067407096144996,2.4129736156217856,0,0,0,0.1512899647089634,0.009111315162920573
571,0.952558539830695,0.9900109380579152,9,5.555555555555555,55,0.11556452411408377,0.005745435817130589,2.38647359888254,0,0,0,0.1512899647089634,0.009111315162920573
572,0.9535443310089528,0.9896299609664904,9,5.555555555555555,54,0.10338350504467472,0.006928234528406395,2.3748812663373724,0,1,0,0.1512899647089634,0.009111315162920573
573,0.9468578802567429,0.9892410024158514,9,5.555555555555555,54,0.0909778501785933,0.008495369928398465,2.3662250825900815,0,0,0,0.1512899647089634,0.009111315162920573
574,0.9459762390921922,0.9888440709346845,10,5.0,53,0.21076237821604338,0.008072979606132508,2.43368620629182,0,1,0,0.1512899647089634,0.009111315162920573
575,0.9474035604742845,0.988439175226244,10,5.0,52,0.18797896728274402,0.007749850614028437,2.367208964891292,0,1,0,0.1512899647089634,0.009111315162920573
576,0.9456916558685119,0.9880263241680516,10,5.0,51,0.16854942819380134,0.00750435429600089,2.302445845307515,0,1,0,0.1512899647089634,0.009111315162920573
577,0.9448529031944862,0.9923397273517178,9,5.555555555555555,52,0.248858120724494,0.007143751627215458,2.4053020137281225,1,0,1,0.1512899647089634,0.009111315162920573
578,0.9400088985093598,0.9920236490482793,9,5.555555555555555,52,0.21899988099396456,0.006861524047254559,2.3373902845664483,0,0,0,0.1512899647089634,0.009111315162920573
579,0.9394519741133766,0.9916995276070845,9,5.555555555555555,52,0.19272031603565876,0.007097098674210367,2.3361249565989475,0,0,0,0.1512899647089634,0.009111315162920573
580,0.9369673804564127,0.9913673699075367,9,5.555555555555555,51,0.1733200628748681,0.007887972939561226,2.287861612958085,0,1,0,0.1512899647089634,0.009111315162920573
581,0.9414546433365504,0.9910271830062543,10,5.0,50,1.2014581379598923,0.007471471904955666,2.8677770642008085,0,1,0,0.1512899647089634,0.009111315162920573
582,0.9434840183071768,0.9906789741368347,10,5.0,50,1.0572836683952662,0.007142842980003663,2.7635468371058147,0,0,0,0.1512899647089634,0.009111315162920573
583,0.94421049996484,0.990322750709614,11,4.545454545454546,49,1.2375426975064086,0.006883956774497997,2.8349080955553365,0,1,0,0.1512899647089634,0.009111315162920573
584,0.9419113168532078,0.9899585203114215,12,4.166666666666667,47,1.2383247431852207,0.006680375743039748,2.7947817036997504,0,2,0,0.1512899647089634,0.009111315162920573
585,0.9431475821156713,0.9895862907053247,12,4.166666666666667,46,1.0901137503318188,0.006520607861183747,2.7159083935405555,0,1,0,0.1512899647089634,0.009111315162920573
586,0.9392694535659402,0.9892060698303698,12,4.166666666666667,46,0.9593007368583105,0.006395510516209718,2.6509605496210837,0,0,0,0.1512899647089634,0.009111315162920573
587,0.9447643101835165,0.9888178658013168,12,4.166666666666667,46,0.8441853305905623,0.00629781445267073,2.596046278983911,0,0,0,0.1512899647089634,0.009111315162920573
588,0.9422902401292187,0.9884216869083671,12,4.166666666666667,47,0.7433616567828756,0.006221743658960543,2.574668304541906,1,0,0,0.1512899647089634,0.009111315162920573
589,0.9380186387154827,0.9917737623333611,11,4.545454545454546,47,0.7458720258597864,0.006162025500027809,2.611511698370007,1,1,1,0.1512899647089634,0.009111315162920573
590,0.937054656342858,0.991463268051032,11,4.545454545454546,47,0.6563599762824062,0.006117583698917175,2.491307347910045,0,0,0,0.1512899647089634,0.009111315162920573
591,0.9328320999219928,0.9911447330200442,11,4.545454545454546,47,0.5775970807308066,0.006083415260626619,2.410176770043935,0,0,0,0.1512899647089634,0.009111315162920573
592,0.9406886645571754,0.9908181638145984,11,4.545454545454546,46,0.5094720844732308,0.006064585270752603,2.332397141888027,0,1,0,0.1512899647089634,0.009111315162920573
593,0.9405498006468522,0.9904835671864335,11,4.545454545454546,46,0.4483359957622642,0.0060736637637864785,2.310037015860425,0,0,0,0.1512899647089634,0.009111315162920573
594,0.9376717203378016,0.9901409500646111,12,4.166666666666667,44,1.2451281939089376,0.006102144622039994,2.7478534801476626,0,2,0,0.1512899647089634,0.009111315162920573
595,0.9357099363147572,0.9897903195552903,12,4.166666666666667,43,1.095880019400209,0.006142861474907259,2.63661043449185,0,1,0,0.1512899647089634,0.009111315162920573
596,0.9324185771353427,0.9894316829414962,12,4.166666666666667,44,0.9641127178160923,0.006191849105327347,2.595779447828449,1,0,0,0.1512899647089634,0.009111315162920573
597,0.9288173489409647,0.9890650476828845,13,3.8461538461538463,43,0.9925241047794604,0.006244926460045403,2.5749983257217717,0,1,0,0.1512899647089634,0.009111315162920573
598,0.9270725994213359,0.9914710229751239,13,3.8461538461538463,43,0.8789949215814619,0.006100977466612498,2.5095098500894486,1,1,1,0.1512899647089634,0.009111315162920573
599,0.9269166720044395,0.9911593392743706,13,3.8461538461538463,43,0.7735163728979085,0.005997048706150605,2.411194496594174,0,0,0,0.1512899647089634,0.009111315162920573
600,0.9274064111882148,0.9908396172898324,13,3.8461538461538463,42,0.6810381001636874,0.0059237542919451215,2.3339363647397837,0,1,0,0.1512899647089634,0.009111315162920573
601,0.9223219864432539,0.9927708547008071,12,4.166666666666667,44,0.72899475747169,0.005874620842923217,2.409381982964193,2,0,1,0.1512899647089634,0.009111315162920573
602,0.9242177910817468,0.9924988196043475,12,4.166666666666667,44,0.6415295031807936,0.005840214443161213,2.3859065482693604,0,0,0,0.1512899647089634,0.009111315162920573
603,0.9217180166446585,0.9922187362265328,12,4.166666666666667,44,0.5645471116279952,0.005819594709391554,2.35346990174746,0,0,0,0.1512899647089634,0.009111315162920573
604,0.9255171215041642,0.9919306108420982,13,3.8461538461538463,43,0.43621589980152126,0.005808946863705558,2.25528576595891,0,1,0,0.1512899647089634,0.009111315162920573
605,0.9230493090215279,0.9928173128770361,12,4.166666666666667,44,0.456739987951726,0.005805494923207789,2.2902111623295336,1,0,1,0.1512899647089634,0.009111315162920573
606,0.9237004329765054,0.9925623718904082,12,4.166666666666667,44,0.4019305543770387,0.005807860639586732,2.2552837097950964,0,0,0,0.1512899647089634,0.009111315162920573
607,0.9250052514416018,0.9922993920434198,13,3.8461538461538463,43,0.34528557985624786,0.005814259662014901,2.136265380790404,0,1,0,0.1512899647089634,0.009111315162920573
608,0.9330270738590799,0.9943987568016832,11,4.545454545454546,46,1.0372060144009405,0.005823389403306856,2.6071441332980556,3,0,2,0.1512899647089634,0.009111315162920573
609,0.9332318605117202,0.9942225174844018,11,4.545454545454546,45,0.9131940618349589,0.005834136625897021,2.462031830594094,0,1,0,0.1512899647089634,0.009111315162920573
610,0.9281793387993553,0.9948411533365168,10,5.0,47,0.9941406524355627,0.005843217208779505,2.556570936581176,2,0,1,0.1512899647089634,0.009111315162920573
611,0.9259323826346715,0.9946841139056529,10,5.0,47,0.8748450123350708,0.005853129581287132,2.449471916240922,0,0,0,0.1512899647089634,0.009111315162920573
612,0.9290321374678797,0.9945189571016962,10,5.0,47,0.7698648779562682,0.005863379390601981,2.35184260840367,0,0,0,0.1512899647089634,0.009111315162920573
613,0.9364244603283722,0.9943456861344608,10,5.0,47,0.6774824115726098,0.005873611376763542,2.3264322081659983,0,0,0,0.1512899647089634,0.009111315162920573
614,0.9435087595639072,0.9941643043937894,10,5.0,47,0.5961858970416496,0.005883576558606488,2.2921686091418136,0,0,0,0.1512899647089634,0.009111315162920573
615,0.9392232892220259,0.9947185974659701,9,5.555555555555555,48,0.7180988952558301,0.005892496071404563,2.420702140341116,1,0,1,0.1512899647089634,0.009111315162920573
616,0.9397882599740355,0.9945600092411744,9,5.555555555555555,49,0.6325604450716825,0.005901082639801819,2.3764183694337233,1,0,0,0.1512899647089634,0.009111315162920573
617,0.9405680989813149,0.9943933076326948,9,5.555555555555555,49,0.556654596671336,0.005909223442157421,2.313154334795837,0,0,0,0.1512899647089634,0.009111315162920573
618,0.9414325364558589,0.9942184958405379,9,5.555555555555555,48,0.4903405374805667,0.005916849775239101,2.2525755050831164,0,1,0,0.1512899647089634,0.009111315162920573
619,0.9428858574425735,0.9940355772447312,9,5.555555555555555,48,0.4315011290065345,0.005923925633652484,2.247679064350003,0,0,0,0.1512899647089634,0.009111315162920573
620,0.938033819063113,0.9938445554052138,10,5.0,47,0.3452241002120619,0.005943607015722825,2.175218250336799,0,1,0,0.1512899647089634,0.009111315162920573
621,0.9392530169753813,0.9943388387711612,9,5.555555555555555,48,0.35772824716436114,0.006005408735563661,2.205699790955788,1,0,1,0.1512899647089634,0.009111315162920573
622,0.9389178424542952,0.9962250602764746,8,6.25,49,0.5163978127115297,0.0058977062281698215,2.3396358196197964,1,0,1,0.1512899647089634,0.009111315162920573
623,0.9404107933734616,0.9960958741601886,8,6.25,49,0.4544713808708583,0.005840100526133223,2.332530677517174,0,0,0,0.1512899647089634,0.009111315162920573
624,0.9422235132631667,0.9959585434048804,9,5.555555555555555,48,0.39095687037464477,0.005827064765863164,2.2414600089707815,0,1,0,0.1512899647089634,0.009111315162920573
625,0.9407158757032353,0.9958130705213478,9,5.555555555555555,48,0.3440453259365379,0.005845382607116015,2.2115916106214186,0,0,0,0.1512899647089634,0.009111315162920573
626,0.9397984136924056,0.9956594582012107,9,5.555555555555555,48,0.3027673771946073,0.005884503972278871,2.185533737611386,0,0,0,0.1512899647089634,0.009111315162920573
627,0.9459322226754656,0.9954977093168307,9,5.555555555555555,47,0.2683715347343451,0.005938427195834314,2.1444279043115735,0,1,0,0.1512899647089634,0.009111315162920573
628,0.9475101399230924,0.9953278269212198,9,5.555555555555555,47,0.23616896044183844,0.006001467178518615,2.091755113868328,0,0,0,0.1512899647089634,0.009111315162920573
629,0.9443546918789707,0.9951498142479459,9,5.555555555555555,48,0.20956687127859852,0.00606940219261715,2.0832804259695776,1,0,0,0.1512899647089634,0.009111315162920573
630,0.9462452041746701,0.99496367471103,9,5.555555555555555,48,0.1844209632665616,0.006139142017119043,2.050807805361751,0,0,0,0.1512899647089634,0.009111315162920573
631,0.9448116898114052,0.9947694119048374,9,5.555555555555555,47,0.16533835429297702,0.006208249361566093,2.0188194331271467,0,1,0,0.1512899647089634,0.009111315162920573
632,0.9457573775037811,0.9945670296039629,9,5.555555555555555,47,0.14549650331837116,0.0062761569720618535,2.0215102174045434,0,0,0,0.1512899647089634,0.009111315162920573
633,0.9439915153455152,0.99435653176311,9,5.555555555555555,47,0.12803866767771274,0.006793424025119551,2.041982437166768,0,0,0,0.1512899647089634,0.009111315162920573
634,0.9390000880143765,0.994137922516961,9,5.555555555555555,47,0.11267460613443832,0.007689882858904311,2.0159741911007685,0,0,0,0.1512899647089634,0.009111315162920573
635,0.9401447304606273,0.9939112061800457,9,5.555555555555555,47,0.09915573978965514,0.008851524655569492,1.991270514438872,0,0,0,0.1512899647089634,0.009111315162920573
636,0.936775832765721,0.9936763872465982,9,5.555555555555555,45,0.09448799905268497,0.010039231042662588,1.9490256023554204,0,2,0,0.1512899647089634,0.009111315162920573
637,0.9366026763025518,0.9934334703904124,9,5.555555555555555,44,0.08691686416144191,0.011173809901844998,1.9233997206897222,0,1,0,0.1512899647089634,0.009111315162920573
638,0.9336320331430231,0.9931824604646864,10,5.0,43,0.19948774272775957,0.010588236813892437,1.921629847281299,0,1,0,0.1512899647089634,0.009111315162920573
639,0.9343699142665678,0.9929233625018627,10,5.0,43,0.17557158075037105,0.010229405557300142,1.8892958496837047,0,0,0,0.1512899647089634,0.009111315162920573
640,0.9315395781185768,0.9926561817134653,10,5.0,43,0.15450542216880386,0.010042800610622103,1.8431679292263938,0,0,0,0.1512899647089634,0.009111315162920573
641,0.935672817130676,0.9923809234899231,10,5.0,42,0.1394525232237595,0.009979305426832043,1.8295200208780895,0,1,0,0.1512899647089634,0.009111315162920573
642,0.9329714807916833,0.9920975934003944,10,5.0,42,0.12271850434265576,0.010063611108440007,1.818017482813469,0,0,0,0.1512899647089634,0.009111315162920573
643,0.9364191266932715,0.9918061971925798,10,5.0,42,0.10799036102634925,0.010308144698064757,1.824084001771716,0,0,0,0.1512899647089634,0.009111315162920573
644,0.9355354430257884,0.9919230372066136,9,5.555555555555555,43,0.10179089588209368,0.010639000519665607,1.8120418763961859,1,0,1,0.1512899647089634,0.009111315162920573
645,0.9386167232044008,0.9916186923140093,10,5.0,43,0.27171056172918306,0.009493311864834344,1.9497518411877073,1,1,0,0.1512899647089634,0.009111315162920573
646,0.9425509113353825,0.9913062969157636,10,5.0,43,0.23910914466129676,0.008578145004229924,1.9280096149094264,0,0,0,0.1512899647089634,0.009111315162920573
647,0.9383616827889828,0.9909858574536112,10,5.0,43,0.21041793957433563,0.007847620389768063,1.8931588598290872,0,0,0,0.1512899647089634,0.009111315162920573
648,0.9416945776121811,0.9906573805468133,10,5.0,43,0.18516876393567602,0.007285222334825584,1.8767823304247702,0,0,0,0.1512899647089634,0.009111315162920573
649,0.940309684320173,0.9903208729919325,10,5.0,43,0.16294953556229785,0.006858253890449002,1.862530525384902,0,0,0,0.1512899647089634,0.009111315162920573
650,0.9392117434967387,0.9899763417626045,10,5.0,43,0.14339668972722136,0.006548170177216817,1.8661086168719756,0,0,0,0.1512899647089634,0.009111315162920573
651,0.9390531933824354,0.9896237940093024,10,5.0,43,0.1261902521426639,0.006341586790255114,1.8552671035623305,0,0,0,0.1512899647089634,0.009111315162920573
652,0.9414984363303891,0.9892632370590946,10,5.0,43,0.11104881745338176,0.00624815931403398,1.8457940046795782,0,0,0,0.1512899647089634,0.009111315162920573
653,0.9428149060674332,0.9888946784153968,11,4.545454545454546,42,0.46087881933505626,0.005991436832503226,2.019900827256696,0,1,0,0.1512899647089634,0.009111315162920573
654,0.9473462550109772,0.9885181257577168,11,4.545454545454546,42,0.40557255596793423,0.005808969625105051,1.9698736853225072,0,0,0,0.1512899647089634,0.009111315162920573
655,0.9533161294213472,0.988133586941396,11,4.545454545454546,42,0.3569092284920305,0.005708030509829922,1.9560431509015281,0,0,0,0.1512899647089634,0.009111315162920573
656,0.9604930515322398,0.9877410699973405,11,4.545454545454546,42,0.3140808461697436,0.005667845084791411,1.961871718056579,0,0,0,0.1512899647089634,0.009111315162920573
657,0.9534704675090124,0.9873405831317501,11,4.545454545454546,42,0.27639248320150395,0.005671270192861797,1.938902897686952,0,0,0,0.1512899647089634,0.009111315162920573
658,0.9550258827324686,0.986932134725837,11,4.545454545454546,42,0.24323053961402546,0.005704656588174166,1.9027388795929525,0,0,0,0.1512899647089634,0.009111315162920573
659,0.9511914124356717,0.9865157333355424,11,4.545454545454546,41,0.21552199943536268,0.005758943420228861,1.8824136165296204,0,1,0,0.1512899647089634,0.009111315162920573
660,0.9532388060353005,0.9860913876912448,12,4.166666666666667,40,1.2300875658303878,0.005834715983780241,2.4868778521495347,0,1,0,0.1512899647089634,0.009111315162920573
661,0.9536939645389892,0.9856591066974617,12,4.166666666666667,40,1.0824764437385515,0.005940151573315908,2.4131048507316075,0,0,0,0.1512899647089634,0.009111315162920573
662,0.9507403637073252,0.9852188994325466,12,4.166666666666667,41,0.9526774639280312,0.0060635879702086795,2.3588207167231756,1,0,0,0.1512899647089634,0.009111315162920573
663,0.953318599578465,0.9847707751483792,13,3.8461538461538463,39,0.8438548028770287,0.006195408611889714,2.237223560500985,0,2,0,0.1512899647089634,0.009111315162920573
664,0.954098017110622,0.9843147432700485,13,3.8461538461538463,39,0.7425931956952109,0.006331326533427078,2.2222389264982025,0,0,0,0.1512899647089634,0.009111315162920573
665,0.9593271471943643,0.988680242325119,12,4.166666666666667,40,0.6540234492102548,0.006266435077240834,2.23992632633696,1,0,1,0.1512899647089634,0.009111315162920573
666,0.9518065183243187,0.9882980988625489,12,4.166666666666667,39,0.5756167588737042,0.006238229551310199,2.1875042479323277,0,1,0,0.1512899647089634,0.009111315162920573
667,0.9499085530977951,0.9879080058291315,15,3.3333333333333335,35,1.704618074116,0.0059084638475112895,2.7848714889256794,0,4,0,0.1512899647089634,0.009111315162920573
668,0.9477778998258277,0.9879317329325545,14,3.5714285714285716,36,1.4955347031718071,0.005828767833464852,2.695896305245144,1,0,1,0.1512899647089634,0.009111315162920573
669,0.9529280232685242,0.9875289259291591,15,3.3333333333333335,35,1.4074271683989346,0.00579943562248074,2.6038879135459054,0,1,0,0.1512899647089634,0.009111315162920573
670,0.9519570936257566,0.9883129225506754,15,3.3333333333333335,36,1.296246658009376,0.005604165767371615,2.531321704185534,2,1,1,0.1512899647089634,0.009111315162920573
671,0.9436937043726213,0.9879335959362568,15,3.3333333333333335,36,1.1407031131781724,0.005475000124922146,2.434852149941835,0,0,0,0.1512899647089634,0.009111315162920573
672,0.9463113656080915,0.9876322534971742,15,3.3333333333333335,36,1.093202465272227,0.005200896072551063,2.4249941906895347,1,1,1,0.1512899647089634,0.009111315162920573
673,0.9490960331954577,0.988672457066583,14,3.5714285714285716,37,0.850132957916529,0.005028369048581343,2.299384308394566,1,0,1,0.1512899647089634,0.009111315162920573
674,0.9482865688970867,0.9883159482505913,16,3.125,35,1.0315368057822623,0.004935131443364651,2.3826504837028444,0,2,0,0.1512899647089634,0.009111315162920573
675,0.9502682291441932,0.9879515180429929,16,3.125,35,0.9077517545496748,0.004919175418289348,2.31994735290492,0,0,0,0.1512899647089634,0.009111315162920573
676,0.9490672228378948,0.9875791753263213,16,3.125,35,0.7988209099641835,0.0049580083514132265,2.2537647711098465,0,0,0,0.1512899647089634,0.009111315162920573
677,0.9480670386705964,0.9871989291537021,16,3.125,35,0.7029617722776221,0.00503447968113881,2.194381232215075,0,0,0,0.1512899647089634,0.009111315162920573
678,0.9479042988493268,0.9868107887484971,16,3.125,35,0.6186051685002377,0.005135725743568188,2.1683662277365197,0,0,0,0.1512899647089634,0.009111315162920573
679,0.9480072213877473,0.986414763503941,17,2.9411764705882355,34,0.7086823652084155,0.005272039957068181,2.221611764102332,0,1,0,0.1512899647089634,0.009111315162920573
680,0.9501946622798555,0.9881049437484845,16,3.125,35,0.5616234826007444,0.005450295204515209,2.1445258482934086,1,0,1,0.1512899647089634,0.009111315162920573
681,0.950302016185979,0.9877299315977356,16,3.125,35,0.49422907409331684,0.005681043739033477,2.0709512635057115,0,0,0,0.1512899647089634,0.009111315162920573
682,0.9552986664416797,0.9873469624233494,16,3.125,35,0.43491805517636345,0.0059827998120183445,2.071511197393109,0,0,0,0.1512899647089634,0.009111315162920573
683,0.9560818115845805,0.9869560446574157,17,2.9411764705882355,34,0.6363153095226812,0.0061415959159924075,2.1524594589290773,0,1,0,0.1512899647089634,0.009111315162920573
684,0.9550652557145451,0.9880927959279652,16,3.125,35,0.5582886684574244,0.006321862343581194,2.140975905986056,1,0,1,0.1512899647089634,0.009111315162920573
685,0.9581475098540624,0.9877339328652298,17,2.9411764705882355,34,0.5245515065807013,0.006512385305331483,2.079482932632122,0,1,0,0.1512899647089634,0.009111315162920573
686,0.9560202193953549,0.9873670910037732,17,2.9411764705882355,34,0.46160574763436507,0.006706136471657658,2.0687774700933947,0,0,0,0.1512899647089634,0.009111315162920573
687,0.9537354774583636,0.9888524004242529,16,3.125,35,0.41209257551366457,0.006527407222676958,2.0758660614427806,1,0,1,0.1512899647089634,0.009111315162920573
688,0.9534821577609432,0.9884956830238866,17,2.9411764705882355,34,0.48371789472504284,0.006412916177560097,2.126688623935962,0,1,0,0.1512899647089634,0.009111315162920573
689,0.9496717049317225,0.9881309839217833,17,2.9411764705882355,34,0.4256775859989885,0.006345298870991351,2.1357499669250952,0,0,0,0.1512899647089634,0.009111315162920573
690,0.9493737568239041,0.988029907679749,16,3.125,35,0.366097516407824,0.006354025355595405,2.105416071338971,1,0,1,0.1512899647089634,0.009111315162920573
691,0.9592986274883117,0.987655628683338,16,3.125,35,0.3221700949600104,0.006422823420235917,2.028120228096714,0,0,0,0.1512899647089634,0.009111315162920573
692,0.9556314601297295,0.9872733899816231,16,3.125,35,0.2835206491819792,0.006530920345911358,1.986726017849718,0,0,0,0.1512899647089634,0.009111315162920573
693,0.9542169983659241,0.9868831998703771,16,3.125,35,0.24948678351152417,0.006668560258345474,1.9646522913623128,0,0,0,0.1512899647089634,0.009111315162920573
694,0.9492600395869344,0.9882038164048894,15,3.3333333333333335,36,0.38463958994098774,0.00682149485373285,2.085003919906141,1,0,1,0.1512899647089634,0.009111315162920573
695,0.9523410268001026,0.9878424780551394,16,3.125,35,0.39642492027287546,0.006981388697999835,2.0710200766198867,0,1,0,0.1512899647089634,0.009111315162920573
696,0.9491722614467796,0.9874731854284645,16,3.125,35,0.3488543106558582,0.007142326782744005,2.0086864297356355,0,0,0,0.1512899647089634,0.009111315162920573
697,0.9555099524594509,0.9870959468962981,16,3.125,35,0.30699227998464795,0.007300116338216858,1.95022575049738,0,0,0,0.1512899647089634,0.009111315162920573
698,0.9565948079607851,0.9867107710036455,17,2.9411764705882355,34,0.23845760651531503,0.007452035719699435,1.904597350789132,0,1,0,0.1512899647089634,0.009111315162920573
699,0.9595639533064039,0.9863176664687767,17,2.9411764705882355,34,0.20986063180447373,0.007597283099714382,1.8540584692426418,0,0,0,0.1512899647089634,0.009111315162920573
700,0.962840247760948,0.9863931878387949,16,3.125,35,0.1958094146738506,0.0071651120323059534,1.8530922164242785,1,0,1,0.1512899647089634,0.009111315162920573
701,0.968546259390594,0.9859875224117939,16,3.125,35,0.1723169907776915,0.006855964924381726,1.8375951201815908,0,0,0,0.1512899647089634,0.009111315162920573
702,0.9645035500586338,0.9855739523632372,16,3.125,35,0.1516398751095118,0.006641605940025584,1.8241376193519392,0,0,0,0.1512899647089634,0.009111315162920573
703,0.9672642973386593,0.9851524870813892,17,2.9411764705882355,34,0.14158631816410824,0.007511179910515114,1.797817061613139,0,1,0,0.1512899647089634,0.009111315162920573
704,0.9679806935913312,0.9847231361261432,17,2.9411764705882355,34,0.12459704858512245,0.008438420147993288,1.8024071821870788,0,0,0,0.1512899647089634,0.009111315162920573
705,0.9660022540011899,0.9845714452449082,16,3.125,35,0.12604815342808492,0.00895599647124839,1.8108656068338553,1,0,1,0.1512899647089634,0.009111315162920573
706,0.9658847719458811,0.9841327615139505,16,3.125,35,0.11092363661550003,0.009513199272841135,1.8164817180520532,0,0,0,0.1512899647089634,0.009111315162920573
707,0.9603561266480897,0.9836862199814824,16,3.125,35,0.0976141277962988,0.010111451027271894,1.8235141287398442,0,0,0,0.1512899647089634,0.009111315162920573
708,0.9629872124437014,0.9832318308492767,16,3.125,34,0.08850323244813339,0.010745300081240843,1.8298111785154287,0,1,0,0.1512899647089634,0.009111315162920573
709,0.9618050962979706,0.9834183108470285,16,3.125,34,0.17279432890925758,0.011241664120936136,1.916208526630466,1,1,1,0.1512899647089634,0.009111315162920573
710,0.9591983745938133,0.9829636143348986,17,2.9411764705882355,33,0.17211530344066067,0.011865072832403019,1.89416812902808,0,1,0,0.1512899647089634,0.009111315162920573
711,0.9585780003309197,0.9825010946623624,18,2.7777777777777777,32,0.2788460241421515,0.010894073878660983,1.9204818247080535,0,1,0,0.1512899647089634,0.009111315162920573
712,0.9555075961287163,0.9820307625208116,18,2.7777777777777777,32,0.24538752217244947,0.010236436079106776,1.8661131709705419,0,0,0,0.1512899647089634,0.009111315162920573
713,0.9527715555695591,0.981552628770109,18,2.7777777777777777,33,0.2167969929853917,0.009817678583045598,1.8877386890415389,1,0,0,0.1512899647089634,0.009111315162920573
714,0.95072988181085,0.9810667044381916,20,2.5,32,0.21376928277288332,0.00931617152278741,1.869506939601458,1,2,0,0.1512899647089634,0.009111315162920573
715,0.9488861502146387,0.9829761440088707,18,2.7777777777777777,33,0.5933509830807594,0.008478521806062922,2.091444617301752,2,1,2,0.1512899647089634,0.009111315162920573
716,0.9479102734872563,0.9844603199738428,17,2.9411764705882355,35,1.0019045434697866,0.007558915951832469,2.365218246671844,2,0,1,0.1512899647089634,0.009111315162920573
717,0.9499660601509952,0.9840422990840503,17,2.9411764705882355,35,0.8816795931591086,0.00684938563170277,2.272564396337944,0,0,0,0.1512899647089634,0.009111315162920573
718,0.9552343222688422,0.9836164915187402,17,2.9411764705882355,35,0.7758799721280254,0.006305110933066064,2.1896954636086745,0,0,0,0.1512899647089634,0.009111315162920573
719,0.9529199647227362,0.9831829081241867,17,2.9411764705882355,35,0.6827679209144211,0.005891923119282367,2.1632863627975474,0,0,0,0.1512899647089634,0.009111315162920573
720,0.9503359236465925,0.9827415599122759,17,2.9411764705882355,35,0.6008355984390835,0.005579703255905221,2.144220566750121,0,0,0,0.1512899647089634,0.009111315162920573
721,0.9509174074699844,0.9822924580600815,17,2.9411764705882355,35,0.5287363737409094,0.005345796685947222,2.083531230009549,0,0,0,0.1512899647089634,0.009111315162920573
722,0.9569498250636523,0.9818356139094312,17,2.9411764705882355,35,0.4652891760831426,0.0051766249514582086,2.0123905599736385,0,0,0,0.1512899647089634,0.009111315162920573
723,0.9589763840049228,0.9813710389664684,17,2.9411764705882355,35,0.4094558270960074,0.005111173467948467,1.9460862870004185,0,0,0,0.1512899647089634,0.009111315162920573
724,0.9651027502354185,0.9808987449012072,17,2.9411764705882355,35,0.36032269395607003,0.00515812582051578,1.9000032094307528,0,0,0,0.1512899647089634,0.009111315162920573
725,0.9665850212379703,0.980418743547084,17,2.9411764705882355,35,0.31708574469637485,0.005348874646616612,1.8896086416106581,0,0,0,0.1512899647089634,0.009111315162920573
726,0.9752681115229298,0.9799310469005013,17,2.9411764705882355,35,0.279037487502639,0.005735923945772929,1.8824403885962084,0,0,0,0.1512899647089634,0.009111315162920573
727,0.9806621709349469,0.9794356671203669,17,2.9411764705882355,35,0.24555530544891888,0.0062782883557336725,1.86209660534032,0,0,0,0.1512899647089634,0.009111315162920573
728,0.9823814143938524,0.9789326165276283,17,2.9411764705882355,35,0.2160912719967481,0.006926705561380599,1.8602273297512755,0,0,0,0.1512899647089634,0.009111315162920573
729,0.9793675587670405,0.9784219076047993,18,2.7777777777777777,35,0.1986124075025792,0.0074434324423167135,1.8705968694164674,1,1,0,0.1512899647089634,0.009111315162920573
730,0.9808651537743627,0.9779035529954843,18,2.7777777777777777,35,0.17478426543304412,0.008059508569509625,1.8549426279460164,0,0,0,0.1512899647089634,0.009111315162920573
731,0.9784194803844433,0.9773775655038932,18,2.7777777777777777,35,0.1538159132060229,0.008730663478150661,1.809343599438256,0,0,0,0.1512899647089634,0.009111315162920573
732,0.973832791464448,0.9768439580943556,19,2.6315789473684212,34,0.12738093474976644,0.009424407784865255,1.805219099485842,0,1,0,0.1512899647089634,0.009111315162920573
733,0.9783290940778911,0.9763027438908247,19,2.6315789473684212,35,0.11384469141770986,0.010121687411022717,1.8043997188276126,1,0,0,0.1512899647089634,0.009111315162920573
734,0.974479024786325,0.9757539361763791,19,2.6315789473684212,35,0.10017964523026493,0.010848073885300284,1.8106774651208992,0,0,0,0.1512899647089634,0.009111315162920573
735,0.9759284403576106,0.975197548392718,19,2.6315789473684212,35,0.08816303999144724,0.011578132091838188,1.7863250824819232,0,0,0,0.1512899647089634,0.009111315162920573
736,0.9812056046497595,0.9746335941396514,19,2.6315789473684212,35,0.07758924192162935,0.012369089778687996,1.763123989018269,0,0,0,0.1512899647089634,0.009111315162920573
737,0.9851779150088378,0.9740620871745844,19,2.6315789473684212,36,0.07187275098438968,0.013386345163635389,1.783551483489602,1,0,0,0.1512899647089634,0.009111315162920573
738,0.9857045381174426,0.9738325360246606,19,2.6315789473684212,36,0.08058341900516862,0.013797580435840475,1.7926709260773277,1,1,1,0.1512899647089634,0.009111315162920573
739,0.9839647408325832,0.9732518519772813,20,2.5,35,0.4786723463447795,0.013773484441526122,2.025944063812538,0,1,0,0.1512899647089634,0.009111315162920573
740,0.9849562258128072,0.9740694829608592,19,2.6315789473684212,36,0.11544141121279594,0.013886028099104289,1.8463203387319302,1,0,1,0.1512899647089634,0.009111315162920573
741,0.9839481906823068,0.9717725417847418,18,2.7777777777777777,37,0.2165573745692862,0.013892522771553934,1.913226043744761,1,0,1,0.1512899647089634,0.009111315162920573
742,0.9820202180135159,0.9712832431473089,18,2.7777777777777777,37,0.19057486382434444,0.014004686108809254,1.8793136325469988,0,0,0,0.1512899647089634,0.009111315162920573
743,0.9800260204275092,0.9761280861300108,16,3.125,39,0.2978051473058688,0.013520565711194232,1.9909096240728152,2,0,2,0.1512899647089634,0.009111315162920573
744,0.9798739092212111,0.9756905551548908,16,3.125,39,0.2620700296142236,0.01321502557807187,1.9829119195355045,0,0,0,0.1512899647089634,0.009111315162920573
745,0.9811211119750105,0.9752453134565511,16,3.125,39,0.23072164260862485,0.013038012246027759,1.8981854118904027,0,0,0,0.1512899647089634,0.009111315162920573
746,0.9842501395110986,0.9776270131938785,15,3.3333333333333335,40,0.5757460472062498,0.012534862789079892,2.160261948067671,1,0,1,0.1512899647089634,0.009111315162920573
747,0.9835376243431752,0.9772058946732227,15,3.3333333333333335,39,0.5067284111710301,0.0121918339487434,2.049647786510559,0,1,0,0.1512899647089634,0.009111315162920573
748,0.9855789509705464,0.9767770577761838,15,3.3333333333333335,39,0.44591093871819026,0.01199322751391712,2.01125461808687,0,0,0,0.1512899647089634,0.009111315162920573
749,0.9836639796835084,0.976340513430361,15,3.3333333333333335,39,0.39240114215318245,0.01194968033977697,1.9777217264338764,0,0,0,0.1512899647089634,0.009111315162920573
750,0.9828638739747362,0.9758962727281317,15,3.3333333333333335,39,0.34531322072452836,0.01202704088597809,1.9803987132911922,0,0,0,0.1512899647089634,0.009111315162920573
751,0.9853483346083469,0.9754443469262286,15,3.3333333333333335,39,0.30387590033715367,0.012200794913864466,2.018733625844648,0,0,0,0.1512899647089634,0.009111315162920573
752,0.9793483744261224,0.9749847474453082,15,3.3333333333333335,39,0.2674120941085749,0.012459260770500701,1.9802533206969122,0,0,0,0.1512899647089634,0.009111315162920573
753,0.9793787332401527,0.974517485869515,15,3.3333333333333335,39,0.23531981927362783,0.012791715259192295,1.9765464397380024,0,0,0,0.1512899647089634,0.009111315162920573
754,0.9761972490387584,0.9740425739460407,15,3.3333333333333335,39,0.20709427847469045,0.013172242689212396,1.9912724782151832,0,0,0,0.1512899647089634,0.009111315162920573
755,0.9746978378155912,0.9735600235846739,15,3.3333333333333335,39,0.18224667171520184,0.013579265597781442,1.960109936376898,0,0,0,0.1512899647089634,0.009111315162920573
756,0.9758154002001311,0.9730698468573507,15,3.3333333333333335,39,0.16037803946184137,0.014001581201484007,1.9147982736879376,0,0,0,0.1512899647089634,0.009111315162920573
757,0.9742370603252916,0.9725720559976949,16,3.125,38,0.1489269654169586,0.014195853316945443,1.9202847667582998,0,1,0,0.1512899647089634,0.009111315162920573
758,0.9775242184715558,0.9720666634005527,16,3.125,38,0.13104344071374657,0.01440236906505679,1.9408225050593415,0,0,0,0.1512899647089634,0.009111315162920573
759,0.9790879789847744,0.9715536816215248,16,3.125,38,0.11531933435369554,0.014609887628099682,1.9308389310855376,0,0,0,0.1512899647089634,0.009111315162920573
760,0.9740235530057941,0.9710331233764904,16,3.125,38,0.10160356215610436,0.014789279738124614,1.8901976351486527,0,0,0,0.1512899647089634,0.009111315162920573
761,0.9742684262048007,0.9705050015411264,17,2.9411764705882355,37,0.09620426965407197,0.014581727501314128,1.883149185183686,0,1,0,0.1512899647089634,0.009111315162920573
762,0.9668340847012042,0.9699693291504224,17,2.9411764705882355,37,0.08466320522883997,0.014466665501299845,1.8753678906807358,0,0,0,0.1512899647089634,0.009111315162920573
763,0.9646018171590165,0.9694261193981888,17,2.9411764705882355,37,0.07450578220668554,0.014422086655840811,1.9006309449815857,0,0,0,0.1512899647089634,0.009111315162920573
764,0.9651683606257597,0.9688753856365595,17,2.9411764705882355,36,0.0686355838186645,0.01444879969613877,1.8611269570343787,0,1,0,0.1512899647089634,0.009111315162920573
765,0.9672672595408985,0.9711803233352215,16,3.125,38,0.19901181686524974,0.01434363974492829,1.9553662951765352,2,0,1,0.1512899647089634,0.009111315162920573
766,0.9610629892754587,0.9727298079516222,17,2.9411764705882355,37,0.3733011676275377,0.014127723281377059,2.027450104369562,1,2,1,0.1512899647089634,0.009111315162920573
767,0.9556366083647153,0.9749361716254726,15,3.3333333333333335,39,0.28001181511236967,0.014595470843632686,2.065109141912201,2,0,2,0.1512899647089634,0.009111315162920573
768,0.953647648843328,0.9744930341968623,16,3.125,38,0.693774929790602,0.014440588668288545,2.290091497507946,0,1,0,0.1512899647089634,0.009111315162920573
769,0.9553230866284784,0.9740422469595759,16,3.125,38,0.6105214897127317,0.01436906328926186,2.252682798552827,0,0,0,0.1512899647089634,0.009111315162920573
770,0.9595302972166823,0.9735838211010377,16,3.125,38,0.5373030726018225,0.014349015955703467,2.222159272104985,0,0,0,0.1512899647089634,0.009111315162920573
771,0.958888854386832,0.9731177679714529,16,3.125,38,0.4728285619751514,0.014382461798240556,2.1975302085930095,0,0,0,0.1512899647089634,0.009111315162920573
772,0.9576462753104462,0.9726440990833729,18,2.7777777777777777,36,0.9490986838616123,0.014477362794663043,2.4588340138729063,0,2,0,0.1512899647089634,0.009111315162920573
773,0.9571159994624284,0.9721628261112559,19,2.6315789473684212,35,0.8594078251761091,0.014632870125241755,2.3351757977726195,0,1,0,0.1512899647089634,0.009111315162920573
774,0.9506841242656329,0.9716739608910228,19,2.6315789473684212,35,0.7562830627529786,0.014846323043772734,2.238918164652003,0,0,0,0.1512899647089634,0.009111315162920573
775,0.9479483547563415,0.971177515419608,19,2.6315789473684212,35,0.6655599477540322,0.015090111972215716,2.182697213902581,0,0,0,0.1512899647089634,0.009111315162920573
776,0.946590419624557,0.9706735018545015,20,2.5,34,0.6541989412796392,0.015401164478902645,2.139040298705405,0,1,0,0.1512899647089634,0.009111315162920573
777,0.949146182233314,0.9701619325132892,20,2.5,34,0.5756919180524402,0.01573118852710302,2.0583058512846804,0,0,0,0.1512899647089634,0.009111315162920573
778,0.9473135937194721,0.9695226634116465,21,2.380952380952381,33,0.6631600263762294,0.015643227253727843,2.11106404116565,1,2,1,0.1512899647089634,0.009111315162920573
779,0.9493837263342413,0.9689941083698851,21,2.380952380952381,33,0.5835737279859926,0.015615314159938231,2.1085202557965297,0,0,0,0.1512899647089634,0.009111315162920573
780,0.9524422360949544,0.9684580352969785,21,2.380952380952381,33,0.5135471883594754,0.015628439583983543,2.080410327269386,0,0,0,0.1512899647089634,0.009111315162920573
781,0.9534947732213973,0.9679144571482802,21,2.380952380952381,33,0.45192394551397064,0.015670119364003605,2.041865877998658,0,0,0,0.1512899647089634,0.009111315162920573
782,0.9539447123029262,0.967363387036796,21,2.380952380952381,33,0.3976983455752926,0.015730332253534648,2.0241526403628822,0,0,0,0.1512899647089634,0.009111315162920573
783,0.9526687471080392,0.966804838232689,21,2.380952380952381,33,0.34998410686124065,0.015801290342241592,1.978640688880024,0,0,0,0.1512899647089634,0.009111315162920573
784,0.947605302325894,0.966238824162781,21,2.380952380952381,33,0.3079913820541694,0.015878949657843495,1.952782497804962,0,0,0,0.1512899647089634,0.009111315162920573
785,0.9521269493279239,0.966591628631769,20,2.5,34,0.36545946973411214,0.015963545957796817,2.0272664332698125,1,0,1,0.1512899647089634,0.009111315162920573
786,0.9528219289690811,0.9660369929836452,20,2.5,34,0.3216639141981876,0.01603606863212781,1.9679914120909214,0,0,0,0.1512899647089634,0.009111315162920573
787,0.9498107481088646,0.9654749180319436,20,2.5,34,0.2830653460630462,0.016120006713642675,1.9280840053168342,0,0,0,0.1512899647089634,0.009111315162920573
788,0.9571215993239629,0.9630451323373275,18,2.7777777777777777,37,0.5328215320562467,0.01563955667783397,2.150876517493003,3,0,2,0.1512899647089634,0.009111315162920573
789,0.9550801884646806,0.9624913034403711,18,2.7777777777777777,36,0.469590362724584,0.015304836599005014,2.0911419163291916,0,1,0,0.1512899647089634,0.009111315162920573
790,0.953789716662855,0.9619300757941124,18,2.7777777777777777,36,0.41324156905447884,0.015085477557233655,2.038985715453518,0,0,0,0.1512899647089634,0.009111315162920573
791,0.953137304346515,0.9613614628466529,18,2.7777777777777777,36,0.363663650738826,0.014950817516782573,2.0074787709589192,0,0,0,0.1512899647089634,0.009111315162920573
792,0.9576341114376977,0.9607854782005032,18,2.7777777777777777,35,0.3201010195917774,0.014838907122044432,1.9777710471417835,0,1,0,0.1512899647089634,0.009111315162920573
793,0.9611168614021647,0.960202135612074,18,2.7777777777777777,35,0.28176645827909824,0.014772504910641259,1.9220927015074971,0,0,0,0.1512899647089634,0.009111315162920573
794,0.9633817460743549,0.9667620952733532,17,2.9411764705882355,36,0.5645260068300113,0.014165856077538376,2.098490224003035,1,0,1,0.1512899647089634,0.009111315162920573
795,0.9651924177975977,0.9662199286059692,19,2.6315789473684212,34,0.45742710603602227,0.013709595465941238,2.0092872285503853,0,2,0,0.1512899647089634,0.009111315162920573
796,0.9684169757183547,0.9664751024951936,18,2.7777777777777777,35,0.43202101090213973,0.013367925073987784,1.9998358302378625,1,0,1,0.1512899647089634,0.009111315162920573
797,0.9731261577225204,0.9659389147801525,18,2.7777777777777777,35,0.38016848585291513,0.013120578007580984,1.982068509284183,0,0,0,0.1512899647089634,0.009111315162920573
798,0.9698355648363366,0.9653953778724962,18,2.7777777777777777,35,0.33455522121569437,0.012942194896232391,1.9367086960587423,0,0,0,0.1512899647089634,0.009111315162920573
799,0.9681334430808459,0.9520827276886992,18,2.7777777777777777,35,0.4164596006508171,0.012584424439673352,1.9893574328874843,1,1,1,0.1512899647089634,0.009111315162920573
800,0.9700944516583826,0.9514750092695156,18,2.7777777777777777,35,0.3664885534924748,0.012317735814841892,1.9570043864682305,0,0,0,0.1512899647089634,0.009111315162920573
801,0.9697192502185963,0.9508600769557085,18,2.7777777777777777,35,0.32253751903322453,0.012116913314629118,1.914105952199494,0,0,0,0.1512899647089634,0.009111315162920573
802,0.9629383833394547,0.9502379454558099,18,2.7777777777777777,35,0.28383917602958886,0.011971511922245139,1.9064910862024222,0,0,0,0.1512899647089634,0.009111315162920573
803,0.9604185677822806,0.9496086296275245,20,2.5,33,0.4528622902649122,0.011890766391463666,1.9846080595974496,0,2,0,0.1512899647089634,0.009111315162920573
804,0.9570875488813456,0.9489721444771863,20,2.5,34,0.3993409800137783,0.011859179487023877,1.9755226020871435,1,0,0,0.1512899647089634,0.009111315162920573
805,0.9571340956831059,0.9483285051592117,20,2.5,34,0.35153795706022023,0.011938089555617514,1.9931112847952894,0,0,0,0.1512899647089634,0.009111315162920573
806,0.9557835705257862,0.9476777269755444,20,2.5,34,0.3093828585598608,0.012143165787949774,1.9972710980552844,0,0,0,0.1512899647089634,0.009111315162920573
807,0.9520516421526815,0.9470198253751004,20,2.5,34,0.2726001058447868,0.012388081833266847,1.9782911006963986,0,0,0,0.1512899647089634,0.009111315162920573
808,0.9518157777972784,0.9555450769714584,19,2.6315789473684212,35,0.24346325911468958,0.012758458977659466,1.9986262333609586,1,0,1,0.1512899647089634,0.009111315162920573
809,0.955082782120375,0.9552667908176234,18,2.7777777777777777,36,0.21152799444305792,0.013150176599468566,2.018578005084944,1,0,1,0.1512899647089634,0.009111315162920573
810,0.9535560163089969,0.9546514309928763,18,2.7777777777777777,36,0.1861621021317027,0.013586746207587293,2.0066931675933533,0,0,0,0.1512899647089634,0.009111315162920573
811,0.9516776879575501,0.9540289271943528,18,2.7777777777777777,36,0.1638491962114631,0.014087806571067259,2.0080564474626263,0,0,0,0.1512899647089634,0.009111315162920573
812,0.9493943801654257,0.953399294974739,18,2.7777777777777777,36,0.14418588905328217,0.014646616631963665,2.0260717307337806,0,0,0,0.1512899647089634,0.009111315162920573
813,0.9491001548154361,0.9538586627758805,17,2.9411764705882355,37,0.1865452342325692,0.015113426304599826,2.0620972885159,1,0,1,0.1512899647089634,0.009111315162920573
814,0.9473689399753127,0.9532387940278381,17,2.9411764705882355,37,0.16430726041513485,0.01572388587641308,2.0437119672313497,0,0,0,0.1512899647089634,0.009111315162920573
815,0.9429227397483463,0.9526118319633969,17,2.9411764705882355,37,0.14460058623917013,0.016486289384573343,2.001856059980204,0,0,0,0.1512899647089634,0.009111315162920573
816,0.9462588211268249,0.9519777924168195,17,2.9411764705882355,37,0.12726362650288278,0.01734433493506618,1.9706799570792564,0,0,0,0.1512899647089634,0.009111315162920573
817,0.945410225115694,0.9513366913636274,17,2.9411764705882355,38,0.11556090273958644,0.018202289946543142,2.0178278775268965,1,0,0,0.1512899647089634,0.009111315162920573
818,0.9522310429911386,0.9506885449199978,17,2.9411764705882355,38,0.10170863402109234,0.01915042337537892,1.9713936823250142,0,0,0,0.1512899647089634,0.009111315162920573
819,0.9518020639020426,0.9500333693421534,17,2.9411764705882355,38,0.08950711872193487,0.02014961723967489,1.9779806476674302,0,0,0,0.1512899647089634,0.009111315162920573
820,0.9495938545490571,0.9493711810257491,17,2.9411764705882355,38,0.0787992901144044,0.021179852267722944,1.9834868563943444,0,0,0,0.1512899647089634,0.009111315162920573
821,0.9463799742764025,0.9487019965052531,18,2.7777777777777777,37,0.41950091678878115,0.020786449205835864,2.1813560118175452,0,1,0,0.1512899647089634,0.009111315162920573
822,0.948065742359841,0.9480258324533255,19,2.6315789473684212,36,0.3902360660427292,0.02073600835454249,2.1253832359338447,0,1,0,0.1512899647089634,0.009111315162920573
823,0.9490565845788232,0.9473427056801912,19,2.6315789473684212,36,0.343410073854438,0.02075438581008187,2.1104772415438178,0,0,0,0.1512899647089634,0.009111315162920573
824,0.9485864294322646,0.9466526331330081,20,2.5,35,0.3088967182719092,0.0204363655955022,2.0361614288865124,0,1,0,0.1512899647089634,0.009111315162920573
825,0.9543499082904302,0.9459556318952339,20,2.5,35,0.2718323193520677,0.020225385794041036,2.011716940053766,0,0,0,0.1512899647089634,0.009111315162920573
826,0.9541160872379839,0.9452517191859852,20,2.5,34,0.24002669688174338,0.02008393979456498,1.9714791794609399,0,1,0,0.1512899647089634,0.009111315162920573
827,0.9544963728206477,0.9445409123593949,21,2.380952380952381,33,0.22695218517211826,0.019256070845081928,1.9422686821021915,0,1,0,0.1512899647089634,0.009111315162920573
828,0.953707767749544,0.9446745784260886,20,2.5,34,0.20049358427172126,0.018421302165955375,1.9008691788122232,1,0,1,0.1512899647089634,0.009111315162920573
829,0.9531663652243669,0.9439590233361072,20,2.5,34,0.17654488848672817,0.017753441196504585,1.8843567042789298,0,0,0,0.1512899647089634,0.009111315162920573
830,0.950426987304855,0.9432366201053697,20,2.5,34,0.15540000504840448,0.017233260687687896,1.8380623314192122,0,0,0,0.1512899647089634,0.009111315162920573
831,0.9528864318019883,0.9425073865654854,20,2.5,34,0.13683573506562183,0.016820691052184946,1.825718187332,0,0,0,0.1512899647089634,0.009111315162920573
832,0.953597600187804,0.9417713406793335,20,2.5,34,0.12039000535796729,0.016515802023886174,1.800196562934251,0,0,0,0.1512899647089634,0.009111315162920573
833,0.9534847644915846,0.9410285005403908,20,2.5,34,0.10618226662578928,0.016241301806965452,1.7906812797650764,0,0,0,0.1512899647089634,0.009111315162920573
834,0.9544436070983489,0.9402788843720556,20,2.5,34,0.09345889901855906,0.01606223151203147,1.7823042792533377,0,0,0,0.1512899647089634,0.009111315162920573
835,0.9480255185352927,0.9395225105269698,20,2.5,34,0.0822721479665177,0.016067559139103633,1.7590349936615624,0,0,0,0.1512899647089634,0.009111315162920573
836,0.949378845278227,0.9387593974863346,20,2.5,34,0.07239417933665682,0.016290855514685107,1.752690286263233,0,0,0,0.1512899647089634,0.009111315162920573
837,0.9449058032533314,0.937989563859223,20,2.5,34,0.06371974719820882,0.016687460541871434,1.7151721823148542,0,0,0,0.1512899647089634,0.009111315162920573
838,0.9487317739805318,0.9372130283818906,20,2.5,34,0.05606997267365447,0.01721558417230159,1.7423472341011397,0,0,0,0.1512899647089634,0.009111315162920573
839,0.9513858656185473,0.9364298099170792,20,2.5,34,0.04935251643606319,0.01782182449856437,1.8021404477343481,0,0,0,0.1512899647089634,0.009111315162920573
840,0.9546995305397755,0.9356625697371612,19,2.6315789473684212,35,0.1532233979288953,0.017927439016442375,1.87283074216187,1,0,1,0.1512899647089634,0.009111315162920573
841,0.949018314487505,0.9349059875968384,19,2.6315789473684212,35,0.13485875296246502,0.01814328899108691,1.8770877793308784,0,0,0,0.1512899647089634,0.009111315162920573
842,0.9484367490615915,0.9341427608328182,19,2.6315789473684212,35,0.11909142757350473,0.018354627534466757,1.8830842522091524,0,0,0,0.1512899647089634,0.009111315162920573
843,0.9514283034216394,0.9333729082333552,19,2.6315789473684212,35,0.10482713030214347,0.018660191781713284,1.8421183249300734,0,0,0,0.1512899647089634,0.009111315162920573
844,0.954038805057302,0.9325964487110312,19,2.6315789473684212,34,0.09444902411950924,0.019042229723011644,1.784085949533296,0,1,0,0.1512899647089634,0.009111315162920573
845,0.955971421320179,0.9318134013020561,20,2.5,33,0.15086446144763824,0.019490864049612068,1.7815810781647758,0,1,0,0.1512899647089634,0.009111315162920573
846,0.9555543443995965,0.9310237851655624,20,2.5,33,0.13285103243780355,0.019969141278075066,1.7535074204348269,0,0,0,0.1512899647089634,0.009111315162920573
847,0.9450922517856637,0.930227619582896,20,2.5,33,0.11698068195066005,0.020460529346888884,1.7430360098995046,0,0,0,0.1512899647089634,0.009111315162920573
848,0.9533827854345077,0.9294249239569041,20,2.5,33,0.10297142341959781,0.02103744958257501,1.7339185545985905,0,0,0,0.1512899647089634,0.009111315162920573
849,0.9476954255346307,0.9286157178112212,20,2.5,33,0.09077855109575145,0.021675726545056645,1.6940689060675747,0,0,0,0.1512899647089634,0.009111315162920573
850,0.9443183464278648,0.9278000207895482,20,2.5,33,0.08009872662658615,0.022354174724167744,1.6712605675335446,0,0,0,0.1512899647089634,0.009111315162920573
851,0.9403343101029523,0.9269778526549312,21,2.380952380952381,32,0.11763917063562204,0.02253682292926405,1.673984501049568,0,1,0,0.1512899647089634,0.009111315162920573
852,0.9388124044421398,0.9371766020489589,19,2.6315789473684212,34,0.22195895531327164,0.022323063911538692,1.800726122189109,2,0,2,0.1512899647089634,0.009111315162920573
853,0.9324854637288783,0.9364993671717103,19,2.6315789473684212,33,0.19554469150350362,0.022204944179159417,1.8114898766529617,0,1,0,0.1512899647089634,0.009111315162920573
854,0.9348440579986347,0.9358155872361585,19,2.6315789473684212,33,0.17209898755994935,0.02216086153089057,1.7793816888491143,0,0,0,0.1512899647089634,0.009111315162920573
855,0.9352296753721676,0.9351252804946647,19,2.6315789473684212,32,0.15365323329403477,0.022125356657965698,1.7152836622112793,0,1,0,0.1512899647089634,0.009111315162920573
856,0.9388634338206316,0.9344284653129771,19,2.6315789473684212,32,0.13521505268261863,0.02214567468605923,1.7504478232857152,0,0,0,0.1512899647089634,0.009111315162920573
857,0.9383905766219758,0.9337251601694959,19,2.6315789473684212,32,0.11900517823954612,0.022201290847395697,1.7553922007008353,0,0,0,0.1512899647089634,0.009111315162920573
858,0.9340802135017716,0.9330153836545332,19,2.6315789473684212,32,0.10474763274077796,0.022278997444663867,1.745840399962298,0,0,0,0.1512899647089634,0.009111315162920573
859,0.9333263452051286,0.9322991544695721,19,2.6315789473684212,32,0.09226895327624064,0.02236076186042519,1.7216052372041175,0,0,0,0.1512899647089634,0.009111315162920573
860,0.9318435170146576,0.9315764914265217,19,2.6315789473684212,32,0.08128312971366994,0.02244038728723795,1.698452776756982,0,0,0,0.1512899647089634,0.009111315162920573
861,0.9297729752719696,0.9308474134469684,19,2.6315789473684212,32,0.07160412752902506,0.022521779287517366,1.6442246507140001,0,0,0,0.1512899647089634,0.009111315162920573
862,0.9303349351608564,0.9301119395614268,19,2.6315789473684212,32,0.0632081211134005,0.022577538181828366,1.622871503315479,0,0,0,0.1512899647089634,0.009111315162920573
863,0.9234386059592657,0.9293700889085857,19,2.6315789473684212,32,0.05570418951572727,0.02286599790488049,1.6021324866950155,0,0,0,0.1512899647089634,0.009111315162920573
864,0.9252420886389465,0.9278584749967322,18,2.7777777777777777,33,0.052424578638251174,0.023277515429949977,1.6244872269221353,1,0,1,0.1512899647089634,0.009111315162920573
865,0.9230864481499752,0.9271207456900529,19,2.6315789473684212,32,0.14521019075145666,0.023289719258005333,1.6759004742552621,0,1,0,0.1512899647089634,0.009111315162920573
866,0.926448087866899,0.9263766966445436,19,2.6315789473684212,32,0.12780087370698273,0.023432149964367804,1.6482612940774812,0,0,0,0.1512899647089634,0.009111315162920573
867,0.9264385449475872,0.9256263473085308,19,2.6315789473684212,32,0.11270596019068713,0.023617780067042536,1.638309153504381,0,0,0,0.1512899647089634,0.009111315162920573
868,0.9295520922856477,0.9248697172339954,19,2.6315789473684212,32,0.09933856235706591,0.023846355488113938,1.6296173204567161,0,0,0,0.1512899647089634,0.009111315162920573
869,0.9291263437516384,0.924106826075797,19,2.6315789473684212,32,0.08744998991847351,0.02412416283952233,1.6539806312329415,0,0,0,0.1512899647089634,0.009111315162920573
870,0.9303804593905582,0.9298796557818916,18,2.7777777777777777,34,0.37889465410697,0.023881101939295966,1.845469770425575,2,0,2,0.1512899647089634,0.009111315162920573
871,0.9261252841181556,0.9291857827541725,19,2.6315789473684212,33,0.37268120455903664,0.022526384995480087,1.7887084562064666,0,1,0,0.1512899647089634,0.009111315162920573
872,0.9261867732921365,0.9291585158634476,18,2.7777777777777777,34,0.42413190490550073,0.02129449664407281,1.8583039430465842,1,0,1,0.1512899647089634,0.009111315162920573
873,0.926064851871493,0.9284755673590135,18,2.7777777777777777,35,0.3740577032172708,0.020334699846843787,1.8508032220078254,1,0,0,0.1512899647089634,0.009111315162920573
874,0.9229094129347795,0.9284589620039505,17,2.9411764705882355,36,0.34469213090185064,0.018896070613598468,1.8395917285992072,1,0,1,0.1512899647089634,0.009111315162920573
875,0.9218624490796201,0.9277729639021778,17,2.9411764705882355,36,0.3033337607429019,0.01781285675653441,1.8125825939893139,0,0,0,0.1512899647089634,0.009111315162920573
876,0.9161852690289636,0.927080756876687,17,2.9411764705882355,36,0.26694220145333625,0.017005832873079618,1.8531020740296815,0,0,0,0.1512899647089634,0.009111315162920573
877,0.9106089843235798,0.9263823601134528,17,2.9411764705882355,36,0.23493330933592108,0.016408810198422018,1.7846625504698128,0,0,0,0.1512899647089634,0.009111315162920573
878,0.9132649008502071,0.9256777928967449,17,2.9411764705882355,36,0.2071396050067927,0.015919719496172942,1.8150606866552703,0,0,0,0.1512899647089634,0.009111315162920573
879,0.9130369777675152,0.933109626535802,17,2.9411764705882355,36,0.21456412959651203,0.014958918459011235,1.8238211704963032,1,1,1,0.1512899647089634,0.009111315162920573
880,0.9159313948648,0.9324199516009181,17,2.9411764705882355,36,0.18884198797205765,0.014230378058450907,1.7746172123370316,0,0,0,0.1512899647089634,0.009111315162920573
881,0.9175479543530193,0.9317237639099057,17,2.9411764705882355,35,0.166518947565247,0.013693015374565265,1.7243953832044963,0,1,0,0.1512899647089634,0.009111315162920573
882,0.9144882934278342,0.931021082019911,17,2.9411764705882355,35,0.14663119792279353,0.01332698125698768,1.758841729752687,0,0,0,0.1512899647089634,0.009111315162920573
883,0.9117589369489021,0.9303119246053487,17,2.9411764705882355,35,0.12903561552748402,0.013110653330619247,1.7630686275657488,0,0,0,0.1512899647089634,0.009111315162920573
884,0.9068634841281021,0.9295963104571855,18,2.7777777777777777,35,0.12688117998886506,0.012871823509990152,1.7658641516802627,1,1,0,0.1512899647089634,0.009111315162920573
885,0.9079625505002841,0.9288742584822118,19,2.6315789473684212,34,0.1795925794433944,0.012573498030241936,1.7280571304312446,0,1,0,0.1512899647089634,0.009111315162920573
886,0.9012618763492797,0.9281457877023188,19,2.6315789473684212,34,0.15805087398757003,0.012443841739326625,1.7290567114664477,0,0,0,0.1512899647089634,0.009111315162920573
887,0.9041790168326266,0.9274109172537647,19,2.6315789473684212,34,0.13922099135648125,0.012417350101277059,1.7002022351193185,0,0,0,0.1512899647089634,0.009111315162920573
888,0.9077102348804179,0.926669666386445,19,2.6315789473684212,34,0.12247558854037602,0.012519924669370304,1.6889875833532981,0,0,0,0.1512899647089634,0.009111315162920573
889,0.905595903825866,0.9169164003987271,18,2.7777777777777777,36,0.1570217536365002,0.01288895376251783,1.7738397248537041,2,0,1,0.1512899647089634,0.009111315162920573
890,0.9087688921158026,0.9162100238723322,18,2.7777777777777777,36,0.13817907145461739,0.01353096610495565,1.7606274473766232,0,0,0,0.1512899647089634,0.009111315162920573
891,0.9103855996183826,0.9154973528120656,18,2.7777777777777777,36,0.12160086112400459,0.014377700024805847,1.7492505200522928,0,0,0,0.1512899647089634,0.009111315162920573
892,0.9133690969904991,0.9147784060979981,18,2.7777777777777777,36,0.10701428072329904,0.015360217238100923,1.723426070967397,0,0,0,0.1512899647089634,0.009111315162920573
893,0.9124928117232417,0.9140532027160777,18,2.7777777777777777,36,0.09426164635102119,0.01645487052697458,1.7469701147106755,0,0,0,0.1512899647089634,0.009111315162920573
894,0.9084529849704019,0.9133217617573682,18,2.7777777777777777,35,0.08385474678495576,0.0176182388614725,1.7206226932460211,0,1,0,0.1512899647089634,0.009111315162920573
895,0.9056579092130878,0.9125841024172873,18,2.7777777777777777,35,0.07380519557836601,0.01882791958770492,1.7135155012283052,0,0,0,0.1512899647089634,0.009111315162920573
896,0.8999259466445203,0.9118402439948392,18,2.7777777777777777,35,0.06496788027492305,0.020085075914108262,1.7394050160759178,0,0,0,0.1512899647089634,0.009111315162920573
897,0.8936419743896216,0.9110902058918479,18,2.7777777777777777,34,0.061631533531891526,0.021213539662013666,1.7332971360523581,0,1,0,0.1512899647089634,0.009111315162920573
898,0.8859479547113581,0.9103340076121849,18,2.7777777777777777,35,0.05026895086019713,0.022677476279696292,1.7339000324660359,1,0,0,0.1512899647089634,0.009111315162920573
899,0.8830132069438441,0.9041490034681797,17,2.9411764705882355,35,0.23535819382737397,0.021864379857607818,1.8325189127588624,1,1,1,0.1512899647089634,0.009111315162920573
900,0.8816855482706214,0.9034207081104245,17,2.9411764705882355,36,0.20861017475571958,0.021388209694023535,1.8386441022002602,1,0,0,0.1512899647089634,0.009111315162920573
901,0.8814066195030411,0.9026863121050454,17,2.9411764705882355,36,0.18359728970920447,0.0211596631264332,1.8212668718356446,0,0,0,0.1512899647089634,0.009111315162920573
902,0.8783984317659927,0.8984128695188465,16,3.125,37,0.1688657516032212,0.020613574206572668,1.8671508244695239,1,0,1,0.1512899647089634,0.009111315162920573
903,0.8810783385846197,0.8976459695662171,16,3.125,37,0.14861702001192298,0.02030749645735126,1.8530437421378474,0,0,0,0.1512899647089634,0.009111315162920573
904,0.8854438464251243,0.8968730930701597,16,3.125,37,0.13090007896042025,0.020176852539306525,1.840945194974272,0,0,0,0.1512899647089634,0.009111315162920573
905,0.8886559703644294,0.8960942598179907,16,3.125,37,0.1152607140615772,0.020163055463385784,1.7824602891354613,0,0,0,0.1512899647089634,0.009111315162920573
906,0.8912100801775459,0.8959677912967879,15,3.3333333333333335,38,0.1115057301932156,0.019757613793204495,1.8198813336398159,1,0,1,0.1512899647089634,0.009111315162920573
907,0.8890823773222312,0.8951803525485741,16,3.125,37,0.19090296475267496,0.019453941404341746,1.8467752004945197,0,1,0,0.1512899647089634,0.009111315162920573
908,0.8932445483803605,0.8770042008479649,15,3.3333333333333335,38,0.2725354262102212,0.019242797416199383,1.9506963219583187,1,0,1,0.1512899647089634,0.009111315162920573
909,0.8920469279158951,0.8762560136653248,15,3.3333333333333335,38,0.2398067571540516,0.019141163316420892,1.9132653539665707,0,0,0,0.1512899647089634,0.009111315162920573
910,0.8912023262801172,0.8755019869187856,15,3.3333333333333335,38,0.2110906934131285,0.019102170292132653,1.9266903908034818,0,0,0,0.1512899647089634,0.009111315162920573
911,0.8913371494879815,0.8747421399298857,15,3.3333333333333335,38,0.1859824275594656,0.019076083124767097,1.8946164376023829,0,0,0,0.1512899647089634,0.009111315162920573
912,0.8929436119842904,0.8739764921060438,15,3.3333333333333335,38,0.16375829605903278,0.01908949157814237,1.832525213435447,0,0,0,0.1512899647089634,0.009111315162920573
913,0.8954837568675977,0.873205062939752,15,3.3333333333333335,38,0.14412794715023267,0.01916554314294626,1.8534294451401605,0,0,0,0.1512899647089634,0.009111315162920573
914,0.8989507961886106,0.8724278720077645,15,3.3333333333333335,38,0.12690872929821956,0.01927191414755947,1.8423597452164475,0,0,0,0.1512899647089634,0.009111315162920573
915,0.9004581619396926,0.8716449389702855,15,3.3333333333333335,38,0.11162610972341526,0.019710969223021978,1.8006365465621856,0,0,0,0.1512899647089634,0.009111315162920573
916,0.897853182527834,0.870856283570156,15,3.3333333333333335,38,0.0982470443001221,0.020488790625519827,1.8094438871261758,0,0,0,0.1512899647089634,0.009111315162920573
917,0.9011487464856733,0.8954631847640934,14,3.5714285714285716,39,0.4428322782396165,0.01887002903609189,2.061071112353347,2,1,2,0.1512899647089634,0.009111315162920573
918,0.8994202743570967,0.8947301039332926,15,3.3333333333333335,38,0.4620271036002702,0.017662342724457266,2.0507450712173445,0,1,0,0.1512899647089634,0.009111315162920573
919,0.8987235920382044,0.9043646965543894,14,3.5714285714285716,39,0.21955329558589326,0.017534213834860132,1.9593785841444231,1,0,1,0.1512899647089634,0.009111315162920573
920,0.8954391556522556,0.9036804667207888,14,3.5714285714285716,39,0.1932667176431397,0.01767981197846818,1.973194985680549,0,0,0,0.1512899647089634,0.009111315162920573
921,0.9017122313902622,0.9029894692953131,14,3.5714285714285716,39,0.17004106890522458,0.018036717808776862,1.9894508576641337,0,0,0,0.1512899647089634,0.009111315162920573
922,0.8978844043374807,0.9022917210343944,14,3.5714285714285716,39,0.1496437180934105,0.018525537734686164,1.9438558930967957,0,0,0,0.1512899647089634,0.009111315162920573
923,0.9010842154223885,0.9015872388264713,14,3.5714285714285716,39,0.13182014987523563,0.019083575926953738,1.8681443366057036,0,0,0,0.1512899647089634,0.009111315162920573
924,0.8925335611010725,0.9008760396913186,14,3.5714285714285716,39,0.1161193158325401,0.019690958468604816,1.8912107745099456,0,0,0,0.1512899647089634,0.009111315162920573
925,0.8966215614945415,0.900158140779379,14,3.5714285714285716,39,0.10219181171180901,0.020359913661260845,1.8672194757849017,0,0,0,0.1512899647089634,0.009111315162920573
926,0.8983417536656598,0.8994335593710865,14,3.5714285714285716,39,0.08993518485893733,0.02108223731881604,1.8268894024837246,0,0,0,0.1512899647089634,0.009111315162920573
927,0.8973007085657153,0.8987023128761875,14,3.5714285714285716,38,0.08371763567249384,0.021634137907610707,1.804176800079768,0,1,0,0.1512899647089634,0.009111315162920573
928,0.8998235260271923,0.8979644188330577,14,3.5714285714285716,38,0.07371515593250268,0.02221660395061444,1.799188757566705,0,0,0,0.1512899647089634,0.009111315162920573
929,0.8995200793572583,0.9098367341498828,13,3.8461538461538463,39,0.36312548576595155,0.020344466367807037,1.9833450394649736,1,0,1,0.1512899647089634,0.009111315162920573
930,0.9048010505832532,0.909161336185995,14,3.5714285714285716,37,0.3273851562436401,0.01843500031493038,1.9410334047502367,0,2,0,0.1512899647089634,0.009111315162920573
931,0.9006093897197127,0.9085086201945205,13,3.8461538461538463,40,0.29904738280949733,0.01638969250100487,1.9868801629387374,3,0,1,0.1512899647089634,0.009111315162920573
932,0.9050102356051478,0.9078163780462466,13,3.8461538461538463,40,0.26318532423672225,0.014776044605115836,1.961249994481813,0,0,0,0.1512899647089634,0.009111315162920573
933,0.9083797640967778,0.9071173351967445,13,3.8461538461538463,40,0.2316063611615525,0.01355016675415978,1.9219679166517663,0,0,0,0.1512899647089634,0.009111315162920573
934,0.9102115155474877,0.9064115085149357,13,3.8461538461538463,40,0.20398102031358284,0.012689817309545886,1.8713916871542755,0,0,0,0.1512899647089634,0.009111315162920573
935,0.9040965128831671,0.9056989149996139,13,3.8461538461538463,40,0.1795124117672117,0.012138895489603467,1.8527097532849217,0,0,0,0.1512899647089634,0.009111315162920573
936,0.8963625913617231,0.9103087473836341,12,4.166666666666667,41,0.2734011206192319,0.01161345113134315,1.946542402039985,1,0,1,0.1512899647089634,0.009111315162920573
937,0.8965413815357824,0.9096465618684016,12,4.166666666666667,41,0.24059718711221642,0.011302393651409955,1.9264846095186643,0,0,0,0.1512899647089634,0.009111315162920573
938,0.895666339334872,0.9089775525486116,13,3.8461538461538463,40,0.215125404465041,0.011155431956672039,1.8876699656175253,0,1,0,0.1512899647089634,0.009111315162920573
939,0.8982312395787736,0.9083017358773642,13,3.8461538461538463,40,0.18931667656758797,0.011176268843825938,1.8525360481444286,0,0,0,0.1512899647089634,0.009111315162920573
940,0.8960013475428622,0.907619128436881,13,3.8461538461538463,40,0.16662419280085505,0.01139074546329512,1.82143404733342,0,0,0,0.1512899647089634,0.009111315162920573
941,0.8961691127536373,0.9069297469378113,13,3.8461538461538463,40,0.14664055562405598,0.011790305399114203,1.8230789821141142,0,0,0,0.1512899647089634,0.009111315162920573
942,0.8961159216698763,0.9062336082185343,13,3.8461538461538463,40,0.12909109131668683,0.012307138960861955,1.8120256413447722,0,0,0,0.1512899647089634,0.009111315162920573
943,0.8939753640660555,0.9055307292444562,14,3.5714285714285716,39,0.10262738177520038,0.015763981438344697,1.8070046689811903,0,1,0,0.1512899647089634,0.009111315162920573
944,0.8885430887758132,0.9048211271073041,14,3.5714285714285716,39,0.09034746199983008,0.018849842273982596,1.8137796571369507,0,0,0,0.1512899647089634,0.009111315162920573
945,0.8858470521222469,0.9041048190244171,15,3.3333333333333335,38,0.16743965567400776,0.018421626460411254,1.855142178357194,0,1,0,0.1512899647089634,0.009111315162920573
946,0.8852694252430546,0.90338182233803,15,3.3333333333333335,38,0.14737354195318175,0.018228061423009215,1.8734329138865013,0,0,0,0.1512899647089634,0.009111315162920573
947,0.8857582491777296,0.902652154514557,15,3.3333333333333335,38,0.1296900938987152,0.018206510051875527,1.8985706478751732,0,0,0,0.1512899647089634,0.009111315162920573
948,0.8899070604189586,0.9019158331438694,15,3.3333333333333335,38,0.11417561669811477,0.01829679421096086,1.9055728136708274,0,0,0,0.1512899647089634,0.009111315162920573
949,0.8944606039111145,0.9011728759385682,15,3.3333333333333335,38,0.10046699766187006,0.01848745355849553,1.897580781336091,0,0,0,0.1512899647089634,0.009111315162920573
950,0.8958023721134047,0.9085281869745075,14,3.5714285714285716,39,0.25405060519187733,0.01846257038937986,2.0291558001693533,1,0,1,0.1512899647089634,0.009111315162920573
951,0.9010299647202649,0.9121918329866714,13,3.8461538461538463,40,0.22494161480527158,0.018293469894574158,2.068009046673833,1,0,1,0.1512899647089634,0.009111315162920573
952,0.9057881903720819,0.9115049845947767,13,3.8461538461538463,40,0.1979654987822194,0.01826037100815048,2.0485623576123344,0,0,0,0.1512899647089634,0.009111315162920573
953,0.903998094737132,0.9108114066409839,13,3.8461538461538463,40,0.17420535434470671,0.01832773619761684,2.113110506364076,0,0,0,0.1512899647089634,0.009111315162920573
954,0.9020404282263971,0.9437967330349615,12,4.166666666666667,40,1.2328398491612436,0.0168824205945318,2.7683943798146853,1,1,1,0.1512899647089634,0.009111315162920573
955,0.9051686210104662,0.9432684375502461,13,3.8461538461538463,39,1.0432994293263314,0.015763707626608944,2.599997510334253,0,1,0,0.1512899647089634,0.009111315162920573
956,0.9075049570622408,0.9427327211338404,13,3.8461538461538463,39,0.9181156530093915,0.014907340813323379,2.489882781359476,0,0,0,0.1512899647089634,0.009111315162920573
957,0.9086580557038735,0.9421895968682632,13,3.8461538461538463,39,0.807944489303632,0.014258230862008042,2.40552673574756,0,0,0,0.1512899647089634,0.009111315162920573
958,0.9061116085393689,0.9416390779885508,13,3.8461538461538463,40,0.7114813767790689,0.013764111542577282,2.3384588576914767,1,0,0,0.1512899647089634,0.009111315162920573
959,0.9066318136171485,0.9410811778817136,13,3.8461538461538463,40,0.6260899247003379,0.013400671167522726,2.2853314785382293,0,0,0,0.1512899647089634,0.009111315162920573
960,0.9083625779334664,0.9405159100861886,14,3.5714285714285716,39,0.7496137711031672,0.01313377859120092,2.3385264054504202,0,1,0,0.1512899647089634,0.009111315162920573
961,0.9046016675611955,0.9399432882912833,14,3.5714285714285716,39,0.6598849377059672,0.012908658571453213,2.2989995697149705,0,0,0,0.1512899647089634,0.009111315162920573
962,0.9036153370053315,0.9393633263366188,14,3.5714285714285716,39,0.5807066595679453,0.012774769634839119,2.2822254510593094,0,0,0,0.1512899647089634,0.009111315162920573
963,0.8993484415754099,0.9387760382115654,14,3.5714285714285716,39,0.5111719399419256,0.01267988644358606,2.1595542554540623,0,0,0,0.1512899647089634,0.009111315162920573
964,0.8918661268027486,0.938181438054673,14,3.5714285714285716,39,0.44983798521081786,0.01264341716110871,2.138041109743171,0,0,0,0.1512899647089634,0.009111315162920573
965,0.8873609625897371,0.9581033279517818,12,4.166666666666667,42,1.0209743624152932,0.01244211199910825,2.537688356411686,3,0,2,0.1512899647089634,0.009111315162920573
966,0.8802289516812085,0.9577715735517509,12,4.166666666666667,42,0.8984642084827559,0.012312406995095997,2.461906329311536,0,0,0,0.1512899647089634,0.009111315162920573
967,0.8759316568078153,0.9574319452493721,14,3.5714285714285716,40,1.1080450548126668,0.012219596330298944,2.5149478860540118,0,2,0,0.1512899647089634,0.009111315162920573
968,0.8749731645588463,0.9570844505681516,14,3.5714285714285716,40,0.9750877604671921,0.01217156882041275,2.432643296155124,0,0,0,0.1512899647089634,0.009111315162920573
969,0.8689985344241952,0.9567290972055548,14,3.5714285714285716,39,0.8583967866766516,0.012144497934653171,2.341231051912098,0,1,0,0.1512899647089634,0.009111315162920573
970,0.8675645849139637,0.9563658930327207,14,3.5714285714285716,38,0.7555092989488683,0.012144743083268777,2.257950314298901,0,1,0,0.1512899647089634,0.009111315162920573
971,0.8628372900754809,0.955994846094168,14,3.5714285714285716,38,0.6648659771477473,0.012161747481608467,2.201403137485834,0,0,0,0.1512899647089634,0.009111315162920573
972,0.8633259085245493,0.9556159646074949,14,3.5714285714285716,38,0.5850884383290071,0.012192584255217558,2.103915726395293,0,0,0,0.1512899647089634,0.009111315162920573
973,0.8576920816320657,0.9601012848579573,13,3.8461538461538463,39,0.3933564497568516,0.012223230550748128,1.9801608674025275,1,0,1,0.1512899647089634,0.009111315162920573
974,0.8586688584149346,0.9597342155396781,13,3.8461538461538463,39,0.34618207330224243,0.012274233077894063,1.9183194921426578,0,0,0,0.1512899647089634,0.009111315162920573
975,0.8601907330577299,0.9593593098016407,13,3.8461538461538463,39,0.3048100888404816,0.012324483658740538,1.8603437394252738,0,0,0,0.1512899647089634,0.009111315162920573
976,0.8608827040303849,0.9589765758330143,13,3.8461538461538463,39,0.2683104040657936,0.01240861049101143,1.8375795070302146,0,0,0,0.1512899647089634,0.009111315162920573
977,0.8608273089298255,0.9585860219958942,13,3.8461538461538463,39,0.23612318505321472,0.012528088160411194,1.8336188594749827,0,0,0,0.1512899647089634,0.009111315162920573
978,0.8549754812045852,0.9581876568250031,13,3.8461538461538463,39,0.20779330812066718,0.012670549281221655,1.8161346962046907,0,0,0,0.1512899647089634,0.009111315162920573
979,0.8561650277434382,0.9577814890273847,14,3.5714285714285716,39,0.37971643903357566,0.012824583944953212,1.9079238969193633,1,1,0,0.1512899647089634,0.009111315162920573
980,0.8587116238308568,0.9573675274820912,14,3.5714285714285716,38,0.33453222113982617,0.012925428897464659,1.8277898578083092,0,1,0,0.1512899647089634,0.009111315162920573
981,0.8597123526508886,0.9569457812398654,14,3.5714285714285716,39,0.29501315814580775,0.013041971641579839,1.8748107887307943,1,0,0,0.1512899647089634,0.009111315162920573
982,0.8550054382196314,0.9506082521547746,13,3.8461538461538463,40,0.2624201989480463,0.013282158966512692,1.8778042897513103,1,0,1,0.1512899647089634,0.009111315162920573
983,0.8579617992592189,0.9502076428325191,13,3.8461538461538463,39,0.23208790029981372,0.013540369494575696,1.8060168679667503,0,1,0,0.1512899647089634,0.009111315162920573
984,0.8589650302375924,0.9497993026936367,13,3.8461538461538463,39,0.20424198433368637,0.013804251060916133,1.7711182864403585,0,0,0,0.1512899647089634,0.009111315162920573
985,0.8644282562841661,0.9493832412286898,13,3.8461538461538463,39,0.1797068830263846,0.014077733671388103,1.7867539516959408,0,0,0,0.1512899647089634,0.009111315162920573
986,0.8650361993946434,0.9489594680974441,13,3.8461538461538463,39,0.1581854870706716,0.014331734976046373,1.7726086586524854,0,0,0,0.1512899647089634,0.009111315162920573
987,0.8676670557922418,0.9485279931285067,13,3.8461538461538463,39,0.13928381419584074,0.014560625451473443,1.7603433133250668,0,0,0,0.1512899647089634,0.009111315162920573
988,0.8659741799366995,0.9480888263189607,13,3.8461538461538463,39,0.12280950201713192,0.014736768545181916,1.7497654698159506,0,0,0,0.1512899647089634,0.009111315162920573
989,0.8630283278371697,0.9476419778339928,13,3.8461538461538463,39,0.10807768488225868,0.01491413915453071,1.740406437383609,0,0,0,0.1512899647089634,0.009111315162920573
990,0.865159738431033,0.947187458006513,13,3.8461538461538463,39,0.09518306504030064,0.015171746268716898,1.7322797088648707,0,0,0,0.1512899647089634,0.009111315162920573
991,0.8625118785023271,0.9467252773367739,14,3.5714285714285716,38,0.13921642184446284,0.014977558820635228,1.7229072554871954,0,1,0,0.1512899647089634,0.009111315162920573
992,0.8587826289194744,0.9462554464919782,14,3.5714285714285716,38,0.1226088591580617,0.014821835892736758,1.6960983672802254,0,0,0,0.1512899647089634,0.009111315162920573
993,0.8608298631353482,0.9457779763058846,14,3.5714285714285716,38,0.10790800226838515,0.014729811980973282,1.6866445902000726,0,0,0,0.1512899647089634,0.009111315162920573
994,0.866842208649033,0.9452928777784049,15,3.3333333333333335,37,0.19163337534206787,0.014814473617371735,1.7489048668345217,0,1,0,0.1512899647089634,0.009111315162920573
995,0.8699880771743486,0.9420543159405524,16,3.125,36,0.3962066788561634,0.014726105102224966,1.840167638535659,1,2,1,0.1512899647089634,0.009111315162920573
996,0.8753335893593369,0.9391211990804386,16,3.125,36,0.1103720706607467,0.01517835562625885,1.7030559658129183,1,1,1,0.1512899647089634,0.009111315162920573
997,0.8714273005534559,0.9386566247818876,15,3.3333333333333335,37,0.08718117579825907,0.01573004105270461,1.7104332480413083,1,0,1,0.1512899647089634,0.009111315162920573
998,0.868420268247628,0.9487180136962303,14,3.5714285714285716,38,0.07773058327961485,0.01588882408468093,1.7902317568895336,1,0,1,0.1512899647089634,0.009111315162920573
999,0.8642403283693605,0.9483127870509332,14,3.5714285714285716,38,0.06841332213711512,0.01636321958677222,1.7657430484735925,0,0,0,0.1512899647089634,0.009111315162920573
1000,0.8560417257799335,0.9525301254984925,13,3.8461538461538463,39,0.21407464128322184,0.015585724008936581,1.8914660761634254,1,0,1,0.1512899647089634,0.009111315162920573
1001,0.8575336551219295,0.9521518367018889,13,3.8461538461538463,39,0.18839062443946678,0.01518565064525591,1.8738003432087995,0,0,0,0.1512899647089634,0.009111315162920573
1002,0.858545018465701,0.9517658480958322,13,3.8461538461538463,39,0.16578946590646507,0.015066502539180838,1.858548155952719,0,0,0,0.1512899647089634,0.009111315162920573
1003,0.8611990886168189,0.9513721688489731,15,3.3333333333333335,37,0.3664705426074204,0.015135877955995214,1.9386881828710818,0,2,0,0.1512899647089634,0.009111315162920573
1004,0.8590886834899166,0.9509708082991202,15,3.3333333333333335,37,0.3225007664914367,0.01534810654074509,1.9101048528748348,0,0,0,0.1512899647089634,0.009111315162920573
1005,0.8539449515430146,0.9499070099379262,14,3.5714285714285716,38,0.29051322681851666,0.015276730802400395,1.9297612308260892,1,0,1,0.1512899647089634,0.009111315162920573
1006,0.8534061897803161,0.9494840039546633,14,3.5714285714285716,38,0.25566062150924174,0.015386082875314157,1.8749863439567795,0,0,0,0.1512899647089634,0.009111315162920573
1007,0.8547235630468671,0.9490533495312198,14,3.5714285714285716,38,0.22506688425240245,0.01560473651642222,1.8552326088398674,0,0,0,0.1512899647089634,0.009111315162920573
1008,0.8575407458489356,0.9479044910594308,13,3.8461538461538463,39,0.2098580460158747,0.01590517307720007,1.8375591863258445,1,0,1,0.1512899647089634,0.009111315162920573
1009,0.854897045821769,0.9474554414526865,14,3.5714285714285716,38,0.24281067815144067,0.016277876839421616,1.8204196759281042,0,1,0,0.1512899647089634,0.009111315162920573
1010,0.8588752771615604,0.946998777747189,14,3.5714285714285716,38,0.21367711679121146,0.01672485136018216,1.8172562218526567,0,0,0,0.1512899647089634,0.009111315162920573
1011,0.8639158105985103,0.9465345104990852,14,3.5714285714285716,38,0.18804020713746844,0.017214344833680676,1.7686115881159281,0,0,0,0.1512899647089634,0.009111315162920573
1012,0.8615899397597596,0.9460626504309122,14,3.5714285714285716,38,0.1655523521076548,0.017730415445126255,1.7701720091396786,0,0,0,0.1512899647089634,0.009111315162920573
1013,0.8619228986445442,0.9474715476533322,13,3.8461538461538463,39,0.10865675240728713,0.019366170184312793,1.7918244998506865,1,0,1,0.1512899647089634,0.009111315162920573
1014,0.8699827410038674,0.9470201889462918,13,3.8461538461538463,39,0.09562348578646543,0.02081984431005417,1.7668469277766148,0,0,0,0.1512899647089634,0.009111315162920573
1015,0.8700379478668451,0.9516189993298935,12,4.166666666666667,40,0.09517739458553358,0.021560901190166504,1.8062110639798719,1,0,1,0.1512899647089634,0.009111315162920573
1016,0.8693633739871514,0.9511857836148949,12,4.166666666666667,40,0.08378683251187628,0.022302961102838845,1.7821005699285397,0,0,0,0.1512899647089634,0.009111315162920573
1017,0.8697707460435058,0.9507448932734174,13,3.8461538461538463,41,0.13536464198961598,0.02051599457064999,1.85759013800983,2,1,0,0.1512899647089634,0.009111315162920573
1018,0.8698540781952593,0.9502963382629747,13,3.8461538461538463,41,0.11912353475817726,0.019214983798455886,1.8452526354669516,0,0,0,0.1512899647089634,0.009111315162920573
1019,0.8663028229868333,0.9498401287098165,13,3.8461538461538463,41,0.1048462309029448,0.018310718676464655,1.8347416245008008,0,0,0,0.1512899647089634,0.009111315162920573
1020,0.8626079809132042,0.9493762749085832,13,3.8461538461538463,42,0.09626161174301584,0.01751935520636664,1.836632381515085,1,0,0,0.1512899647089634,0.009111315162920573
1021,0.8637287230093739,0.9529756343197843,12,4.166666666666667,43,0.2792780477985073,0.01633675113178319,1.937223389531061,1,0,1,0.1512899647089634,0.009111315162920573
1022,0.8691256257593177,0.9525531385017335,12,4.166666666666667,43,0.24839126395686023,0.0155078470976183,1.9217771790130838,1,1,0,0.1512899647089634,0.009111315162920573
1023,0.8729450752744882,0.9568624885822169,12,4.166666666666667,43,0.3020234380387436,0.014396520257306837,1.956270878302472,1,1,1,0.1512899647089634,0.009111315162920573
1024,0.8672344254875451,0.9564525668253597,12,4.166666666666667,43,0.26578380531874246,0.013633744914703715,1.915262894800665,0,0,0,0.1512899647089634,0.009111315162920573
1025,0.8616581113347047,0.9560349737379789,12,4.166666666666667,44,0.23416203756496587,0.013163888505284932,1.9183416812460439,1,0,0,0.1512899647089634,0.009111315162920573
1026,0.8574961744472688,0.9556097197905542,13,3.8461538461538463,43,0.2803413508089039,0.011925242247385408,2.004088154515641,0,1,0,0.1512899647089634,0.009111315162920573
1027,0.8566713042045108,0.9551768156201585,14,3.5714285714285716,42,0.236872464789283,0.011030577282948893,1.9720359868962933,0,1,0,0.1512899647089634,0.009111315162920573
1028,0.8539340352374742,0.9547362720300746,14,3.5714285714285716,42,0.20845157326262453,0.010399423487787766,1.9365053249746174,0,0,0,0.1512899647089634,0.009111315162920573
1029,0.8536018246185823,0.9542880999894038,14,3.5714285714285716,42,0.18344204735150643,0.009989106784024227,1.919641014173686,0,0,0,0.1512899647089634,0.009111315162920573
1030,0.8511253348867135,0.9538323106326708,14,3.5714285714285716,42,0.1614246713285296,0.009756094582974346,1.9050366421192046,0,0,0,0.1512899647089634,0.009111315162920573
1031,0.8509757293794835,0.9533689152594207,14,3.5714285714285716,41,0.14456171975240373,0.009711739282031895,1.9063734113430073,0,1,0,0.1512899647089634,0.009111315162920573
1032,0.8510953141526675,0.9528979253338121,14,3.5714285714285716,41,0.12722204117126124,0.009846887893935062,1.8945605093214308,0,0,0,0.1512899647089634,0.009111315162920573
1033,0.8500269557835876,0.9524193524842034,14,3.5714285714285716,41,0.1119608552829468,0.010179281743997057,1.9003469766337735,0,0,0,0.1512899647089634,0.009111315162920573
1034,0.8485515662305518,0.9519332085027354,14,3.5714285714285716,41,0.09852834491316076,0.01067241703770854,1.9234948545459007,0,0,0,0.1512899647089634,0.009111315162920573
1035,0.84649791781428,0.9514395053449046,14,3.5714285714285716,41,0.08670806321244047,0.011266833911385521,1.9158082236259673,0,0,0,0.1512899647089634,0.009111315162920573
1036,0.8359966375011606,0.9509382551291339,14,3.5714285714285716,40,0.07918840067073812,0.01203192251685064,1.9073505796763204,0,1,0,0.1512899647089634,0.009111315162920573
1037,0.8361146253146606,0.9504294701363362,14,3.5714285714285716,40,0.06970829544607655,0.013023119027329343,1.8527031317230545,0,0,0,0.1512899647089634,0.009111315162920573
1038,0.8392090261124683,0.9499131628094744,14,3.5714285714285716,40,0.06135946167343083,0.014173161936366118,1.8789742928456148,0,0,0,0.1512899647089634,0.009111315162920573
1039,0.8396659035449807,0.9493893457531124,14,3.5714285714285716,41,0.05719667022107597,0.015413587771560534,1.9004369640138128,1,0,0,0.1512899647089634,0.009111315162920573
1040,0.8394980816694396,0.9488580317329637,14,3.5714285714285716,41,0.05033636573472603,0.016785417398945804,1.911291040851711,0,0,0,0.1512899647089634,0.009111315162920573
1041,0.8407584822025362,0.9483192336754324,14,3.5714285714285716,41,0.044331157795082635,0.01822932241949281,1.874915610735206,0,0,0,0.1512899647089634,0.009111315162920573
1042,0.8379500661114574,0.9477729646671503,14,3.5714285714285716,41,0.039016489897687225,0.019695342239970288,1.8871475809822298,0,0,0,0.1512899647089634,0.009111315162920573
1043,0.8397963396686245,0.9472192379545076,14,3.5714285714285716,41,0.03434172478449415,0.02116261535865619,1.8839083001534096,0,0,0,0.1512899647089634,0.009111315162920573
1044,0.8388201154181257,0.946658066943177,14,3.5714285714285716,41,0.030266571806159267,0.02262498340175404,1.8811373920457306,0,0,0,0.1512899647089634,0.009111315162920573
1045,0.8377478320855929,0.9460894651976353,14,3.5714285714285716,41,0.02666759935712266,0.024064932985005418,1.8787336463357998,0,0,0,0.1512899647089634,0.009111315162920573
1046,0.835858679824922,0.9455134464406767,14,3.5714285714285716,41,0.02346184822443593,0.025476033258223042,1.8766269239758067,0,0,0,0.1512899647089634,0.009111315162920573
1047,0.8402944889086225,0.9449300245529217,15,3.3333333333333335,40,0.07736619605394575,0.02535200654650742,1.905332078913226,0,1,0,0.1512899647089634,0.009111315162920573
1048,0.8437679530993557,0.9443392135723225,16,3.125,39,0.24036130787844845,0.025383359194067107,1.9829010556877131,0,1,0,0.1512899647089634,0.009111315162920573
1049,0.8456905171918802,0.9444080279756201,15,3.3333333333333335,40,0.20933441478874568,0.025545391301085844,1.9888638520937303,1,0,1,0.1512899647089634,0.009111315162920573
1050,0.8460337878869203,0.9458511704268677,14,3.5714285714285716,41,0.4384342130301919,0.02341344769561342,2.1490079302334775,1,0,1,0.1512899647089634,0.009111315162920573
1051,0.8438409320118686,0.9452967923002699,14,3.5714285714285716,41,0.38583074105782833,0.021777774291916373,2.1314589964462187,0,0,0,0.1512899647089634,0.009111315162920573
1052,0.8453031448019821,0.9447350416282382,14,3.5714285714285716,41,0.33955929528149925,0.020529972447867886,2.1022059910275406,0,0,0,0.1512899647089634,0.009111315162920573
1053,0.8462132750706501,0.9441659323061294,15,3.3333333333333335,40,0.32836837933216584,0.01861766967008249,2.0588738379932803,0,1,0,0.1512899647089634,0.009111315162920573
1054,0.8460959009302437,0.9435894783845185,15,3.3333333333333335,40,0.2889823932375558,0.017133048694214517,2.0177790437380194,0,0,0,0.1512899647089634,0.009111315162920573
1055,0.8432084953603457,0.9430056940686868,15,3.3333333333333335,40,0.25432782278500776,0.015984396074400456,1.9798888995176191,0,0,0,0.1512899647089634,0.009111315162920573
1056,0.8432171821641632,0.9424145937181047,15,3.3333333333333335,40,0.2238127642620672,0.015115955642646514,1.9792568129422008,0,0,0,0.1512899647089634,0.009111315162920573
1057,0.8444558439255802,0.9418161918459084,15,3.3333333333333335,40,0.19696354383621645,0.01447615174938222,1.9324049920904502,0,0,0,0.1512899647089634,0.009111315162920573
1058,0.8423533277460207,0.9412105031183752,15,3.3333333333333335,40,0.1733598810244064,0.01400811365536137,1.9166860779561845,0,0,0,0.1512899647089634,0.009111315162920573
1059,0.8406936076154683,0.9405975423543882,15,3.3333333333333335,40,0.15256635860923118,0.013676721435109089,1.9227924271716943,0,0,0,0.1512899647089634,0.009111315162920573
1060,0.8388677739381274,0.9465994948490948,14,3.5714285714285716,41,0.19237997632730444,0.01344497480347866,1.9546174448009992,1,0,1,0.1512899647089634,0.009111315162920573
1061,0.8372350343735477,0.9459569577987303,14,3.5714285714285716,41,0.1693500511975384,0.013284213217642058,1.9225021249719856,0,0,0,0.1512899647089634,0.009111315162920573
1062,0.8405774590691408,0.9453071886418051,14,3.5714285714285716,41,0.14903649057454646,0.01318648069283606,1.9418409650348247,0,0,0,0.1512899647089634,0.009111315162920573
1063,0.8389474022288965,0.9446502029745101,14,3.5714285714285716,41,0.13121267503131764,0.013125310260327023,1.9480419080363631,0,0,0,0.1512899647089634,0.009111315162920573
1064,0.8352477357798979,0.9439860165436604,14,3.5714285714285716,41,0.11547826304339648,0.013101124658461813,1.9085226850892176,0,0,0,0.1512899647089634,0.009111315162920573
1065,0.8354131536630779,0.9433146452461375,14,3.5714285714285716,41,0.10163886465742811,0.013102250031366534,1.8906601142418415,0,0,0,0.1512899647089634,0.009111315162920573
1066,0.835262375096354,0.9426361051283254,14,3.5714285714285716,41,0.08945385259431696,0.013158686042044964,1.8511799081421287,0,0,0,0.1512899647089634,0.009111315162920573
1067,0.8393897384720925,0.9419504123855462,15,3.3333333333333335,40,0.0893086828415221,0.013285456805238531,1.8302159071440673,0,1,0,0.1512899647089634,0.009111315162920573
1068,0.8317412734665885,0.9412575833614859,15,3.3333333333333335,40,0.0786091927751246,0.01346079130738447,1.8221385387444402,0,0,0,0.1512899647089634,0.009111315162920573
1069,0.8290226398929179,0.9405576345476174,15,3.3333333333333335,39,0.0716899129989873,0.013805720261420367,1.7529937151089166,0,1,0,0.1512899647089634,0.009111315162920573
1070,0.8222636985840076,0.9421263530753515,14,3.5714285714285716,40,0.1293689926989165,0.013778921813005213,1.810856221101493,1,0,1,0.1512899647089634,0.009111315162920573
1071,0.8241789731372652,0.941416470269171,14,3.5714285714285716,40,0.11387120931929806,0.013859801052675728,1.814748844703186,0,0,0,0.1512899647089634,0.009111315162920573
1072,0.8299144110571959,0.9406995156878816,14,3.5714285714285716,40,0.10023675921317825,0.014178128679848467,1.8204616448616127,0,0,0,0.1512899647089634,0.009111315162920573
1073,0.828495982991712,0.9399755064004518,14,3.5714285714285716,41,0.08873053655526719,0.01465762707501129,1.8192280139334394,1,0,0,0.1512899647089634,0.009111315162920573
1074,0.8275230303810719,0.9392444596209713,15,3.3333333333333335,40,0.12268906342608375,0.014634515732669138,1.8161057070558595,0,1,0,0.1512899647089634,0.009111315162920573
1075,0.8223848274416694,0.9417958162978285,14,3.5714285714285716,41,0.12369951440833908,0.013888079066262772,1.8080889103951607,1,0,1,0.1512899647089634,0.009111315162920573
1076,0.8232908389052892,0.9410634116222483,16,3.125,39,0.33113596031731396,0.01295434119342552,1.8760834775030062,0,2,0,0.1512899647089634,0.009111315162920573
1077,0.8214723530426997,0.9420680554835972,15,3.3333333333333335,40,0.10394408282074824,0.013135439960625616,1.7914178756769124,1,0,1,0.1512899647089634,0.009111315162920573
1078,0.8202645600911934,0.9419175302797159,14,3.5714285714285716,41,0.2302654413126318,0.013356348637486875,1.8714478342759266,1,0,1,0.1512899647089634,0.009111315162920573
1079,0.8217965707606533,0.9412422600986551,14,3.5714285714285716,41,0.20267528201340163,0.013590967015062511,1.9163215963243019,0,0,0,0.1512899647089634,0.009111315162920573
1080,0.8176655232227593,0.9405599941435402,14,3.5714285714285716,41,0.1783572557771712,0.013837372132927692,1.8518016738034984,0,0,0,0.1512899647089634,0.009111315162920573
1081,0.8178801263358855,0.9398707494471492,14,3.5714285714285716,41,0.1570624672780505,0.014076950763256291,1.8548279706197266,0,0,0,0.1512899647089634,0.009111315162920573
1082,0.811148817791413,0.9391745431828998,15,3.3333333333333335,40,0.27576914160222726,0.01445062999779184,1.8879043526510089,0,1,0,0.1512899647089634,0.009111315162920573
1083,0.8060665390077267,0.938471392664228,16,3.125,39,0.24930053947131423,0.014622424841723493,1.833912474450043,0,1,0,0.1512899647089634,0.009111315162920573
1084,0.8057553577222636,0.9377613153439636,16,3.125,39,0.21939248129660346,0.014963362813992204,1.845384601853403,0,0,0,0.1512899647089634,0.009111315162920573
1085,0.8000845269230542,0.9370443288137005,16,3.125,39,0.19307067035576067,0.015462502373841735,1.8436542370200368,0,0,0,0.1512899647089634,0.009111315162920573
1086,0.8000959715493445,0.9363204508031637,18,2.7777777777777777,37,0.2819960446412223,0.014382363675746017,1.777806502889669,0,2,0,0.1512899647089634,0.009111315162920573
1087,0.7959039852840122,0.9355896991795705,18,2.7777777777777777,37,0.24815860913343551,0.013636332933190635,1.754851822558763,0,0,0,0.1512899647089634,0.009111315162920573
1088,0.7949591206584199,0.9348520919469868,18,2.7777777777777777,37,0.21838525737730108,0.013143324812275734,1.766998647235407,0,0,0,0.1512899647089634,0.009111315162920573
1089,0.7918134437809319,0.9341076472456838,18,2.7777777777777777,38,0.19268439667290382,0.012833815515857305,1.7745862576105123,1,0,0,0.1512899647089634,0.009111315162920573
1090,0.7866862890690833,0.9333563833514832,18,2.7777777777777777,38,0.16958386738918563,0.012663771255463214,1.7589820351385885,0,0,0,0.1512899647089634,0.009111315162920573
1091,0.7862049620887275,0.9325983186751048,18,2.7777777777777777,38,0.14936433374610308,0.012586698378218042,1.7455423862764698,0,0,0,0.1512899647089634,0.009111315162920573
1092,0.7888142557749734,0.931833471761505,18,2.7777777777777777,38,0.13186824545632891,0.012613170380332772,1.7180637867954034,0,0,0,0.1512899647089634,0.009111315162920573
1093,0.7852941311222339,0.9321196562706812,17,2.9411764705882355,39,0.41210236418266044,0.012623244238116638,1.957968548150801,1,0,1,0.1512899647089634,0.009111315162920573
1094,0.7863772055629386,0.9313765779471432,17,2.9411764705882355,39,0.3626542986777753,0.01275511066668009,1.959122926437569,0,0,0,0.1512899647089634,0.009111315162920573
1095,0.7844002943427952,0.9306267635479755,17,2.9411764705882355,39,0.31913951333254464,0.012973442359989127,1.9481314684227045,0,0,0,0.1512899647089634,0.009111315162920573
1096,0.7907663572465826,0.929870231594822,18,2.7777777777777777,37,0.26409713730926115,0.013244633905875911,1.84344410270294,0,2,0,0.1512899647089634,0.009111315162920573
1097,0.7967754512507724,0.9325885273902791,16,3.125,39,0.26214811271783955,0.01225123407203791,1.9375282328687413,2,0,2,0.1512899647089634,0.009111315162920573
1098,0.8017333848048448,0.931881404298126,16,3.125,39,0.2307024113536343,0.011495502683709476,1.9001009707407084,0,0,0,0.1512899647089634,0.009111315162920573
1099,0.7975748909399252,0.9311674202443125,16,3.125,39,0.20301426323441546,0.01092841977851523,1.8655682008870451,0,0,0,0.1512899647089634,0.009111315162920573
1100,0.7998982137629429,0.9240601755483188,15,3.3333333333333335,40,0.3511308694853559,0.010107983543088473,1.9774982539010104,1,0,1,0.1512899647089634,0.009111315162920573
1101,0.7926395657935484,0.9233692841346679,15,3.3333333333333335,40,0.30900634357857487,0.009478408126607852,1.9985186053044925,0,0,0,0.1512899647089634,0.009111315162920573
1102,0.7909410447072005,0.9226716326564908,15,3.3333333333333335,40,0.27193043016769,0.009014495195723378,1.990994357468625,0,0,0,0.1512899647089634,0.009111315162920573
1103,0.7899471399319425,0.9219672383900649,15,3.3333333333333335,40,0.23936177155766278,0.008675195834509548,1.986494137460606,0,0,0,0.1512899647089634,0.009111315162920573
1104,0.7900921907580712,0.9212561187495613,16,3.125,39,0.24996631939476124,0.008452427104882216,1.972637597531363,0,1,0,0.1512899647089634,0.009111315162920573
1105,0.7887744001640152,0.935799620553067,15,3.3333333333333335,40,0.31595641639099936,0.008169306674398077,2.083567204255479,1,0,1,0.1512899647089634,0.009111315162920573
1106,0.7924142386601908,0.9354262878867803,15,3.3333333333333335,40,0.25089959045526006,0.00899108833030296,2.0320347700888157,1,1,1,0.1512899647089634,0.009111315162920573
1107,0.7922458205106979,0.9347037920543095,16,3.125,39,0.229025331919075,0.009655392343894337,1.9330364610131898,0,1,0,0.1512899647089634,0.009111315162920573
1108,0.7975999180382332,0.9339745466033141,16,3.125,39,0.20155033512810783,0.010278330796951713,1.9141461474731734,0,0,0,0.1512899647089634,0.009111315162920573
1109,0.7959790002047917,0.9332385699813276,16,3.125,38,0.17920747700795586,0.010878265768593859,1.9434364460020048,0,1,0,0.1512899647089634,0.009111315162920573
1110,0.7937197776659215,0.9324958807669971,16,3.125,38,0.15771123037950005,0.01148245191463907,1.8965607080756237,0,0,0,0.1512899647089634,0.009111315162920573
1111,0.7926521665568106,0.9317464976694075,16,3.125,38,0.1387951074854815,0.012118918885107528,1.8837275418772312,0,0,0,0.1512899647089634,0.009111315162920573
1112,0.7893367538032886,0.9309904395274038,16,3.125,38,0.1221500426083935,0.012805843753048165,1.8246278836044934,0,0,0,0.1512899647089634,0.009111315162920573
1113,0.7851322705707213,0.9370454630962518,16,3.125,38,0.3746022164993205,0.011738272910925036,1.980264723429185,1,1,1,0.1512899647089634,0.009111315162920573
1114,0.787422667076892,0.9363162698743362,16,3.125,38,0.3296570273389857,0.010919569534180973,1.9674217615505862,0,0,0,0.1512899647089634,0.009111315162920573
1115,0.791850903939006,0.935580363722127,16,3.125,38,0.2901370227459654,0.010292546756471595,1.9423028725079754,0,0,0,0.1512899647089634,0.009111315162920573
1116,0.7901138894866732,0.9348377633743126,17,2.9411764705882355,37,0.16545556728183222,0.009818495262983434,1.8309388345143964,0,1,0,0.1512899647089634,0.009111315162920573
1117,0.7919371506070659,0.9340884876938174,17,2.9411764705882355,37,0.14561219246374424,0.009555067045234514,1.7856164360872193,0,0,0,0.1512899647089634,0.009111315162920573
1118,0.7925526437354559,0.9333325556711106,17,2.9411764705882355,37,0.1282748002138821,0.009528096543748811,1.7261517205850587,0,0,0,0.1512899647089634,0.009111315162920573
1119,0.7990337299080484,0.9325699864235087,17,2.9411764705882355,37,0.11289378225812159,0.009715711374844617,1.7161263996974205,0,0,0,0.1512899647089634,0.009111315162920573
1120,0.7981620687620204,0.9318007991944748,17,2.9411764705882355,37,0.09939456734740179,0.01008511394358095,1.7394293381653514,0,0,0,0.1512899647089634,0.009111315162920573
1121,0.7968744673943697,0.9310250133529129,17,2.9411764705882355,37,0.08778274618308482,0.01061397057312678,1.7320140960275339,0,0,0,0.1512899647089634,0.009111315162920573
1122,0.7961772733123758,0.9302426483924613,17,2.9411764705882355,37,0.07725737540393157,0.011369557874729977,1.7253627614806208,0,0,0,0.1512899647089634,0.009111315162920573
1123,0.7896064430058836,0.9294537239307785,18,2.7777777777777777,36,0.20485738523396083,0.010938482020584919,1.814170683319073,0,1,0,0.1512899647089634,0.009111315162920573
1124,0.7903329855376521,0.9286582597088291,19,2.6315789473684212,36,0.18705119374637327,0.010683772476974081,1.8076729053818466,1,1,0,0.1512899647089634,0.009111315162920573
1125,0.7975317788045263,0.9307004149903684,18,2.7777777777777777,37,0.15830354197463445,0.010914885888822064,1.8290637670352976,1,0,1,0.1512899647089634,0.009111315162920573
1126,0.7911269064560678,0.9299075611486577,18,2.7777777777777777,37,0.13932771802118302,0.011315917639226913,1.8156578622005979,0,0,0,0.1512899647089634,0.009111315162920573
1127,0.7917774722312809,0.9291080590841793,18,2.7777777777777777,36,0.12457963728704292,0.011828811299527453,1.7537937059131414,0,1,0,0.1512899647089634,0.009111315162920573
1128,0.7926948534758442,0.9283019281262592,18,2.7777777777777777,37,0.10804534347267877,0.01240648526333352,1.7346116487392942,1,0,0,0.1512899647089634,0.009111315162920573
1129,0.7990700761668073,0.9274891877339643,18,2.7777777777777777,37,0.095184967976317,0.013046554007925558,1.6769493127775552,0,0,0,0.1512899647089634,0.009111315162920573
1130,0.8014328860362138,0.9266698574954207,18,2.7777777777777777,37,0.08378142614993259,0.01375367028692882,1.6686476046837837,0,0,0,0.1512899647089634,0.009111315162920573
1131,0.8077786967090995,0.9258439571271265,18,2.7777777777777777,37,0.0737675116002184,0.014489478630834458,1.6615445687054988,0,0,0,0.1512899647089634,0.009111315162920573
1132,0.802799360396693,0.9250115064732592,18,2.7777777777777777,37,0.06496580749167757,0.015229137261261213,1.6714425308040328,0,0,0,0.1512899647089634,0.009111315162920573
1133,0.7977852281065815,0.9241725255049834,18,2.7777777777777777,37,0.05725762081795853,0.015999918569577828,1.6502018572225443,0,0,0,0.1512899647089634,0.009111315162920573
1134,0.7989200134393691,0.9233270343197477,18,2.7777777777777777,37,0.05039679416865221,0.01680817151994015,1.6296235400500187,0,0,0,0.1512899647089634,0.009111315162920573
1135,0.8015163064208549,0.9224750531405859,18,2.7777777777777777,37,0.04439845046855703,0.017859378672607003,1.5936781679427547,0,0,0,0.1512899647089634,0.009111315162920573
1136,0.8017442623745039,0.9216166023154064,18,2.7777777777777777,36,0.04351227686313965,0.018901493489698495,1.541386689364099,0,1,0,0.1512899647089634,0.009111315162920573
1137,0.7958021547179852,0.9207517023162844,18,2.7777777777777777,36,0.038350665726664956,0.020236803009703815,1.5854698918706602,0,0,0,0.1512899647089634,0.009111315162920573
1138,0.7891220877938384,0.9198803737387443,18,2.7777777777777777,36,0.03376768426764105,0.021791357013250027,1.5821052298865812,0,0,0,0.1512899647089634,0.009111315162920573
1139,0.7821548956378322,0.9190026373010439,19,2.6315789473684212,35,0.04063582463281175,0.023300137830433065,1.5662649592741844,0,1,0,0.1512899647089634,0.009111315162920573
1140,0.786440330730831,0.9181185138434504,19,2.6315789473684212,36,0.037614408833127395,0.024662107559499987,1.6039812436707492,1,0,0,0.1512899647089634,0.009111315162920573
1141,0.7891150121735804,0.9172280243275163,19,2.6315789473684212,36,0.033122349304463686,0.02605671396771149,1.615932858360833,0,0,0,0.1512899647089634,0.009111315162920573
1142,0.787573267685613,0.9163311898353472,19,2.6315789473684212,36,0.029385248455215344,0.02739764460862624,1.5806757356567454,0,0,0,0.1512899647089634,0.009111315162920573
1143,0.7833421632537285,0.9154280315688708,19,2.6315789473684212,36,0.026021669588242976,0.028687613553531385,1.5778964416906578,0,0,0,0.1512899647089634,0.009111315162920573
1144,0.7813732286199402,0.9145185708490993,19,2.6315789473684212,36,0.02293133993513019,0.029956352099270184,1.5914713839143622,0,0,0,0.1512899647089634,0.009111315162920573
1145,0.7766456922077422,0.9136028291153885,19,2.6315789473684212,35,0.024636097810382878,0.03085422465396488,1.572566093651193,0,1,0,0.1512899647089634,0.009111315162920573
1146,0.7766491073991603,0.9126808279246941,19,2.6315789473684212,35,0.02176852106635415,0.03173610868952081,1.5378994388635348,0,0,0,0.1512899647089634,0.009111315162920573
1147,0.7756730591779116,0.9117525889508249,19,2.6315789473684212,34,0.021944971753272112,0.03240825420740947,1.549795727719755,0,1,0,0.1512899647089634,0.009111315162920573
1148,0.7697444429544391,0.9076751730376909,18,2.7777777777777777,35,0.12767815909123284,0.031370136852685,1.6365784539555834,1,0,1,0.1512899647089634,0.009111315162920573
1149,0.7622725988571392,0.9067980276711469,18,2.7777777777777777,35,0.11245488670312621,0.030610801186736064,1.6099516008975088,0,0,0,0.1512899647089634,0.009111315162920573
1150,0.7620680807348529,0.9059146997187139,18,2.7777777777777777,35,0.09927745733663809,0.030040473699691587,1.5849254760587075,0,0,0,0.1512899647089634,0.009111315162920573
1151,0.7614298998513231,0.905025210604568,18,2.7777777777777777,35,0.0873342128194111,0.029662022140675242,1.6089197789341905,0,0,0,0.1512899647089634,0.009111315162920573
1152,0.763409348713287,0.9041295818641837,19,2.6315789473684212,34,0.07502308244069217,0.0300365838463613,1.597403287896323,0,1,0,0.1512899647089634,0.009111315162920573
1153,0.7632926119974592,0.9032278351435603,19,2.6315789473684212,34,0.06610145032117803,0.030593343898505324,1.5749529490166376,0,0,0,0.1512899647089634,0.009111315162920573
1154,0.7655306651286097,0.902319992198445,19,2.6315789473684212,34,0.05818479273696481,0.03129516515387472,1.601379934760127,0,0,0,0.1512899647089634,0.009111315162920573
1155,0.7612506277620674,0.9014060748935524,19,2.6315789473684212,34,0.051489774298794436,0.03205088328110362,1.6127456589177376,0,0,0,0.1512899647089634,0.009111315162920573
1156,0.7636246053797447,0.9004861052017806,19,2.6315789473684212,34,0.04536642156780589,0.03289994289059191,1.5926086986945296,0,0,0,0.1512899647089634,0.009111315162920573
1157,0.7659805758870695,0.8995601052034258,19,2.6315789473684212,34,0.0399306449372471,0.033810442651710175,1.5890000212777327,0,0,0,0.1512899647089634,0.009111315162920573
1158,0.7671380640007406,0.8986280970853909,19,2.6315789473684212,34,0.03532805597830007,0.03470616573935777,1.5539780593235184,0,0,0,0.1512899647089634,0.009111315162920573
1159,0.7690524842853563,0.8976901031403942,19,2.6315789473684212,34,0.03120153572039641,0.03558610494383092,1.567306840734641,0,0,0,0.1512899647089634,0.009111315162920573
1160,0.764580965326517,0.8967461457661738,19,2.6315789473684212,35,0.031546251178724526,0.03615212329778171,1.6078671901840373,1,0,0,0.1512899647089634,0.009111315162920573
1161,0.7609513444660502,0.9005730798061488,18,2.7777777777777777,36,0.11105104631364864,0.03360271178923652,1.6633352073957914,1,0,1,0.1512899647089634,0.009111315162920573
1162,0.7629033743361393,0.8996867369482343,18,2.7777777777777777,35,0.09997856840603048,0.031660931541971,1.6840155757493198,0,1,0,0.1512899647089634,0.009111315162920573
1163,0.7689068232905666,0.898794419489389,18,2.7777777777777777,35,0.08805879432674116,0.03019277474497202,1.675356602625321,0,0,0,0.1512899647089634,0.009111315162920573
1164,0.7641119230509686,0.8978961492316606,18,2.7777777777777777,35,0.07752173205836398,0.029100625341628748,1.6679040337569757,0,0,0,0.1512899647089634,0.009111315162920573
1165,0.76190418413805,0.8969919480803666,18,2.7777777777777777,35,0.06823166107302363,0.02830290279648513,1.6614822425352822,0,0,0,0.1512899647089634,0.009111315162920573
1166,0.756122413159498,0.8960818380433051,18,2.7777777777777777,35,0.060069079053957086,0.02772912907596205,1.6239488818509753,0,0,0,0.1512899647089634,0.009111315162920573
1167,0.7570928635667193,0.8951658412299598,18,2.7777777777777777,35,0.05297488383390295,0.027310432852652045,1.5564655061142922,0,0,0,0.1512899647089634,0.009111315162920573
1168,0.7538504124933247,0.8988356936872678,17,2.9411764705882355,36,0.13756880839292293,0.026778193520514776,1.6310517168962166,1,0,1,0.1512899647089634,0.009111315162920573
1169,0.7529577107796895,0.8979562189940021,17,2.9411764705882355,36,0.12112727903585391,0.0263962346293841,1.6360591913168596,0,0,0,0.1512899647089634,0.009111315162920573
1170,0.7497150533879336,0.8970708830537215,17,2.9411764705882355,36,0.10666231454969671,0.026127876799923167,1.6425345066513282,0,0,0,0.1512899647089634,0.009111315162920573
1171,0.7507349483636561,0.896179707792428,18,2.7777777777777777,35,0.14621414849225262,0.02393594684107799,1.6301313275364846,0,1,0,0.1512899647089634,0.009111315162920573
1172,0.750454229222275,0.8952827152339825,18,2.7777777777777777,35,0.12879532582384454,0.02217762133759006,1.6505793243251563,0,0,0,0.1512899647089634,0.009111315162920573
1173,0.7489982428575616,0.8943799274992962,19,2.6315789473684212,34,0.20932039221202486,0.020789465472118934,1.678568831950352,0,1,0,0.1512899647089634,0.009111315162920573
1174,0.7459563767192868,0.8956872725017756,18,2.7777777777777777,35,0.27812605870675144,0.019440284806777345,1.759108082691404,1,0,1,0.1512899647089634,0.009111315162920573
1175,0.7413687391622016,0.8947993537689589,18,2.7777777777777777,35,0.24562118983502118,0.018234581115587237,1.7220470495015272,0,0,0,0.1512899647089634,0.009111315162920573
1176,0.7341397458913852,0.8939056941364497,18,2.7777777777777777,35,0.21574062291057483,0.017418918916242802,1.718950125446731,0,0,0,0.1512899647089634,0.009111315162920573
1177,0.727693267182527,0.8930063158266052,18,2.7777777777777777,35,0.19012477980448206,0.01675635350267168,1.6719541816579788,0,0,0,0.1512899647089634,0.009111315162920573
1178,0.7227923623345167,0.892101241153793,18,2.7777777777777777,35,0.16733402377893225,0.01626714177783446,1.7065598995988267,0,0,0,0.1512899647089634,0.009111315162920573
1179,0.7181100986598988,0.8911904925235635,18,2.7777777777777777,35,0.14727906150565925,0.015911553598239293,1.7094870509019955,0,0,0,0.1512899647089634,0.009111315162920573
1180,0.7128536309144716,0.890274092431825,18,2.7777777777777777,35,0.12978078410078295,0.015632178067019872,1.66620818095942,0,0,0,0.1512899647089634,0.009111315162920573
1181,0.7083405206200437,0.8893520634640092,18,2.7777777777777777,35,0.11383126608202923,0.01553652196611625,1.6400535425234302,0,0,0,0.1512899647089634,0.009111315162920573
1182,0.7097654909296438,0.8884244282942414,18,2.7777777777777777,35,0.10018438978418026,0.015478775932783358,1.5994267210261677,0,0,0,0.1512899647089634,0.009111315162920573
1183,0.7111260994183073,0.8874912096845037,18,2.7777777777777777,35,0.08830135541843581,0.015435197221365344,1.5944678786178061,0,0,0,0.1512899647089634,0.009111315162920573
1184,0.7048122201057394,0.8865524304837973,19,2.6315789473684212,34,0.12171679624584972,0.015408560899188396,1.6101453767725684,0,1,0,0.1512899647089634,0.009111315162920573
1185,0.6998907646585547,0.8856081136273044,19,2.6315789473684212,34,0.10722256683928345,0.015464441290505919,1.632170014372364,0,0,0,0.1512899647089634,0.009111315162920573
1186,0.6974928126785694,0.8837124036171131,17,2.9411764705882355,35,0.20073677150316288,0.015351459432973655,1.7328194186034929,2,1,2,0.1512899647089634,0.009111315162920573
1187,0.6937252100289197,0.8828913198703536,17,2.9411764705882355,35,0.17665545947329536,0.01540636561327968,1.715776292460174,0,0,0,0.1512899647089634,0.009111315162920573
1188,0.6877415061589133,0.8820646908051787,18,2.7777777777777777,34,0.29055851447110187,0.015577834146711522,1.7639223712648087,0,1,0,0.1512899647089634,0.009111315162920573
1189,0.6782735987244903,0.8812325376602547,18,2.7777777777777777,34,0.25569990413563004,0.015827230472482003,1.7406103894179887,0,0,0,0.1512899647089634,0.009111315162920573
1190,0.676808773032161,0.880394881765044,18,2.7777777777777777,34,0.2250472273849728,0.016121657965594685,1.7389211716334416,0,0,0,0.1512899647089634,0.009111315162920573
1191,0.6754319791737892,0.8866885421855962,17,2.9411764705882355,35,0.2048350920263777,0.016044659504608812,1.74932068161767,1,0,1,0.1512899647089634,0.009111315162920573
1192,0.6782632081155847,0.8858765680718058,17,2.9411764705882355,34,0.18214113883962546,0.01605883911982604,1.7473494031051577,0,1,0,0.1512899647089634,0.009111315162920573
1193,0.6771081576404258,0.8850590246399093,17,2.9411764705882355,34,0.16029360444986399,0.016161459790117925,1.7157247025209554,0,0,0,0.1512899647089634,0.009111315162920573
1194,0.6755923943750366,0.8842359329237371,18,2.7777777777777777,34,0.2241068686819287,0.016037119606332098,1.7583755260974352,1,1,0,0.1512899647089634,0.009111315162920573
1195,0.6773471564985989,0.8834073140464856,19,2.6315789473684212,33,0.20396455370485814,0.01563024569339505,1.7090622858891231,0,1,0,0.1512899647089634,0.009111315162920573
1196,0.6768364790613068,0.8825731892199569,20,2.5,32,0.3232969144247282,0.015380689469216613,1.776490813904493,0,1,0,0.1512899647089634,0.009111315162920573
1197,0.6807515667098814,0.8817335797437932,20,2.5,32,0.28452955014090375,0.015238235986547732,1.7336022290217847,0,0,0,0.1512899647089634,0.009111315162920573
1198,0.6833677973835321,0.8915912836026456,19,2.6315789473684212,33,0.2629306191595217,0.014772792477839896,1.7621717456986445,1,0,1,0.1512899647089634,0.009111315162920573
1199,0.6836794720888989,0.8908089808303536,19,2.6315789473684212,33,0.23138602195994004,0.014499820470045038,1.7581416438281627,0,0,0,0.1512899647089634,0.009111315162920573
1200,0.6816147196971732,0.8900208396498889,19,2.6315789473684212,33,0.20366539182066454,0.01438252244194701,1.7246817580815479,0,0,0,0.1512899647089634,0.009111315162920573
1201,0.6876779033367562,0.8892268798453821,19,2.6315789473684212,33,0.17922965059555715,0.014433305214264574,1.7241496825991962,0,0,0,0.1512899647089634,0.009111315162920573
1202,0.6916475903363211,0.8884271213077075,19,2.6315789473684212,33,0.1577659707842011,0.014679018866758414,1.744368501651917,0,0,0,0.1512899647089634,0.009111315162920573
1203,0.6968346319920938,0.8876215840337941,19,2.6315789473684212,32,0.14241174254393602,0.015240289105288296,1.7202287349124092,0,1,0,0.1512899647089634,0.009111315162920573
1204,0.7049119210597358,0.8592242734074701,18,2.7777777777777777,33,0.21465207802151173,0.015464161470501867,1.8338775138524428,1,0,1,0.1512899647089634,0.009111315162920573
1205,0.7056029663570966,0.8584571025426714,18,2.7777777777777777,33,0.18885272763138133,0.01580252501375221,1.7496263368584803,0,0,0,0.1512899647089634,0.009111315162920573
1206,0.7043355232912021,0.8087066710887932,17,2.9411764705882355,34,0.2134876042559301,0.014539504985389983,1.7853285877632967,1,0,1,0.1512899647089634,0.009111315162920573
1207,0.699145031150826,0.8079994936467706,17,2.9411764705882355,34,0.18789796825267718,0.013633062563285232,1.7679157998589106,0,0,0,0.1512899647089634,0.009111315162920573
1208,0.6976181711439087,0.8072870706426825,17,2.9411764705882355,34,0.1653849156218166,0.012997525255575307,1.7221137135535678,0,0,0,0.1512899647089634,0.009111315162920573
1209,0.695961059150635,0.8065694205339602,17,2.9411764705882355,34,0.14554909448344694,0.012581715416443436,1.692741529825427,0,0,0,0.1512899647089634,0.009111315162920573
1210,0.6925061956784863,0.8058465618734608,17,2.9411764705882355,34,0.12809029620471896,0.012345697472099803,1.6824132325743506,0,0,0,0.1512899647089634,0.009111315162920573
1211,0.6916681571997003,0.8051185133088042,17,2.9411764705882355,34,0.1127430007068257,0.012241889045389443,1.663565091562735,0,0,0,0.1512899647089634,0.009111315162920573
1212,0.6898747318849765,0.8043852935817033,17,2.9411764705882355,34,0.09924898572019279,0.012233615746595674,1.6897388597860954,0,0,0,0.1512899647089634,0.009111315162920573
1213,0.689073368089666,0.8036469215272941,17,2.9411764705882355,35,0.08808948012805884,0.012338854139310075,1.7042457893423202,1,0,0,0.1512899647089634,0.009111315162920573
1214,0.6915125334928631,0.7848656643366305,16,3.125,36,0.17381983418171276,0.01241947642265008,1.7450859764581412,1,0,1,0.1512899647089634,0.009111315162920573
1215,0.6955403594011648,0.7841628387144783,16,3.125,36,0.15306071412561326,0.012686878976053305,1.716181985437203,0,0,0,0.1512899647089634,0.009111315162920573
1216,0.6930593381391092,0.7834549702157502,16,3.125,36,0.1351694095578228,0.013014628422347858,1.7506108134560698,0,0,0,0.1512899647089634,0.009111315162920573
1217,0.6952178058403553,0.7827420767714057,18,2.7777777777777777,34,0.4942112279607769,0.013479970241749874,1.9396586125674986,0,2,0,0.1512899647089634,0.009111315162920573
1218,0.693558190505923,0.7820241764061812,18,2.7777777777777777,34,0.4351079297446789,0.014071719702643957,1.8844136646900815,0,0,0,0.1512899647089634,0.009111315162920573
1219,0.6981515960036954,0.7813012872379564,18,2.7777777777777777,34,0.3827903288073958,0.014820463346117474,1.8674358774168933,0,0,0,0.1512899647089634,0.009111315162920573
1220,0.6954803540887059,0.8312498627383342,17,2.9411764705882355,35,0.747934467444888,0.01452536106458193,2.1258319405662744,1,0,1,0.1512899647089634,0.009111315162920573
1221,0.6998097333534504,0.8305740917848524,17,2.9411764705882355,35,0.6582629033962705,0.014361710464129923,2.053261187112269,0,0,0,0.1512899647089634,0.009111315162920573
1222,0.6985027857478103,0.8298924059176003,17,2.9411764705882355,35,0.5794329705434189,0.0142775592516221,1.987887366131931,0,0,0,0.1512899647089634,0.009111315162920573
1223,0.7037475839710696,0.8292048219709584,17,2.9411764705882355,35,0.5099608484461252,0.014271775243789718,1.9286471969220849,0,0,0,0.1512899647089634,0.009111315162920573
1224,0.7100136900523003,0.8285113569064644,17,2.9411764705882355,35,0.4487782212374197,0.014336280550028906,1.8907699486332592,0,0,0,0.1512899647089634,0.009111315162920573
1225,0.7111244282725144,0.8278120278122542,17,2.9411764705882355,35,0.3949507128528949,0.014464875120760784,1.8575976896298427,0,0,0,0.1512899647089634,0.009111315162920573
1226,0.7157819407118619,0.8271068519024999,18,2.7777777777777777,34,0.33471503833286226,0.014576294308982257,1.8332994694382965,0,1,0,0.1512899647089634,0.009111315162920573
1227,0.7230632444830944,0.8263958465168424,19,2.6315789473684212,34,0.30134422007617606,0.01435432666448762,1.8011593668746402,1,1,0,0.1512899647089634,0.009111315162920573
1228,0.7232848147783707,0.8256790291198216,19,2.6315789473684212,34,0.26549926471121943,0.014178158643179546,1.7615641849484325,0,0,0,0.1512899647089634,0.009111315162920573
1229,0.72652282316604,0.8249564173002983,19,2.6315789473684212,34,0.2337072763640168,0.01409359126383757,1.740922835409686,0,0,0,0.1512899647089634,0.009111315162920573
1230,0.7227279427762491,0.8242280287708785,19,2.6315789473684212,34,0.20631773348156915,0.013945987400738293,1.7233144922823982,0,0,0,0.1512899647089634,0.009111315162920573
1231,0.7224546568759845,0.8234938813673279,19,2.6315789473684212,34,0.18160162190261733,0.013884177631331094,1.7076038622866632,0,0,0,0.1512899647089634,0.009111315162920573
1232,0.715946876284298,0.8227539930479857,19,2.6315789473684212,34,0.15976770512611296,0.013924630265685429,1.741842789934487,0,0,0,0.1512899647089634,0.009111315162920573
1233,0.7146375113164853,0.8439120101108362,18,2.7777777777777777,35,0.2512412732389306,0.013828713766883206,1.8047313890874732,1,0,1,0.1512899647089634,0.009111315162920573
1234,0.7144717208085086,0.8432712857016718,18,2.7777777777777777,35,0.22110189145054573,0.013811771492195044,1.8016511037284137,0,0,0,0.1512899647089634,0.009111315162920573
1235,0.7189385678858053,0.8442826157630431,17,2.9411764705882355,36,0.31009540128175317,0.01364016436662345,1.878799717412616,1,0,1,0.1512899647089634,0.009111315162920573
1236,0.7202196752698015,0.8437348913268766,17,2.9411764705882355,36,0.2728960448189332,0.013549967887298082,1.8872944843740334,0,0,0,0.1512899647089634,0.009111315162920573
1237,0.7246154575581589,0.8431807066846723,18,2.7777777777777777,35,0.22824570251462917,0.013468718369929054,1.7601150646207824,0,1,0,0.1512899647089634,0.009111315162920573
1238,0.725124929397365,0.8426200735402916,18,2.7777777777777777,35,0.20101021877648273,0.013441122860532699,1.7584818635998931,0,0,0,0.1512899647089634,0.009111315162920573
1239,0.7187887704254043,0.8420530037487772,19,2.6315789473684212,34,0.18774477583287358,0.012983566783319838,1.7620536647502272,0,1,0,0.1512899647089634,0.009111315162920573
1240,0.7191953518149516,0.8406325856286319,18,2.7777777777777777,35,0.16641445262734478,0.012437081156103265,1.7564037710142841,1,0,1,0.1512899647089634,0.009111315162920573
1241,0.7243757663351168,0.8400592158209201,18,2.7777777777777777,35,0.14646132672384263,0.01206774266485267,1.7267931206127136,0,0,0,0.1512899647089634,0.009111315162920573
1242,0.7253710217986062,0.8394794410967467,20,2.5,33,0.17180042233826925,0.012607346500122766,1.7337674968367676,0,2,0,0.1512899647089634,0.009111315162920573
1243,0.7229433653524491,0.838893273906724,20,2.5,33,0.15119941557537406,0.013202017106967258,1.751235081920579,0,0,0,0.1512899647089634,0.009111315162920573
1244,0.7229450025964576,0.8383007268509863,20,2.5,33,0.13308261427811036,0.013921406723198743,1.7227361429983818,0,0,0,0.1512899647089634,0.009111315162920573
1245,0.7214982435660806,0.8628312142409365,19,2.6315789473684212,34,0.20329827656285324,0.013170105488772605,1.7721438967613488,1,0,1,0.1512899647089634,0.009111315162920573
1246,0.7193006844084496,0.8622221121944356,19,2.6315789473684212,34,0.17891061046662293,0.012705209383866864,1.7559700643977016,0,0,0,0.1512899647089634,0.009111315162920573
1247,0.7214553488963614,0.8616065547986946,19,2.6315789473684212,33,0.16041674128921915,0.012542491525157072,1.7722178183618273,0,1,0,0.1512899647089634,0.009111315162920573
1248,0.7212406997335828,0.860984554894628,20,2.5,32,0.18629088371433844,0.012637700309428795,1.7507503604198251,0,1,0,0.1512899647089634,0.009111315162920573
1249,0.7207157953811247,0.8603561254724109,20,2.5,32,0.16406372611755252,0.012983465362731044,1.751670108313948,0,0,0,0.1512899647089634,0.009111315162920573
1250,0.7255453976359101,0.8597212796711482,20,2.5,32,0.14438638775191404,0.013549929061523676,1.7545557371337108,0,0,0,0.1512899647089634,0.009111315162920573
1251,0.720741045734768,0.8590800307785375,20,2.5,32,0.127064644700598,0.014399004196308992,1.7111817151822806,0,0,0,0.1512899647089634,0.009111315162920573
1252,0.7172657683732936,0.8584323922305264,20,2.5,32,0.1118048049230782,0.015493057360875329,1.7172900792252883,0,0,0,0.1512899647089634,0.009111315162920573
1253,0.7179186303696845,0.8577783776109655,20,2.5,32,0.09925720043271966,0.016590443112454126,1.7252097174632128,0,0,0,0.1512899647089634,0.009111315162920573
1254,0.718005888178397,0.8571180006512548,20,2.5,33,0.08965203562538683,0.01779764096144938,1.7435327692779183,1,0,0,0.1512899647089634,0.009111315162920573
1255,0.7201432513509046,0.8564512752299849,20,2.5,33,0.07890615289015943,0.01912606880196037,1.75214985266111,0,0,0,0.1512899647089634,0.009111315162920573
1256,0.7169423861193418,0.8557782153725723,20,2.5,33,0.06953098722214236,0.02053679431103668,1.7618232130285463,0,0,0,0.1512899647089634,0.009111315162920573
1257,0.7130095635208474,0.8550988352508915,21,2.380952380952381,32,0.09086288136531785,0.021228938700586047,1.7545961943406365,0,1,0,0.1512899647089634,0.009111315162920573
1258,0.7112490815831812,0.8544131491828979,21,2.380952380952381,32,0.08033814880995252,0.022034215190776817,1.7312617384270559,0,0,0,0.1512899647089634,0.009111315162920573
1259,0.7099780085804649,0.8537211716322488,21,2.380952380952381,32,0.07076489462506169,0.022970893903044614,1.74075307363085,0,0,0,0.1512899647089634,0.009111315162920573
1260,0.7080568517611038,0.8530229172079173,21,2.380952380952381,32,0.06234133854366458,0.023977426716075025,1.7511254057680588,0,0,0,0.1512899647089634,0.009111315162920573
1261,0.7035407434168165,0.8523184006638005,21,2.380952380952381,32,0.05504660299657666,0.024985379960664154,1.714318413779341,0,0,0,0.1512899647089634,0.009111315162920573
1262,0.7043882018630723,0.8516076368983233,21,2.380952380952381,31,0.05304178353886485,0.02565349172248285,1.7092929091093658,0,1,0,0.1512899647089634,0.009111315162920573
1263,0.7019844339241815,0.8508906409540371,21,2.380952380952381,31,0.046683949360980394,0.026415200617727518,1.7206112488561232,0,0,0,0.1512899647089634,0.009111315162920573
1264,0.6985448575467197,0.850167428017212,21,2.380952380952381,31,0.04174879876120867,0.02709613767528283,1.6849999386863763,0,0,0,0.1512899647089634,0.009111315162920573
1265,0.6985535393566248,0.8494380134174253,21,2.380952380952381,31,0.03715369737639474,0.027761684315588623,1.6657552129980755,0,0,0,0.1512899647089634,0.009111315162920573
1266,0.7011434760964014,0.8487024126271419,21,2.380952380952381,31,0.03271979882721388,0.028495093201248003,1.646729125225507,0,0,0,0.1512899647089634,0.009111315162920573
1267,0.7011283635190676,0.8667202806143008,20,2.5,33,0.13555612857308194,0.025919203264954446,1.725156611590733,2,0,1,0.1512899647089634,0.009111315162920573
1268,0.7038895795312027,0.8687051229809434,19,2.6315789473684212,34,0.2250218187620322,0.023949514894882742,1.7698802920923824,1,0,1,0.1512899647089634,0.009111315162920573
1269,0.7042838044883866,0.8680019012042117,19,2.6315789473684212,34,0.19806042602449192,0.022445343789660996,1.7519866562410675,0,0,0,0.1512899647089634,0.009111315162920573
1270,0.7063775750278357,0.8661182783184229,18,2.7777777777777777,34,0.18122944820342007,0.020965983109943978,1.7456004693918314,1,1,1,0.1512899647089634,0.009111315162920573
1271,0.7057948654611325,0.8654074194413643,18,2.7777777777777777,34,0.1594773020277406,0.019892334875954196,1.7143334815689786,0,0,0,0.1512899647089634,0.009111315162920573
1272,0.7047959425463044,0.8646903919202248,18,2.7777777777777777,34,0.1401264996386581,0.019181753211938973,1.7170612250474455,0,0,0,0.1512899647089634,0.009111315162920573
1273,0.7057863307534618,0.8642610170280093,17,2.9411764705882355,35,0.1308319489435306,0.018163662889000665,1.7187381633143062,1,0,1,0.1512899647089634,0.009111315162920573
1274,0.7008723397320296,0.8635445463144804,17,2.9411764705882355,35,0.11514473926348255,0.01750770633955502,1.691766089019231,0,0,0,0.1512899647089634,0.009111315162920573
1275,0.7033797641276804,0.8628219552876567,17,2.9411764705882355,35,0.10149325933882283,0.017098183651710775,1.7144053896991496,0,0,0,0.1512899647089634,0.009111315162920573
1276,0.7045868475160387,0.8828330518715878,16,3.125,36,0.44613797403022987,0.016578816804708806,1.92881485999003,1,0,1,0.1512899647089634,0.009111315162920573
1277,0.7030766621182842,0.8821894053142747,16,3.125,36,0.3926133413260058,0.016246013805420012,1.8794170614745225,0,0,0,0.1512899647089634,0.009111315162920573
1278,0.7081748013170741,0.8815393704321574,16,3.125,36,0.34550815580592276,0.016052505895168007,1.8501916859927428,0,0,0,0.1512899647089634,0.009111315162920573
1279,0.7050312690122673,0.8808829612490792,16,3.125,36,0.30425931141270957,0.015920964344148348,1.8727206812295178,0,0,0,0.1512899647089634,0.009111315162920573
1280,0.7063639684172496,0.8802201919344091,16,3.125,36,0.2677567068115866,0.015898388669220567,1.8822778448733708,0,0,0,0.1512899647089634,0.009111315162920573
1281,0.7133766080774814,0.8649030049363289,15,3.3333333333333335,37,0.3708621768549897,0.01568068029734866,1.9362351717028081,1,0,1,0.1512899647089634,0.009111315162920573
1282,0.7176236079617895,0.8644614939482086,15,3.3333333333333335,37,0.32636509151121473,0.015605687634955234,1.8926074540990894,0,0,0,0.1512899647089634,0.009111315162920573
1283,0.7175803198981008,0.8640132718059,16,3.125,36,0.27686997164037513,0.015647308426484357,1.7947132823784955,0,1,0,0.1512899647089634,0.009111315162920573
1284,0.715790815560975,0.8635583484132813,16,3.125,36,0.24365172962998904,0.015803810909277006,1.7736345123236965,0,0,0,0.1512899647089634,0.009111315162920573
1285,0.7185471959610176,0.8630967338300118,16,3.125,36,0.21441986493789006,0.016037412206897115,1.7392345248720114,0,0,0,0.1512899647089634,0.009111315162920573
1286,0.715217521396454,0.8626284382713105,16,3.125,37,0.19010491867749674,0.016305740645516535,1.764499905638456,1,0,0,0.1512899647089634,0.009111315162920573
1287,0.7122416187820755,0.8621534721077286,16,3.125,37,0.16741717798808256,0.016583321555224774,1.765778022616818,0,0,0,0.1512899647089634,0.009111315162920573
1288,0.7062934706125538,0.8616718458649156,16,3.125,37,0.14750150600699305,0.016850225462884255,1.7689966904721723,0,0,0,0.1512899647089634,0.009111315162920573
1289,0.7094967030252677,0.8611835702233823,16,3.125,37,0.12984325315250078,0.01712945711523293,1.7737777920424826,0,0,0,0.1512899647089634,0.009111315162920573
1290,0.7083232458698205,0.8606886560182541,16,3.125,37,0.11453948727680154,0.01736874966535753,1.8121275724793175,0,0,0,0.1512899647089634,0.009111315162920573
1291,0.7074722835785572,0.8601871142390232,17,2.9411764705882355,36,0.3191298233196663,0.017570605392838456,1.9150308040767272,0,1,0,0.1512899647089634,0.009111315162920573
1292,0.7076041033038157,0.8596789560292913,17,2.9411764705882355,35,0.2818320544906371,0.017792359125535187,1.8562639152580784,0,1,0,0.1512899647089634,0.009111315162920573
1293,0.7076554680301395,0.8591641926865091,17,2.9411764705882355,34,0.2492617439066037,0.018005341048153923,1.831930558266734,0,1,0,0.1512899647089634,0.009111315162920573
1294,0.7040549484254758,0.8586428356617094,17,2.9411764705882355,34,0.21943232483152175,0.01823297707508585,1.7804395288409922,0,0,0,0.1512899647089634,0.009111315162920573
1295,0.7051830182638706,0.8729756681430985,16,3.125,34,0.2101664752993161,0.018156732682776507,1.8106849856361493,1,1,1,0.1512899647089634,0.009111315162920573
1296,0.7084170708126423,0.8725232521609347,16,3.125,34,0.18496556059121994,0.018167470214966473,1.7614181616971514,0,0,0,0.1512899647089634,0.009111315162920573
1297,0.7075588591240682,0.8720640623159309,16,3.125,34,0.16305655677163167,0.01818565831732298,1.7786630530697938,0,0,0,0.1512899647089634,0.009111315162920573
1298,0.702461536805637,0.8715981089793355,16,3.125,34,0.14380365651937344,0.01820265767902804,1.8139040331667349,0,0,0,0.1512899647089634,0.009111315162920573
1299,0.6990174020584322,0.8711254026790345,17,2.9411764705882355,34,0.1418827523405015,0.01996188085127747,1.8020960308456342,1,1,0,0.1512899647089634,0.009111315162920573
1300,0.6945919151037913,0.8706459540993026,17,2.9411764705882355,34,0.12492943086198723,0.021567352907622604,1.8056824430981926,0,0,0,0.1512899647089634,0.009111315162920573
1301,0.6927585657216597,0.8701597740805457,17,2.9411764705882355,34,0.11018515084372632,0.023039438304047442,1.812404678941986,0,0,0,0.1512899647089634,0.009111315162920573
1302,0.69421652220049,0.8696668736190386,17,2.9411764705882355,34,0.09753756012890914,0.0243200472625705,1.7712427274041582,0,0,0,0.1512899647089634,0.009111315162920573
1303,0.6936134755313956,0.8691672638666582,18,2.7777777777777777,33,0.0925235997414139,0.025241322790979924,1.7315543033399576,0,1,0,0.1512899647089634,0.009111315162920573
1304,0.6942018878091101,0.8686609561306095,18,2.7777777777777777,33,0.08178270824549011,0.026147671975245274,1.6915997325686263,0,0,0,0.1512899647089634,0.009111315162920573
1305,0.6927053569143353,0.8681479618731465,18,2.7777777777777777,33,0.07188499827781779,0.02711094163404128,1.6685285796826894,0,0,0,0.1512899647089634,0.009111315162920573
1306,0.6934967041691436,0.8676282927112893,18,2.7777777777777777,33,0.0636535502246412,0.028001614647487343,1.6332403156717843,0,0,0,0.1512899647089634,0.009111315162920573
1307,0.6897618823256957,0.8671019604165318,19,2.6315789473684212,32,0.062216889226572605,0.02865305568121501,1.5796162726886929,0,1,0,0.1512899647089634,0.009111315162920573
1308,0.6920502595979091,0.8665689769145483,19,2.6315789473684212,32,0.0547873973819079,0.029352598887677713,1.589587042793707,0,0,0,0.1512899647089634,0.009111315162920573
1309,0.688496161901602,0.8660293542848918,19,2.6315789473684212,32,0.04822269201060125,0.03008785475566616,1.584469568479782,0,0,0,0.1512899647089634,0.009111315162920573
1310,0.6857224682697302,0.8902842470323888,18,2.7777777777777777,33,0.4269980893315045,0.026575734682980162,1.7873508185539686,1,0,1,0.1512899647089634,0.009111315162920573
1311,0.6896910289618896,0.8896455402705181,18,2.7777777777777777,33,0.3758060205793788,0.023791880595902468,1.7393475860639267,0,0,0,0.1512899647089634,0.009111315162920573
1312,0.6942447425703814,0.8849162900879564,17,2.9411764705882355,34,0.33232224713171166,0.021313659306526803,1.704791328566252,1,0,1,0.1512899647089634,0.009111315162920573
1313,0.6936005429019647,0.884271858668498,17,2.9411764705882355,34,0.29245705113955817,0.019386451108463792,1.6795227158991537,0,0,0,0.1512899647089634,0.009111315162920573
1314,0.6940214491874402,0.8836209438208267,17,2.9411764705882355,34,0.2574965685858983,0.017899277590551706,1.658784305063103,0,0,0,0.1512899647089634,0.009111315162920573
1315,0.6958634298581228,0.8829635603521333,17,2.9411764705882355,34,0.22670570440436935,0.016772795287758067,1.6257381955762946,0,0,0,0.1512899647089634,0.009111315162920573
1316,0.6934081012825759,0.8822997232156871,17,2.9411764705882355,34,0.19951083288098365,0.015953313510687503,1.561242579428845,0,0,0,0.1512899647089634,0.009111315162920573
1317,0.6922301447701555,0.8816294475104194,17,2.9411764705882355,35,0.17717855350817746,0.015385022483361842,1.5869591918800976,1,0,0,0.1512899647089634,0.009111315162920573
1318,0.6880913385304648,0.8809527484805029,19,2.6315789473684212,33,0.11903808798937832,0.018084158378967565,1.5434118976250206,0,2,0,0.1512899647089634,0.009111315162920573
1319,0.6909305149046778,0.8796072571701987,18,2.7777777777777777,34,0.11002034497203801,0.02013758277423148,1.5600039906067682,1,0,1,0.1512899647089634,0.009111315162920573
1320,0.6886295000701417,0.8789242615714531,18,2.7777777777777777,34,0.09683098856456786,0.02198561098293742,1.5655924308563995,0,0,0,0.1512899647089634,0.009111315162920573
1321,0.6901963154534263,0.8782348158802497,18,2.7777777777777777,34,0.08523538379025447,0.023666188298719068,1.556761608562397,0,0,0,0.1512899647089634,0.009111315162920573
1322,0.6919740451793852,0.8775389357824397,18,2.7777777777777777,34,0.07502820347273673,0.025200676458614256,1.5344822057998249,0,0,0,0.1512899647089634,0.009111315162920573
1323,0.6916005888062124,0.8890320909683972,17,2.9411764705882355,35,0.2045912029356963,0.022326512319668246,1.6353536845485557,1,0,1,0.1512899647089634,0.009111315162920573
1324,0.6846117300424782,0.888401706060095,17,2.9411764705882355,35,0.18007741197799057,0.020096093606732795,1.5882456692771476,0,0,0,0.1512899647089634,0.009111315162920573
1325,0.6824530911616863,0.8877648088000971,18,2.7777777777777777,34,0.17994761853579663,0.020853993907323027,1.583117987689243,0,1,0,0.1512899647089634,0.009111315162920573
1326,0.6818478010859553,0.8871214138101067,18,2.7777777777777777,34,0.15854817074343186,0.02176419411338971,1.5844909648718826,0,0,0,0.1512899647089634,0.009111315162920573
1327,0.6856438550131656,0.8864715358582097,18,2.7777777777777777,33,0.14369737899549537,0.022539348793946923,1.5412399742166647,0,1,0,0.1512899647089634,0.009111315162920573
1328,0.6839932844964028,0.8858151898584588,18,2.7777777777777777,33,0.12647276544748431,0.023463322898776902,1.5323998193830164,0,0,0,0.1512899647089634,0.009111315162920573
1329,0.6839876827582307,0.8851523908704505,18,2.7777777777777777,33,0.11131550174726206,0.024491052337464413,1.5256764211342517,0,0,0,0.1512899647089634,0.009111315162920573
1330,0.6822601742580139,0.8844831540988978,19,2.6315789473684212,32,0.3274891207902007,0.022212343613716917,1.679658812538541,0,1,0,0.1512899647089634,0.009111315162920573
1331,0.6829150955362461,0.8838074948931983,19,2.6315789473684212,32,0.2883091287301065,0.020563889861415666,1.7491094822863797,0,0,0,0.1512899647089634,0.009111315162920573
1332,0.6838848750325668,0.8831254287469968,19,2.6315789473684212,32,0.25391550853791484,0.019362800156348406,1.723692308908986,0,0,0,0.1512899647089634,0.009111315162920573
1333,0.6851819495548541,0.8824369712977433,19,2.6315789473684212,33,0.2252723461274615,0.01850762651228553,1.7421706605161547,1,0,0,0.1512899647089634,0.009111315162920573
1334,0.686930236015363,0.8817421383262442,19,2.6315789473684212,33,0.1982707778693076,0.01795929654229977,1.7229679063513428,0,0,0,0.1512899647089634,0.009111315162920573
1335,0.6879110601761621,0.881040945756213,19,2.6315789473684212,33,0.17513370450569743,0.017515176792729386,1.693334302425737,0,0,0,0.1512899647089634,0.009111315162920573
1336,0.6904800700042218,0.8803334096538095,19,2.6315789473684212,33,0.15414663253423297,0.017280397414040215,1.6636785393122784,0,0,0,0.1512899647089634,0.009111315162920573
1337,0.6928912329017406,0.8796195462271803,19,2.6315789473684212,33,0.13597333404170991,0.017139541792200834,1.6347269202688302,0,0,0,0.1512899647089634,0.009111315162920573
1338,0.6890008058401191,0.878899371825991,19,2.6315789473684212,33,0.1196897939662334,0.01712651174414542,1.6234210662625934,0,0,0,0.1512899647089634,0.009111315162920573
1339,0.6804500889376189,0.878172902940954,19,2.6315789473684212,33,0.10535819696694283,0.017204429808028013,1.6629203105923056,0,0,0,0.1512899647089634,0.009111315162920573
1340,0.6769751970938828,0.8774401562033519,19,2.6315789473684212,33,0.09299062688301558,0.017300139895580813,1.6370734204389144,0,0,0,0.1512899647089634,0.009111315162920573
1341,0.6757356841108766,0.876701148384557,19,2.6315789473684212,33,0.08210952357165041,0.017400822040446226,1.6287249973748188,0,0,0,0.1512899647089634,0.009111315162920573
1342,0.6731582131760063,0.8759558963955426,19,2.6315789473684212,32,0.07443235266419156,0.0175522412637596,1.6365038740223867,0,1,0,0.1512899647089634,0.009111315162920573
1343,0.670652157607903,0.8752044172863941,19,2.6315789473684212,32,0.06553537794431681,0.017889418484378375,1.613204573584494,0,0,0,0.1512899647089634,0.009111315162920573
1344,0.6694705050002864,0.8744467282458123,19,2.6315789473684212,32,0.05770197821503606,0.0186884262216628,1.5762836970424494,0,0,0,0.1512899647089634,0.009111315162920573
1345,0.6658791883984431,0.8775300104814416,17,2.9411764705882355,34,0.376406440747578,0.01790361479035202,1.7843407470336174,2,0,2,0.1512899647089634,0.009111315162920573
1346,0.6689660563529284,0.8768353902765552,17,2.9411764705882355,34,0.3314022396302797,0.017299326127684134,1.707964005716971,0,0,0,0.1512899647089634,0.009111315162920573
1347,0.6684588812590109,0.8761346541208664,17,2.9411764705882355,34,0.2917736712212,0.016841445062733995,1.6499061991868222,0,0,0,0.1512899647089634,0.009111315162920573
1348,0.6754443503774943,0.87542781808222,18,2.7777777777777777,33,0.5397869137554203,0.016520732645651036,1.7775036455938291,0,1,0,0.1512899647089634,0.009111315162920573
1349,0.6798914761840043,0.8747148983621614,18,2.7777777777777777,33,0.4750389229205645,0.016346563001552218,1.7207469767577714,0,0,0,0.1512899647089634,0.009111315162920573
1350,0.6805376123665606,0.8739959112954544,18,2.7777777777777777,33,0.41805925186957876,0.016282621989750726,1.685128268375822,0,0,0,0.1512899647089634,0.009111315162920573
1351,0.6836089615089344,0.8732708733495959,18,2.7777777777777777,33,0.3679173789644007,0.0162977721618216,1.669969965319196,0,0,0,0.1512899647089634,0.009111315162920573
1352,0.6801971623978145,0.8725398011243228,18,2.7777777777777777,33,0.3245894981506108,0.016209910949767786,1.6111683523457834,0,0,0,0.1512899647089634,0.009111315162920573
1353,0.6749221526003657,0.871802711351118,18,2.7777777777777777,33,0.2859894147617781,0.016145209690364728,1.6194046389486296,0,0,0,0.1512899647089634,0.009111315162920573
1354,0.6774456547392709,0.8710596208927092,18,2.7777777777777777,33,0.2516862038112406,0.016165266209909258,1.6143699648554164,0,0,0,0.1512899647089634,0.009111315162920573
1355,0.6735186471360011,0.8703105467425645,18,2.7777777777777777,33,0.22150709357349696,0.016242796484617496,1.5799229380706024,0,0,0,0.1512899647089634,0.009111315162920573
1356,0.6759312098751126,0.8695555060243834,18,2.7777777777777777,33,0.19524955467561023,0.016301993163866713,1.5319137442502444,0,0,0,0.1512899647089634,0.009111315162920573
1357,0.6744983006118727,0.8687945159915829,18,2.7777777777777777,33,0.17197259037714085,0.016377943884702355,1.535006562809943,0,0,0,0.1512899647089634,0.009111315162920573
1358,0.6764261807726478,0.8680275940267806,18,2.7777777777777777,33,0.15135332003482405,0.01649154995706928,1.5061792484586383,0,0,0,0.1512899647089634,0.009111315162920573
1359,0.6826230430177703,0.8672547576412708,18,2.7777777777777777,33,0.13383583098301133,0.016526868588773704,1.495326940918115,0,0,0,0.1512899647089634,0.009111315162920573
1360,0.6826998754921922,0.8664760244744985,18,2.7777777777777777,33,0.11786916438831979,0.01661665999736787,1.4854905803792229,0,0,0,0.1512899647089634,0.009111315162920573
1361,0.6863268785929738,0.8656914122935291,18,2.7777777777777777,33,0.10373655438238409,0.016774577826585566,1.5088187439391034,0,0,0,0.1512899647089634,0.009111315162920573
1362,0.6920569958934563,0.8649009389925121,18,2.7777777777777777,34,0.09405753484209642,0.01698488759018947,1.5593671293875127,1,0,0,0.1512899647089634,0.009111315162920573
1363,0.6919773808833104,0.864104622592142,18,2.7777777777777777,34,0.08279364361739316,0.017224888942300662,1.5358756425321274,0,0,0,0.1512899647089634,0.009111315162920573
1364,0.6912714083648216,0.8633024812391138,18,2.7777777777777777,34,0.07290394085588763,0.017548229749990756,1.5613919567848011,0,0,0,0.1512899647089634,0.009111315162920573
1365,0.6846373107083512,0.8691027366314572,17,2.9411764705882355,35,0.5643520557281522,0.01749323131867678,1.8643484276403428,1,0,1,0.1512899647089634,0.009111315162920573
1366,0.6879419482685136,0.8683713020859138,17,2.9411764705882355,35,0.496632821128982,0.01749008062972994,1.8227825883299777,0,0,0,0.1512899647089634,0.009111315162920573
1367,0.6839533465919473,0.8676339686663379,17,2.9411764705882355,35,0.43776339417875626,0.017378807880677555,1.7867602082466951,0,0,0,0.1512899647089634,0.009111315162920573
1368,0.6891217617814216,0.8668907532332686,17,2.9411764705882355,35,0.38544158061427536,0.017297347804339745,1.7868415771731465,0,0,0,0.1512899647089634,0.009111315162920573
1369,0.6890330014878991,0.8661416727746996,17,2.9411764705882355,35,0.3391917569665469,0.0172802432166217,1.774697525783364,0,0,0,0.1512899647089634,0.009111315162920573
1370,0.6920190233715735,0.8653867444055673,17,2.9411764705882355,35,0.2991282878679014,0.017239912063268192,1.7183638264233179,0,0,0,0.1512899647089634,0.009111315162920573
1371,0.686881057223962,0.8646259853672329,17,2.9411764705882355,36,0.26364801026981355,0.01729984494951191,1.721353946438821,1,0,0,0.1512899647089634,0.009111315162920573
1372,0.6864114090038866,0.8638594130269617,17,2.9411764705882355,36,0.23235508744908656,0.017314023563037267,1.701786907677152,0,0,0,0.1512899647089634,0.009111315162920573
1373,0.6842943913838208,0.8630870448773955,17,2.9411764705882355,36,0.20448886786052217,0.01738092851884573,1.700473712122088,0,0,0,0.1512899647089634,0.009111315162920573
1374,0.6771838670524598,0.8623088985360253,17,2.9411764705882355,36,0.17995322840693118,0.017490573494113842,1.7173072305984898,0,0,0,0.1512899647089634,0.009111315162920573
1375,0.6775181550859898,0.8615249917446546,17,2.9411764705882355,36,0.15903314395874174,0.017493566596933952,1.6884213565409933,0,0,0,0.1512899647089634,0.009111315162920573
1376,0.6804377994671692,0.8611137513778538,17,2.9411764705882355,36,0.2756649976594524,0.017345505312889448,1.7791501012199828,1,1,1,0.1512899647089634,0.009111315162920573
1377,0.6813317154106516,0.8603678214879116,17,2.9411764705882355,36,0.2425479629712246,0.01729143757668687,1.7738421047509683,0,0,0,0.1512899647089634,0.009111315162920573
1378,0.6799039029570177,0.8596161883825981,17,2.9411764705882355,35,0.2156525805733537,0.017286946517346767,1.7051265435701877,0,1,0,0.1512899647089634,0.009111315162920573
1379,0.681018402649609,0.858858869500391,17,2.9411764705882355,35,0.19032173014469206,0.01725445863804427,1.7044942845064466,0,0,0,0.1512899647089634,0.009111315162920573
1380,0.6767864078551764,0.8696949234893391,16,3.125,36,0.18259029633355894,0.01662034152166047,1.7072801126148587,1,0,1,0.1512899647089634,0.009111315162920573
1381,0.680147306234365,0.8689237229430647,16,3.125,36,0.1611886492489092,0.016036803081884054,1.725007640660388,0,0,0,0.1512899647089634,0.009111315162920573
1382,0.6704871425844457,0.8681465436092961,17,2.9411764705882355,35,0.1483095652335308,0.015269915405567767,1.7127065774734005,0,1,0,0.1512899647089634,0.009111315162920573
1383,0.6661753018079791,0.8673634033002489,17,2.9411764705882355,35,0.13088246143050278,0.014649528008284198,1.7008201056082628,0,0,0,0.1512899647089634,0.009111315162920573
1384,0.6693480892372424,0.8665743199578447,17,2.9411764705882355,35,0.11537107846158032,0.01416900616097804,1.7384406186394192,0,0,0,0.1512899647089634,0.009111315162920573
1385,0.6728846147491149,0.8663675854766553,16,3.125,36,0.10827724031322207,0.013780474119158061,1.757879822859787,1,0,1,0.1512899647089634,0.009111315162920573
1386,0.6710439270312993,0.8655704371237316,16,3.125,36,0.09538573389521714,0.013829608770955477,1.7169165493410206,0,0,0,0.1512899647089634,0.009111315162920573
1387,0.6710359717562762,0.864767394865747,16,3.125,35,0.08746636426802504,0.014169526515908765,1.6597436503137326,0,1,0,0.1512899647089634,0.009111315162920573
1388,0.6728908922956532,0.86395847714066,16,3.125,35,0.08061698718175955,0.014774342168638996,1.675318066123744,1,1,0,0.1512899647089634,0.009111315162920573
1389,0.6726585088176362,0.8631437025133957,16,3.125,35,0.07113896883655134,0.015601834500548835,1.6833942866629474,0,0,0,0.1512899647089634,0.009111315162920573
1390,0.6760828325702439,0.8623230896752759,16,3.125,35,0.06265396416064865,0.01660150083695105,1.6926255575171512,0,0,0,0.1512899647089634,0.009111315162920573
1391,0.6752847916763107,0.8614966574434453,16,3.125,35,0.05539511426137815,0.017671348307928866,1.6710119528223983,0,0,0,0.1512899647089634,0.009111315162920573
1392,0.6745619350870483,0.8606644247602924,16,3.125,35,0.05015918603748085,0.018573997363902812,1.7149266748216672,0,0,0,0.1512899647089634,0.009111315162920573
1393,0.6729394643890071,0.8598264106928687,16,3.125,35,0.04431849350101616,0.019566365412813636,1.6947144684999937,0,0,0,0.1512899647089634,0.009111315162920573
1394,0.6749861573053244,0.8589826344323015,16,3.125,36,0.043075346219318605,0.02054101081973539,1.6859377370311293,1,0,0,0.1512899647089634,0.009111315162920573
1395,0.6729753544343781,0.8581331152932036,16,3.125,36,0.0379956480792665,0.021621802053695002,1.7138667858222134,0,0,0,0.1512899647089634,0.009111315162920573
1396,0.6780617839720188,0.8572778727130786,16,3.125,36,0.03344828386843923,0.022822808984612156,1.7103710180520537,0,0,0,0.1512899647089634,0.009111315162920573
1397,0.6801364760841166,0.8564169262517229,16,3.125,36,0.029446919539695783,0.02420186117316216,1.7393946875220605,0,0,0,0.1512899647089634,0.009111315162920573
1398,0.6838834132558685,0.8555502955906211,16,3.125,36,0.026026978684066365,0.02567313427093671,1.7209110890591217,0,0,0,0.1512899647089634,0.009111315162920573
1399,0.6877595607826683,0.8546780005323422,16,3.125,36,0.02301474358411883,0.02717455777816207,1.686780022536983,0,0,0,0.1512899647089634,0.009111315162920573
1400,0.6959219030190343,0.8538000609999268,17,2.9411764705882355,35,0.14037660122889467,0.02479365652954142,1.8014543430272207,0,1,0,0.1512899647089634,0.009111315162920573
1401,0.6901020645077935,0.8529164970362735,17,2.9411764705882355,35,0.12423153054085155,0.02289615180904517,1.7749602050419235,0,0,0,0.1512899647089634,0.009111315162920573
1402,0.6915304129424621,0.8520273288035194,17,2.9411764705882355,35,0.10933667624974942,0.021488748668263544,1.7494179707879092,0,0,0,0.1512899647089634,0.009111315162920573
1403,0.6922133317531811,0.8511325765824198,17,2.9411764705882355,36,0.09989799633611368,0.020254334038892225,1.7198007715802135,1,0,0,0.1512899647089634,0.009111315162920573
1404,0.6967671808598545,0.8502322607717199,18,2.7777777777777777,35,0.5647320356968039,0.01916844492847876,1.994235701751991,0,1,0,0.1512899647089634,0.009111315162920573
1405,0.7019590197989273,0.8493264018875252,18,2.7777777777777777,35,0.4969729714129995,0.01839803633815411,1.952231143098231,0,0,0,0.1512899647089634,0.009111315162920573
1406,0.6979130171383017,0.8493018201793427,17,2.9411764705882355,36,0.4388019996667841,0.017577822894560547,1.908816719987894,1,0,1,0.1512899647089634,0.009111315162920573
1407,0.7021740274753264,0.848397910813506,17,2.9411764705882355,36,0.3861692484183349,0.017010204809366394,1.8918531891918686,0,0,0,0.1512899647089634,0.009111315162920573
1408,0.7037702955994295,0.8474885063100069,17,2.9411764705882355,36,0.33989900460447425,0.016620436123410458,1.8790531328683358,0,0,0,0.1512899647089634,0.009111315162920573
1409,0.7027821129242612,0.8465736275343347,17,2.9411764705882355,36,0.2997152257178943,0.01628491635500019,1.8861644330099747,0,0,0,0.1512899647089634,0.009111315162920573
1410,0.7008980086597696,0.845653295466393,17,2.9411764705882355,36,0.2646874417033863,0.01595462788966758,1.8485639382064605,0,0,0,0.1512899647089634,0.009111315162920573
1411,0.7020217513727462,0.8447275311998476,17,2.9411764705882355,36,0.23291532377789398,0.015764254039741733,1.845062799155058,0,0,0,0.1512899647089634,0.009111315162920573
1412,0.7025508556734923,0.843796355941471,17,2.9411764705882355,36,0.20494715346717204,0.015711752490623218,1.8599534957465444,0,0,0,0.1512899647089634,0.009111315162920573
1413,0.7088174230421217,0.8428597910104831,17,2.9411764705882355,36,0.18036611371519404,0.01575151528237426,1.8609585709787972,0,0,0,0.1512899647089634,0.009111315162920573
1414,0.7089469260926498,0.8419178578378897,17,2.9411764705882355,36,0.15882280071044644,0.015839925121937912,1.8318478574885289,0,0,0,0.1512899647089634,0.009111315162920573
1415,0.7121742583549951,0.8409705779658151,17,2.9411764705882355,35,0.14184268423469595,0.015924602363928,1.7860212433375136,0,1,0,0.1512899647089634,0.009111315162920573
1416,0.7121238971572892,0.840017973046832,18,2.7777777777777777,34,0.14439341970635897,0.015393713439609453,1.767322776421337,0,1,0,0.1512899647089634,0.009111315162920573
1417,0.7142887193730765,0.8390600648432901,18,2.7777777777777777,34,0.127080672454893,0.015031833115749491,1.755763446921077,0,0,0,0.1512899647089634,0.009111315162920573
1418,0.7161591855433984,0.8380968752266379,18,2.7777777777777777,34,0.11184647566648938,0.014797507564487344,1.7297441679859997,0,0,0,0.1512899647089634,0.009111315162920573
1419,0.7232483576217392,0.8371284261767434,18,2.7777777777777777,34,0.09843912252853526,0.014658654980605073,1.7210406854567006,0,0,0,0.1512899647089634,0.009111315162920573
1420,0.7282511617505762,0.836154739781212,19,2.6315789473684212,33,0.20214458905109228,0.014551155058703689,1.7645196623853403,0,1,0,0.1512899647089634,0.009111315162920573
1421,0.7324434228355685,0.835175838234697,19,2.6315789473684212,34,0.17884365418107484,0.014409896770834684,1.7737308742246585,1,0,0,0.1512899647089634,0.009111315162920573
1422,0.7293852781041411,0.8341917438382128,19,2.6315789473684212,34,0.15754244202067227,0.01434602499911236,1.7753439764994134,0,0,0,0.1512899647089634,0.009111315162920573
1423,0.7319547282922355,0.8451076967627648,18,2.7777777777777777,35,0.1440826991837824,0.01721823728166923,1.8065635029755271,1,0,1,0.1512899647089634,0.009111315162920573
1424,0.7305094457072591,0.8442075251383674,18,2.7777777777777777,35,0.12678996486438482,0.019696897322485415,1.746659391517574,0,0,0,0.1512899647089634,0.009111315162920573
1425,0.7338377277720852,0.8433019379146393,18,2.7777777777777777,34,0.11327586865207984,0.021700639867898323,1.7339045806404554,0,1,0,0.1512899647089634,0.009111315162920573
1426,0.730595044775804,0.8423909555112187,18,2.7777777777777777,34,0.10040407373037852,0.02333418276671711,1.7726967388251327,0,0,0,0.1512899647089634,0.009111315162920573
1427,0.7346013706369751,0.8414745984625254,18,2.7777777777777777,35,0.09270385117817373,0.024474970141543206,1.7914630316470834,1,0,0,0.1512899647089634,0.009111315162920573
1428,0.7296861396967497,0.8405528874171369,18,2.7777777777777777,35,0.08158746002920879,0.0255290748778198,1.7845830167226597,0,0,0,0.1512899647089634,0.009111315162920573
1429,0.7286007530090179,0.8412324441518586,17,2.9411764705882355,36,0.08922671658698743,0.025970571388248355,1.7962589354810437,1,0,1,0.1512899647089634,0.009111315162920573
1430,0.723966173425777,0.8503560672729588,16,3.125,37,0.19130212442425376,0.022987327779200678,1.8483234538011901,1,0,1,0.1512899647089634,0.009111315162920573
1431,0.7233940879452347,0.849509060601696,17,2.9411764705882355,36,0.45239621595193485,0.02069456173063344,1.9675943639311393,0,1,0,0.1512899647089634,0.009111315162920573
1432,0.7184578501577495,0.8486565896497007,17,2.9411764705882355,36,0.39811288066380507,0.018942906271306615,1.9169852041682673,0,0,0,0.1512899647089634,0.009111315162920573
1433,0.7198799617168449,0.8477986737782712,17,2.9411764705882355,35,0.3514119991776215,0.017612915274968065,1.8679353063340611,0,1,0,0.1512899647089634,0.009111315162920573
1434,0.7164546021582717,0.8469353324664839,17,2.9411764705882355,34,0.31077118043480795,0.016534076690530475,1.823528788381501,0,1,0,0.1512899647089634,0.009111315162920573
1435,0.7098023619842158,0.8460665853106094,17,2.9411764705882355,34,0.2735535774344047,0.01572526591431083,1.766931706551105,0,0,0,0.1512899647089634,0.009111315162920573
1436,0.7034502288682941,0.8451924520235233,17,2.9411764705882355,34,0.24086760857001724,0.015110459529648129,1.7616202352098569,0,0,0,0.1512899647089634,0.009111315162920573
1437,0.7005930636004949,0.8466695807197941,16,3.125,35,0.23179459983358378,0.014553319263667144,1.7794015124510352,1,0,1,0.1512899647089634,0.009111315162920573
1438,0.7040472448604801,0.8458100220661029,16,3.125,35,0.2040176861241165,0.014241665401014535,1.7611541760876335,0,0,0,0.1512899647089634,0.009111315162920573
1439,0.7051666037136318,0.8403736727789246,15,3.3333333333333335,36,0.18630237463717073,0.013718292538980225,1.773839098092175,1,0,1,0.1512899647089634,0.009111315162920573
1440,0.7083553041588597,0.8395091468869175,15,3.3333333333333335,36,0.16395968560415788,0.013402263861402176,1.7281690663448996,0,0,0,0.1512899647089634,0.009111315162920573
1441,0.7138627905931695,0.8386392993023556,15,3.3333333333333335,36,0.14575800967652688,0.013054912265933794,1.7330497470427195,0,0,0,0.1512899647089634,0.009111315162920573
1442,0.7152297862009414,0.8431176358769236,15,3.3333333333333335,35,0.1831247982611118,0.013816299329413221,1.7235710848842698,1,2,1,0.1512899647089634,0.009111315162920573
1443,0.7141596780229205,0.8422787686690631,15,3.3333333333333335,35,0.16115520987809495,0.014790485241635416,1.723465280372559,0,0,0,0.1512899647089634,0.009111315162920573
1444,0.7117710630539301,0.8414345521759395,16,3.125,34,0.22012962493348825,0.014158071880561389,1.7581568907943697,1,2,0,0.1512899647089634,0.009111315162920573
1445,0.7129499863107058,0.845718428576873,15,3.3333333333333335,35,0.5438975657719213,0.013090037759283682,1.97339787633886,1,0,1,0.1512899647089634,0.009111315162920573
1446,0.7124387840430192,0.8500311448679881,14,3.5714285714285716,36,0.6860994013648453,0.012291928055999752,2.0479541434756876,1,0,1,0.1512899647089634,0.009111315162920573
1447,0.7142568931793478,0.8492700508848001,14,3.5714285714285716,36,0.6037307340168312,0.01170651694808405,2.027459317402684,0,0,0,0.1512899647089634,0.009111315162920573
1448,0.717267889136065,0.8485035072666762,14,3.5714285714285716,36,0.532034931349437,0.011148006225297793,1.9661366165541012,0,0,0,0.1512899647089634,0.009111315162920573
1449,0.719814747121453,0.8477315319130911,14,3.5714285714285716,36,0.4682009779311567,0.010832628923916838,1.927357330067023,0,0,0,0.1512899647089634,0.009111315162920573
1450,0.7155809443230586,0.846954142843399,14,3.5714285714285716,36,0.4127288663021198,0.010642076036755868,1.893714877262519,0,0,0,0.1512899647089634,0.009111315162920573
1451,0.7188096659722432,0.8461713581962989,14,3.5714285714285716,36,0.3632485182950704,0.010642014396561839,1.8465072790879775,0,0,0,0.1512899647089634,0.009111315162920573
1452,0.7200527666658744,0.8564836971587876,13,3.8461538461538463,37,0.9908738099267673,0.010527285843730331,2.2636929120392617,1,0,1,0.1512899647089634,0.009111315162920573
1453,0.7217476317367134,0.8557693139659692,13,3.8461538461538463,37,0.8719894913453323,0.010526907078437906,2.1758201643696005,0,0,0,0.1512899647089634,0.009111315162920573
1454,0.7219881378432124,0.8550493982612783,14,3.5714285714285716,36,0.712412836328651,0.010581554057909661,2.0441675539689914,0,1,0,0.1512899647089634,0.009111315162920573
1455,0.721829560403058,0.8543239669487306,14,3.5714285714285716,36,0.626950052311214,0.010698438666642196,2.0239599205155794,0,0,0,0.1512899647089634,0.009111315162920573
1456,0.7189058146305704,0.8535930370535639,14,3.5714285714285716,36,0.5520789876795624,0.010787982088857175,2.009089809454376,0,0,0,0.1512899647089634,0.009111315162920573
1457,0.7141407517068766,0.8528566257217246,14,3.5714285714285716,36,0.48586446675764805,0.0109213975962343,1.9851504926895673,0,0,0,0.1512899647089634,0.009111315162920573
1458,0.7155425026623432,0.8521147502193536,14,3.5714285714285716,36,0.4275834656018385,0.011084836909234343,1.934023938837337,0,0,0,0.1512899647089634,0.009111315162920573
1459,0.7162191910550547,0.8513674279322648,15,3.3333333333333335,35,0.36235491272986464,0.01131454865426845,1.8925183422450942,0,1,0,0.1512899647089634,0.009111315162920573
1460,0.714938610115566,0.8506146763654235,16,3.125,34,0.30364750490543513,0.011505072874479095,1.8515175488986426,0,1,0,0.1512899647089634,0.009111315162920573
1461,0.7128561850814853,0.8498565131424164,16,3.125,34,0.2688058481460299,0.011436969759364212,1.845530293354154,0,0,0,0.1512899647089634,0.009111315162920573
1462,0.7121396836154013,0.8589318994437573,16,3.125,34,0.47997049644409917,0.011262497719453732,1.981417386216362,2,2,2,0.1512899647089634,0.009111315162920573
1463,0.7184348239063582,0.8582408094253957,16,3.125,34,0.42245870559466314,0.011153193337936525,1.9933015396192246,0,0,0,0.1512899647089634,0.009111315162920573
1464,0.720541916989381,0.8575441685091687,16,3.125,35,0.37538357273620176,0.011023832276088752,1.9718498808385412,1,0,0,0.1512899647089634,0.009111315162920573
1465,0.7229835304637287,0.856841992957752,17,2.9411764705882355,34,0.5093052913346496,0.010908443830572413,2.027047977698405,0,1,0,0.1512899647089634,0.009111315162920573
1466,0.722305494461943,0.8561342991549337,17,2.9411764705882355,34,0.4482125926079214,0.010848730965089292,1.984276157737964,0,0,0,0.1512899647089634,0.009111315162920573
1467,0.7259466031152866,0.8554211036051197,17,2.9411764705882355,34,0.39445757915561086,0.01082835035445918,1.947435999123275,0,0,0,0.1512899647089634,0.009111315162920573
1468,0.7340289790434423,0.8547024229328386,17,2.9411764705882355,34,0.34712907005196314,0.01083731860867893,1.8995985307536094,0,0,0,0.1512899647089634,0.009111315162920573
1469,0.7408806282188748,0.8563567306110337,16,3.125,35,0.282960911599396,0.010888417022552409,1.900267363501461,1,0,1,0.1512899647089634,0.009111315162920573
1470,0.742356320375646,0.857523549387324,16,3.125,35,0.9544923613512192,0.010744693358405402,2.3200635292170997,1,1,1,0.1512899647089634,0.009111315162920573
1471,0.748898236845136,0.8568252586765038,15,3.3333333333333335,36,0.4688771133981018,0.01065227286935088,2.080852352343637,1,0,1,0.1512899647089634,0.009111315162920573
1472,0.7484290073349397,0.8561703509364796,15,3.3333333333333335,37,0.4134754088679775,0.010588024452685297,2.0682298085493684,1,0,0,0.1512899647089634,0.009111315162920573
1473,0.7507335824986014,0.855509966300923,15,3.3333333333333335,37,0.3638703592393642,0.01059833132796287,2.0189306379650547,0,0,0,0.1512899647089634,0.009111315162920573
1474,0.7524173725913316,0.8548441201477963,16,3.125,36,0.4491873843576543,0.010655386669527566,2.0319687474306694,0,1,0,0.1512899647089634,0.009111315162920573
1475,0.7509467365197874,0.8541728279754631,16,3.125,36,0.39525480128997664,0.01076265165553799,1.948995118386044,0,0,0,0.1512899647089634,0.009111315162920573
1476,0.7441402584212509,0.8534961054022306,16,3.125,36,0.34784327988038105,0.010912150290229515,1.9185876461372724,0,0,0,0.1512899647089634,0.009111315162920573
1477,0.7497117713725454,0.8528139681658921,16,3.125,36,0.3060846702981184,0.011095897904062733,1.9080620608356538,0,0,0,0.1512899647089634,0.009111315162920573
1478,0.7461433052210569,0.8521264321232571,16,3.125,36,0.2699957009849719,0.011166215902779185,1.8693058645835703,0,0,0,0.1512899647089634,0.009111315162920573
1479,0.748315480955877,0.8514335132496861,17,2.9411764705882355,35,0.3344273469597053,0.011362937201180532,1.9036377411702636,0,1,0,0.1512899647089634,0.009111315162920573
1480,0.7440734267383337,0.850735227638614,17,2.9411764705882355,35,0.2943199689297808,0.01160789590007906,1.8303279811036988,0,0,0,0.1512899647089634,0.009111315162920573
1481,0.7454412910650501,0.8500315915010732,18,2.7777777777777777,34,0.6362968907581517,0.011688271897388147,1.9843301342642636,0,1,0,0.1512899647089634,0.009111315162920573
1482,0.7454145331806993,0.8493226211652105,18,2.7777777777777777,34,0.5599690343827521,0.01179484696524476,1.9208954204866808,0,0,0,0.1512899647089634,0.009111315162920573
1483,0.7467015911747867,0.8486083330758004,18,2.7777777777777777,34,0.49382950124869074,0.011726439076543143,1.8479832006419863,0,0,0,0.1512899647089634,0.009111315162920573
1484,0.7520743921911407,0.8478887437937542,18,2.7777777777777777,34,0.43458733984622655,0.011726788078484778,1.8435165288273152,0,0,0,0.1512899647089634,0.009111315162920573
1485,0.7522457832679385,0.847163869995624,19,2.6315789473684212,33,0.5553668908560215,0.011789977383479628,1.8957932282032974,0,1,0,0.1512899647089634,0.009111315162920573
1486,0.7563298777599522,0.8464337284731038,19,2.6315789473684212,33,0.4887539643787837,0.011906324829691024,1.8546821988945335,0,0,0,0.1512899647089634,0.009111315162920573
1487,0.755812108841758,0.8456983361325262,19,2.6315789473684212,33,0.43012090137299025,0.01205908386738322,1.8186449060242418,0,0,0,0.1512899647089634,0.009111315162920573
1488,0.7534552809711282,0.8449577099943533,19,2.6315789473684212,34,0.37911448592879265,0.01223353880340775,1.8278979654576113,1,0,0,0.1512899647089634,0.009111315162920573
1489,0.7574668220836831,0.8481390040742741,18,2.7777777777777777,35,0.3342468091378944,0.012257849404664425,1.8243700409079882,1,0,1,0.1512899647089634,0.009111315162920573
1490,0.7626006008082594,0.8474589223989919,18,2.7777777777777777,35,0.2951643354989303,0.012147010679071275,1.831465067868297,0,0,0,0.1512899647089634,0.009111315162920573
1491,0.7627744195565778,0.8467734895498674,18,2.7777777777777777,34,0.26119932326862105,0.012117769335339748,1.7904944438878767,0,1,0,0.1512899647089634,0.009111315162920573
1492,0.7565889704487846,0.8460827210772929,18,2.7777777777777777,34,0.23003676450918412,0.012156807157681249,1.7543531961505388,0,0,0,0.1512899647089634,0.009111315162920573
1493,0.7535269030262396,0.8453866326499938,18,2.7777777777777777,34,0.20250552530243002,0.012286037744934874,1.768751668265229,0,0,0,0.1512899647089634,0.009111315162920573
1494,0.7509497578469095,0.844685240054573,18,2.7777777777777777,34,0.17814012739117072,0.012506188126524738,1.785320341247531,0,0,0,0.1512899647089634,0.009111315162920573
1495,0.7453450380479251,0.8439785591950519,18,2.7777777777777777,34,0.15677992214983832,0.012804068793306473,1.7398951518995245,0,0,0,0.1512899647089634,0.009111315162920573
1496,0.7507342458053227,0.843266606092407,19,2.6315789473684212,33,0.14470141386046367,0.0127893120824061,1.728691247273494,0,1,0,0.1512899647089634,0.009111315162920573
1497,0.7501894340116613,0.842549396884103,20,2.5,32,0.14816702533385384,0.012435216505865442,1.7103030144182245,0,1,0,0.1512899647089634,0.009111315162920573
1498,0.751053408446833,0.8418269478236184,20,2.5,32,0.13040838002910468,0.012219350190377747,1.6982971274308971,0,0,0,0.1512899647089634,0.009111315162920573
1499,0.7548992223442882,0.8410992752799722,20,2.5,32,0.11478099580334017,0.012108596257541791,1.6879076720420796,0,0,0,0.1512899647089634,0.009111315162920573
1500,0.7577201759061966,0.8403663957372394,20,2.5,32,0.10104746372887646,0.012140827746566647,1.6789077841573825,0,0,0,0.1512899647089634,0.009111315162920573
1501,0.7586082182837589,0.8396283257940692,21,2.380952380952381,31,0.0956955390017738,0.0119221897033885,1.7196268028411068,0,1,0,0.1512899647089634,0.009111315162920573
1502,0.7567052566000663,0.8421242912338864,20,2.5,32,0.08822473133965861,0.01161777860969833,1.7545919483838273,1,0,1,0.1512899647089634,0.009111315162920573
1503,0.7596142410057751,0.8419121068526678,19,2.6315789473684212,33,0.09231033023983308,0.0112694757061917,1.7813790303289239,1,0,1,0.1512899647089634,0.009111315162920573
1504,0.7592264567359972,0.8431848024244244,18,2.7777777777777777,34,0.3960872990629962,0.010624350523809991,1.986147003576566,1,0,1,0.1512899647089634,0.009111315162920573
1505,0.7656190541543624,0.8425028889051159,19,2.6315789473684212,33,0.27363442307263736,0.010226508843313489,1.8910516219476585,0,1,0,0.1512899647089634,0.009111315162920573
1506,0.7620650890326235,0.8418157918951067,19,2.6315789473684212,33,0.2410274476021797,0.010027638607981029,1.8532696946393648,0,0,0,0.1512899647089634,0.009111315162920573
1507,0.7630040369304679,0.8411235272232637,19,2.6315789473684212,33,0.2121013958413002,0.009984313191850537,1.8342507570633229,0,0,0,0.1512899647089634,0.009111315162920573
1508,0.760689775572909,0.8404261108316177,19,2.6315789473684212,33,0.1874501616757147,0.009922801382746118,1.7542125366743357,0,0,0,0.1512899647089634,0.009111315162920573
1509,0.7622907965982023,0.8397235587748831,19,2.6315789473684212,33,0.16516319236617655,0.00997430485501103,1.7559047451713863,0,0,0,0.1512899647089634,0.009111315162920573
1510,0.7662095382310339,0.8390158872199711,19,2.6315789473684212,33,0.14535790571739995,0.010176868725720198,1.7753198657442002,0,0,0,0.1512899647089634,0.009111315162920573
1511,0.7644304785088167,0.8383031124454988,19,2.6315789473684212,33,0.1278751669277623,0.010542804267479944,1.7483039418919777,0,0,0,0.1512899647089634,0.009111315162920573
1512,0.7667839831703447,0.8375852508412964,19,2.6315789473684212,33,0.1125365943877545,0.011095394575059501,1.706706087934143,0,0,0,0.1512899647089634,0.009111315162920573
1513,0.7664588289936591,0.8367652717589071,17,2.9411764705882355,35,0.8668827114583748,0.010987306366574072,2.208017725351142,2,0,2,0.1512899647089634,0.009111315162920573
1514,0.7756041590278235,0.8360952357082352,17,2.9411764705882355,35,0.7628857527270153,0.011049749318835228,2.144147525493297,0,0,0,0.1512899647089634,0.009111315162920573
1515,0.77119912046772,0.8440179751182847,17,2.9411764705882355,35,0.6607191258466846,0.01068914181364866,2.1027435309008267,1,1,1,0.1512899647089634,0.009111315162920573
1516,0.770450021004256,0.8447532597183914,16,3.125,36,0.7081256632675439,0.010524495419761939,2.1376094395051384,1,0,1,0.1512899647089634,0.009111315162920573
1517,0.7703553784195286,0.8440709131586048,16,3.125,35,0.6235972333181511,0.010537850818637243,2.06520887114935,0,1,0,0.1512899647089634,0.009111315162920573
1518,0.7607028515946361,0.8433835066861559,16,3.125,35,0.5487764946699794,0.01067616382403072,2.0180537951708324,0,0,0,0.1512899647089634,0.009111315162920573
1519,0.755914345041218,0.8426910563214334,16,3.125,35,0.48386763146090744,0.010712450101855772,1.993411502653178,0,0,0,0.1512899647089634,0.009111315162920573
1520,0.7582086380973609,0.8437712076359281,15,3.3333333333333335,36,0.5653487379748051,0.010626417269217862,2.033527435617358,1,0,1,0.1512899647089634,0.009111315162920573
1521,0.7618307770362855,0.843183461299911,15,3.3333333333333335,36,0.4974778780327086,0.010679964146357596,2.0072253714439814,0,0,0,0.1512899647089634,0.009111315162920573
1522,0.7633329688935132,0.8425900660335768,16,3.125,35,0.6930868645640715,0.010820891188878681,2.0879061022067105,0,1,0,0.1512899647089634,0.009111315162920573
1523,0.7657765036455858,0.8419910349680875,17,2.9411764705882355,34,0.6206348001910027,0.010438788337965714,2.023421367715802,0,1,0,0.1512899647089634,0.009111315162920573
1524,0.7662854072200986,0.8413863813643555,17,2.9411764705882355,34,0.5461550479542996,0.010209669704752664,1.9769733944734802,0,0,0,0.1512899647089634,0.009111315162920573
1525,0.7657574422724123,0.8407761186126842,17,2.9411764705882355,34,0.48061820667069743,0.010090807061207057,1.920331198278094,0,0,0,0.1512899647089634,0.009111315162920573
1526,0.7737967419288324,0.8401602602324014,17,2.9411764705882355,34,0.42299675281651167,0.01004226626663096,1.8847682573966638,0,0,0,0.1512899647089634,0.009111315162920573
1527,0.7737362846946296,0.8395388198714877,18,2.7777777777777777,33,0.42029042606660283,0.010086500250905753,1.8309019099200292,0,1,0,0.1512899647089634,0.009111315162920573
1528,0.7803301310575673,0.8513750275510124,17,2.9411764705882355,34,0.39010087975952973,0.009966897345082493,1.8521062685657683,1,0,1,0.1512899647089634,0.009111315162920573
1529,0.7831344026278628,0.8507501279047588,18,2.7777777777777777,33,0.34087064464505246,0.009984188574086072,1.8175566923195694,0,1,0,0.1512899647089634,0.009111315162920573
1530,0.7906705976631874,0.8501194803332436,18,2.7777777777777777,33,0.3000309742341262,0.010066217747622157,1.7752943136898793,0,0,0,0.1512899647089634,0.009111315162920573
1531,0.7944131009490617,0.8494830984813744,18,2.7777777777777777,33,0.2641053338809087,0.01020272392130451,1.736419997190598,0,0,0,0.1512899647089634,0.009111315162920573
1532,0.8013638630961694,0.8488409961245057,18,2.7777777777777777,33,0.2324367484422151,0.010385195881941789,1.7164296467118687,0,0,0,0.1512899647089634,0.009111315162920573
1533,0.8086303974284682,0.8481931871680565,18,2.7777777777777777,33,0.2046363790508069,0.010599123038834628,1.667007525665389,0,0,0,0.1512899647089634,0.009111315162920573
1534,0.8115661909804558,0.8475396856471232,18,2.7777777777777777,33,0.1803459734428241,0.010802722400375117,1.6358768577418732,0,0,0,0.1512899647089634,0.009111315162920573
1535,0.8175898353350415,0.8468805057260869,18,2.7777777777777777,33,0.1594355137376642,0.010908423680374429,1.6069132634997325,0,0,0,0.1512899647089634,0.009111315162920573
1536,0.8160467976546033,0.8462156616982159,18,2.7777777777777777,33,0.14036573642023756,0.0111068628398532,1.5951584082949928,0,0,0,0.1512899647089634,0.009111315162920573
1537,0.8234258328207499,0.8455451679852659,18,2.7777777777777777,33,0.12354596249385313,0.011428249326975662,1.6168318023284496,0,0,0,0.1512899647089634,0.009111315162920573
1538,0.8266716521370243,0.8448690391370712,19,2.6315789473684212,32,0.11867544706013922,0.011583417135058479,1.594233436860187,0,1,0,0.1512899647089634,0.009111315162920573
1539,0.8235803861051615,0.8441872898311342,19,2.6315789473684212,32,0.10468679485125985,0.01180139766825615,1.6170832033788332,0,0,0,0.1512899647089634,0.009111315162920573
1540,0.8243625016488753,0.8472360359999822,18,2.7777777777777777,33,0.09876109711536822,0.011738907874381053,1.637460003120279,1,0,1,0.1512899647089634,0.009111315162920573
1541,0.8187105747257205,0.8465334749791661,18,2.7777777777777777,33,0.0869423919352558,0.011793906414791323,1.6453179437994472,0,0,0,0.1512899647089634,0.009111315162920573
1542,0.8227678730733414,0.8458253177796115,19,2.6315789473684212,32,0.12464931502638356,0.011826804379094991,1.6796539704945508,0,1,0,0.1512899647089634,0.009111315162920573
1543,0.8249846811300559,0.8451115795684842,19,2.6315789473684212,32,0.11020871105068147,0.011884700064910388,1.6697735127394493,0,0,0,0.1512899647089634,0.009111315162920573
1544,0.8268886692737898,0.8443922756383114,19,2.6315789473684212,32,0.09727078799639914,0.012005179482461133,1.6290986873796198,0,0,0,0.1512899647089634,0.009111315162920573
1545,0.8250373827838641,0.8436674214065383,19,2.6315789473684212,32,0.0856034214854541,0.012187493733414202,1.637414213827608,0,0,0,0.1512899647089634,0.009111315162920573
1546,0.8226173810098181,0.8541253998373216,18,2.7777777777777777,33,0.8514253847299319,0.012114732200578167,2.1221443515402107,1,0,1,0.1512899647089634,0.009111315162920573
1547,0.8196175021546774,0.8616551137624306,17,2.9411764705882355,35,0.884022149196372,0.011986843591893368,2.2053801300445115,2,0,1,0.1512899647089634,0.009111315162920573
1548,0.8204477077448842,0.8638826706506628,16,3.125,36,0.892660166735714,0.011914612594418868,2.200821230436445,1,0,1,0.1512899647089634,0.009111315162920573
1549,0.8205634181147556,0.8632261568648278,16,3.125,36,0.7855524237691763,0.011959516131983672,2.1342503020577683,0,0,0,0.1512899647089634,0.009111315162920573
1550,0.8227682164569751,0.8625640830559193,16,3.125,36,0.6914989604427969,0.012067158066009855,2.0760885121128747,0,0,0,0.1512899647089634,0.009111315162920573
1551,0.823654354636743,0.8634580856808025,15,3.3333333333333335,37,0.6221121847310027,0.011718184682487375,2.0736591627239993,1,0,1,0.1512899647089634,0.009111315162920573
1552,0.8172213196320312,0.843915002963411,14,3.5714285714285716,38,0.6923342519342957,0.01118784445989989,2.1386944400746257,1,0,1,0.1512899647089634,0.009111315162920573
1553,0.8121632982896103,0.8434014598076831,14,3.5714285714285716,38,0.609251734603914,0.010858458805618774,2.0710214574478845,0,0,0,0.1512899647089634,0.009111315162920573
1554,0.8163880200099267,0.8428821091277807,14,3.5714285714285716,38,0.5362455211746991,0.010664060884977596,1.9778501252189715,0,0,0,0.1512899647089634,0.009111315162920573
1555,0.8197402825076732,0.8482677829209556,13,3.8461538461538463,39,0.6187675735062492,0.010603261106524367,2.0828376534893636,1,0,1,0.1512899647089634,0.009111315162920573
1556,0.8201538733748492,0.8477802177549427,14,3.5714285714285716,38,0.5212557447495262,0.010672951889653965,1.9874362788889264,0,1,0,0.1512899647089634,0.009111315162920573
1557,0.8155261116525487,0.8741526613074436,12,4.166666666666667,40,1.1106878903873274,0.010802147189675424,2.388424858261805,2,0,2,0.1512899647089634,0.009111315162920573
1558,0.8129039418313562,0.8737280374982748,12,4.166666666666667,40,0.9774108865589642,0.010968798961330167,2.273955624957434,0,0,0,0.1512899647089634,0.009111315162920573
1559,0.8097098656464713,0.8724540260396397,11,4.545454545454546,41,1.0332011118257904,0.010931850178869724,2.2980524868620167,1,0,1,0.1512899647089634,0.009111315162920573
1560,0.808770739246711,0.8719028400035673,11,4.545454545454546,41,0.9096107055691118,0.010877672771135192,2.223115288166374,0,0,0,0.1512899647089634,0.009111315162920573
1561,0.8085632178182238,0.8713458209633587,12,4.166666666666667,40,0.7096991682098494,0.010888313887929102,2.09783114954459,0,1,0,0.1512899647089634,0.009111315162920573
1562,0.810145197053366,0.888046624385306,11,4.545454545454546,41,0.7926044421499993,0.010731799349411897,2.2020714017540097,1,0,1,0.1512899647089634,0.009111315162920573
1563,0.8093777816700597,0.8874844517105505,11,4.545454545454546,41,0.6974782410802295,0.010655832992443737,2.190868496996145,0,0,0,0.1512899647089634,0.009111315162920573
1564,0.8138585445946542,0.8869163030475735,13,3.8461538461538463,39,0.5848817789249234,0.010640729274701388,2.0359652316159593,0,2,0,0.1512899647089634,0.009111315162920573
1565,0.8177327418572266,0.8863421903184514,13,3.8461538461538463,39,0.5152984048789275,0.010543882718964009,2.0234561661231107,0,0,0,0.1512899647089634,0.009111315162920573
1566,0.8193536437649656,0.8857621255729424,13,3.8461538461538463,39,0.45347150496130945,0.010508868341951987,1.9682907453736016,0,0,0,0.1512899647089634,0.009111315162920573
1567,0.8173373329769826,0.8851761209881513,13,3.8461538461538463,39,0.3990861441023858,0.010513894741302765,1.9341075682590432,0,0,0,0.1512899647089634,0.009111315162920573
1568,0.8135047509475325,0.8845841888681851,13,3.8461538461538463,39,0.3513316983725293,0.010539574954101153,1.9522909303717264,0,0,0,0.1512899647089634,0.009111315162920573
1569,0.8142529192875113,0.8839863416438086,13,3.8461538461538463,39,0.3091761687063093,0.010591980909218746,1.9261246347349426,0,0,0,0.1512899647089634,0.009111315162920573
1570,0.8151594151602589,0.8833825918720903,13,3.8461538461538463,39,0.27208050856952865,0.010661908850248987,1.8872125052750846,0,0,0,0.1512899647089634,0.009111315162920573
1571,0.815258608504682,0.8827729522360477,14,3.5714285714285716,38,0.27615961814758344,0.01156626321181405,1.9016689209885755,0,1,0,0.1512899647089634,0.009111315162920573
1572,0.8134297727453391,0.8821574355442855,14,3.5714285714285716,38,0.243027391669574,0.012558551046109976,1.8807962975767638,0,0,0,0.1512899647089634,0.009111315162920573
1573,0.8110308741894545,0.8555675286422113,13,3.8461538461538463,39,0.34348968413050784,0.011780671671528513,1.9488287074095691,1,0,1,0.1512899647089634,0.009111315162920573
1574,0.8146781697330658,0.9159704674343959,11,4.545454545454546,41,0.7578284498773857,0.01096469295464091,2.22199824262488,2,0,2,0.1512899647089634,0.009111315162920573
1575,0.8151118238113756,0.9154624581491635,11,4.545454545454546,42,0.6677480009468495,0.010282079401677278,2.204124680091946,1,0,0,0.1512899647089634,0.009111315162920573
1576,0.816767463177265,0.9149477213165677,11,4.545454545454546,42,0.5876333949953567,0.009769724343865752,2.2001869466400916,0,0,0,0.1512899647089634,0.009111315162920573
1577,0.8160917043630151,0.9144262680429605,11,4.545454545454546,42,0.5171160114350102,0.009390485898281328,2.138974789093164,0,0,0,0.1512899647089634,0.009111315162920573
1578,0.8121767923741864,0.9138981095843148,11,4.545454545454546,42,0.4550336495688901,0.009120952048753333,2.1315490764154523,0,0,0,0.1512899647089634,0.009111315162920573
1579,0.8136843845257878,0.9133632573459161,11,4.545454545454546,42,0.4004290632858512,0.008928622971927322,2.0971541029771,0,0,0,0.1512899647089634,0.009111315162920573
1580,0.8181912172030887,0.912821722882051,11,4.545454545454546,42,0.35237575296595713,0.008795290612869518,2.0990979505337664,0,0,0,0.1512899647089634,0.009111315162920573
1581,0.8160313124279862,0.9122735178956872,11,4.545454545454546,42,0.31061641203127377,0.008600685361823754,2.025124221284408,0,0,0,0.1512899647089634,0.009111315162920573
1582,0.8159311647780276,0.8893560374094085,11,4.545454545454546,42,0.44183276821037487,0.008191825335821676,2.078665441475458,1,1,1,0.1512899647089634,0.009111315162920573
1583,0.8141430746227313,0.9122426163037382,10,5.0,43,0.4186948502691738,0.007897121350109693,2.1028912455734297,1,0,1,0.1512899647089634,0.009111315162920573
1584,0.8192004062571401,0.9115729721073879,10,5.0,43,0.36873359481968654,0.007636901839327148,2.1049959084507557,0,0,0,0.1512899647089634,0.009111315162920573
1585,0.8146822580027986,0.9108967325784569,10,5.0,42,0.3249943329754019,0.007465445476449114,2.056813413454449,0,1,0,0.1512899647089634,0.009111315162920573
1586,0.8118171052439455,0.910213912784958,10,5.0,42,0.28600162238871585,0.007356347726272172,2.0482135836851354,0,0,0,0.1512899647089634,0.009111315162920573
1587,0.8123465111459397,0.9095245279431863,11,4.545454545454546,41,0.21841260687080566,0.008490521826789622,2.0180070218114126,0,1,0,0.1512899647089634,0.009111315162920573
1588,0.8129405412519956,0.9088285934172841,11,4.545454545454546,41,0.19220917887819194,0.00985197789756204,1.9852951005936124,0,0,0,0.1512899647089634,0.009111315162920573
1589,0.8079729228443915,0.9081261247188033,13,3.8461538461538463,39,1.2957306730494513,0.009335432747630677,2.6556655987796933,0,2,0,0.1512899647089634,0.009111315162920573
1590,0.8039665820720465,0.9074171375062603,13,3.8461538461538463,39,1.1402528821003748,0.008938256295625372,2.5593221254727423,0,0,0,0.1512899647089634,0.009111315162920573
1591,0.8067220578358933,0.906701647584687,13,3.8461538461538463,39,1.0034304902751765,0.008634643442887297,2.490936091324494,0,0,0,0.1512899647089634,0.009111315162920573
1592,0.8114052434979513,0.9059796709051761,13,3.8461538461538463,39,0.8830267134623349,0.008405017603118877,2.434224375946942,0,0,0,0.1512899647089634,0.009111315162920573
1593,0.8102997956279075,0.9052512235644227,14,3.5714285714285716,38,0.8012131883308891,0.008251922875462609,2.3332841739006893,0,1,0,0.1512899647089634,0.009111315162920573
1594,0.8154876870497578,0.9045163218042578,14,3.5714285714285716,38,0.7050776652113881,0.008160017455931763,2.27721379480345,0,0,0,0.1512899647089634,0.009111315162920573
1595,0.8181589251854631,0.8987397231046526,13,3.8461538461538463,39,0.6214869684710075,0.0077237019882650205,2.2430175778400674,1,0,1,0.1512899647089634,0.009111315162920573
1596,0.821055702405825,0.8979562825541509,14,3.5714285714285716,38,0.5533426462674512,0.007305938129363877,2.1248496353285677,0,1,0,0.1512899647089634,0.009111315162920573
1597,0.8212226422936579,0.8971664295460425,14,3.5714285714285716,38,0.4869488333022705,0.006980317424657424,2.0705523356574353,0,0,0,0.1512899647089634,0.009111315162920573
1598,0.8198413070036727,0.8963701811291624,15,3.3333333333333335,37,0.6701980532058078,0.006781702354177741,2.1584061086805395,0,1,0,0.1512899647089634,0.009111315162920573
1599,0.8237049892633459,0.8955675544953399,15,3.3333333333333335,37,0.5897796259899887,0.006670931052075465,2.103833233161785,0,0,0,0.1512899647089634,0.009111315162920573
1600,0.8246991369124892,0.8947585669789022,15,3.3333333333333335,37,0.5191295677427842,0.006600416976146559,2.0739518338215137,0,0,0,0.1512899647089634,0.009111315162920573
1601,0.8287635874184214,0.9041449166818132,15,3.3333333333333335,37,0.5818337096607291,0.006094645704824106,2.09545579567832,1,1,1,0.1512899647089634,0.009111315162920573
1602,0.8269629950218302,0.9033896175403631,16,3.125,36,0.7293064462310265,0.005715788139131861,2.1926005451500274,0,1,0,0.1512899647089634,0.009111315162920573
1603,0.8296951690114378,0.9026278427117115,17,2.9411764705882355,35,0.8429883628869861,0.0054557230693962335,2.25255552579075,0,1,0,0.1512899647089634,0.009111315162920573
1604,0.8243614055779946,0.9034410069613632,16,3.125,36,0.6334691788906033,0.005258485037365316,2.1471533883782814,1,0,1,0.1512899647089634,0.009111315162920573
1605,0.8290766187355122,0.9026941214082336,17,2.9411764705882355,35,0.7114991226277501,0.005147075628974536,2.1867033843595896,0,1,0,0.1512899647089634,0.009111315162920573
1606,0.824275868955788,0.9019407738019607,18,2.7777777777777777,34,0.722333175981314,0.0051353311109935285,2.186252838675993,0,1,0,0.1512899647089634,0.009111315162920573
1607,0.8289654488273431,0.9011809805824349,19,2.6315789473684212,33,1.0725585444323593,0.005209136568605173,2.373674826474819,0,1,0,0.1512899647089634,0.009111315162920573
1608,0.8297581175782643,0.9089757173941803,17,2.9411764705882355,35,0.4431703691673009,0.005684911326539116,2.0432569963619334,2,0,2,0.1512899647089634,0.009111315162920573
1609,0.8313886986296517,0.9056412178070661,16,3.125,36,0.3584562752701333,0.005816891723994831,2.0500898463082446,2,1,2,0.1512899647089634,0.009111315162920573
1610,0.8264446325503226,0.9147290376363346,14,3.5714285714285716,38,1.3272755357694856,0.005821808960830784,2.675627382321315,2,0,2,0.1512899647089634,0.009111315162920573
1611,0.8319810097884072,0.9141041832966734,16,3.125,36,0.5645858178558423,0.007419284489212459,2.238198036358223,0,2,0,0.1512899647089634,0.009111315162920573
1612,0.8307591132552702,0.9134724567036262,16,3.125,36,0.4975008271021619,0.00871274851182317,2.1450854054948354,0,0,0,0.1512899647089634,0.009111315162920573
1613,0.8302437830800972,0.9131520300304691,15,3.3333333333333335,37,0.4248061093313488,0.00992614870312586,2.1063223475239625,1,0,1,0.1512899647089634,0.009111315162920573
1614,0.8323440270502561,0.9125156423867915,15,3.3333333333333335,37,0.3738472013531039,0.011135140224722053,2.056387332255728,0,0,0,0.1512899647089634,0.009111315162920573
1615,0.8350526616294003,0.9118724176743482,15,3.3333333333333335,36,0.3336229917655739,0.011951060388410466,2.0102330536422435,0,1,0,0.1512899647089634,0.009111315162920573
1616,0.8345478092865442,0.9107919423117183,14,3.5714285714285716,37,0.7884901105788106,0.011014113555958813,2.289138510284461,1,0,1,0.1512899647089634,0.009111315162920573
1617,0.8386658622981175,0.910155616455515,16,3.125,35,0.7537213430100717,0.010352160523068555,2.226766138758924,0,2,0,0.1512899647089634,0.009111315162920573
1618,0.8371469634284497,0.9095124889908781,16,3.125,35,0.6635514990092414,0.00984657944526214,2.2015308991202054,0,0,0,0.1512899647089634,0.009111315162920573
1619,0.8374123576799465,0.9088625725932254,16,3.125,35,0.5839270705654117,0.009518207306475034,2.1194062421252426,0,0,0,0.1512899647089634,0.009111315162920573
1620,0.845023162001283,0.9231807773144496,15,3.3333333333333335,36,0.5113967700410946,0.008971693786944375,2.1146255618641536,1,0,1,0.1512899647089634,0.009111315162920573
1621,0.8474604613436904,0.9225444821236436,15,3.3333333333333335,37,0.45072724027603217,0.008605119858600564,2.132776969045242,1,0,0,0.1512899647089634,0.009111315162920573
1622,0.8524747905366149,0.9219013351347057,15,3.3333333333333335,37,0.3966368541438608,0.008405151695445286,2.114237581146033,0,0,0,0.1512899647089634,0.009111315162920573
1623,0.8536402822514451,0.921251349326456,15,3.3333333333333335,37,0.34903511327042663,0.008327658490142295,2.0521126694570437,0,0,0,0.1512899647089634,0.009111315162920573
1624,0.8563557907494851,0.9103539924348087,14,3.5714285714285716,38,0.3075301713073378,0.008140219803549245,2.0505368039054934,1,0,1,0.1512899647089634,0.009111315162920573
1625,0.8599382658635215,0.9096916389832759,14,3.5714285714285716,38,0.27063713495132763,0.008052326108467331,2.010896306811615,0,0,0,0.1512899647089634,0.009111315162920573
1626,0.8655568325698743,0.9087318534162991,13,3.8461538461538463,39,0.48970743993279187,0.0076421737125033406,2.1497099833402884,1,0,1,0.1512899647089634,0.009111315162920573
1627,0.8660694609367815,0.9080730719911261,13,3.8461538461538463,39,0.4309458375232129,0.007337974055749668,2.1129816420493883,0,0,0,0.1512899647089634,0.009111315162920573
1628,0.8740180902398152,0.9074075332163589,13,3.8461538461538463,39,0.37927203144335786,0.007107991362700595,2.08087382351761,0,0,0,0.1512899647089634,0.009111315162920573
1629,0.874656223126673,0.9067352521027408,13,3.8461538461538463,39,0.33377474355290443,0.006943180207130667,2.1007477996204393,0,0,0,0.1512899647089634,0.009111315162920573
1630,0.8751683139549168,0.9060562438122329,14,3.5714285714285716,38,0.23739540468220252,0.007179147150932774,2.022799457925844,0,1,0,0.1512899647089634,0.009111315162920573
1631,0.8760274990440436,0.905370523657561,15,3.3333333333333335,37,0.2228380254944497,0.007587864432327454,1.993474476634062,0,1,0,0.1512899647089634,0.009111315162920573
1632,0.8743809812193655,0.9046781071017546,15,3.3333333333333335,37,0.19611305861868902,0.008166934735263481,1.9759965811742572,0,0,0,0.1512899647089634,0.009111315162920573
1633,0.8755027653566969,0.9039790097576823,16,3.125,36,0.20682301737673714,0.00888871540562796,1.9938403699283254,0,1,0,0.1512899647089634,0.009111315162920573
1634,0.8793724842968931,0.9032732473875846,17,2.9411764705882355,35,0.2112838827174025,0.009710990012349999,1.9755802492571535,0,1,0,0.1512899647089634,0.009111315162920573
1635,0.8827952360049364,0.9200661314444126,15,3.3333333333333335,37,0.1770800610838858,0.010526669344822352,2.002355476370366,2,0,2,0.1512899647089634,0.009111315162920573
1636,0.8850893194388145,0.9193840753623992,15,3.3333333333333335,37,0.15584349136784673,0.011375802545755985,2.0030866746107336,0,0,0,0.1512899647089634,0.009111315162920573
1637,0.8896061607402669,0.9186951070794048,15,3.3333333333333335,37,0.13714506180345695,0.01223858592690725,1.9259724719245934,0,0,0,0.1512899647089634,0.009111315162920573
1638,0.8945009394163828,0.9179992422820423,15,3.3333333333333335,37,0.12070434664478218,0.013149098915899191,1.9466866841187587,0,0,0,0.1512899647089634,0.009111315162920573
1639,0.8941723762746138,0.9172964968086262,15,3.3333333333333335,37,0.1062682313439628,0.01408227315189238,1.9849589959052947,0,0,0,0.1512899647089634,0.009111315162920573
1640,0.8920899623895003,0.9165868866486794,15,3.3333333333333335,37,0.09366182157960119,0.01499788485826483,1.9605956357719487,0,0,0,0.1512899647089634,0.009111315162920573
1641,0.8925852697962608,0.9298478851190652,14,3.5714285714285716,38,0.19341236163163192,0.013479945317767692,2.0443463240971202,1,0,1,0.1512899647089634,0.009111315162920573
1642,0.8955495389676464,0.9292006929406638,14,3.5714285714285716,38,0.1701937575665794,0.012353687963006534,2.029340434878553,0,0,0,0.1512899647089634,0.009111315162920573
1643,0.8964639067236274,0.9285464907003346,15,3.3333333333333335,37,0.18003937429396696,0.011310765126247593,1.9989417598303345,0,1,0,0.1512899647089634,0.009111315162920573
1644,0.8994053303393902,0.927885293213057,15,3.3333333333333335,37,0.1585060482821122,0.010521967832540844,1.920792230409733,0,0,0,0.1512899647089634,0.009111315162920573
1645,0.8992936563883392,0.9272171154486325,15,3.3333333333333335,37,0.13948223156698436,0.009974746268285385,1.9084557900205399,0,0,0,0.1512899647089634,0.009111315162920573
1646,0.9038055856475558,0.9240452065033365,14,3.5714285714285716,38,0.23570881542638908,0.009638485278432984,1.9740001275660957,1,0,1,0.1512899647089634,0.009111315162920573
1647,0.9039570826917894,0.9233895215543282,14,3.5714285714285716,38,0.20742234060727174,0.009506696490542805,1.9558845330970593,0,0,0,0.1512899647089634,0.009111315162920573
1648,0.9045138818327335,0.9227269210088207,14,3.5714285714285716,38,0.18273322146531207,0.009483385303625575,1.9242132794287097,0,0,0,0.1512899647089634,0.009111315162920573
1649,0.9073494165024539,0.9220574199764736,14,3.5714285714285716,38,0.16093521236793404,0.009597046522774532,1.9264911373329021,0,0,0,0.1512899647089634,0.009111315162920573
1650,0.9067111410073069,0.9213810337199083,14,3.5714285714285716,39,0.14559011993118173,0.009650419060337416,1.9093015793928154,1,0,0,0.1512899647089634,0.009111315162920573
1651,0.9041487660715473,0.9206977776542403,14,3.5714285714285716,39,0.12812117131993997,0.009792228955189816,1.8818333333675437,0,0,0,0.1512899647089634,0.009111315162920573
1652,0.9139833416562263,0.9200076673466054,14,3.5714285714285716,39,0.11282311928836068,0.009977975545965625,1.8879143445047013,0,0,0,0.1512899647089634,0.009111315162920573
1653,0.9231923326701448,0.919310718515684,14,3.5714285714285716,39,0.09928523853033855,0.010205036594004797,1.895236497816967,0,0,0,0.1512899647089634,0.009111315162920573
1654,0.9287490490292809,0.9186069470312155,14,3.5714285714285716,39,0.08748767129466578,0.010455202330234004,1.8717416188008724,0,0,0,0.1512899647089634,0.009111315162920573
1655,0.927135236827562,0.9178963689135117,14,3.5714285714285716,39,0.07703387990134829,0.01073368213469011,1.8811570899588634,0,0,0,0.1512899647089634,0.009111315162920573
1656,0.9326124882227314,0.917179000332963,14,3.5714285714285716,39,0.06779366198225553,0.011093395918593072,1.8753787687028944,0,0,0,0.1512899647089634,0.009111315162920573
1657,0.9370983698705275,0.9118551166270795,13,3.8461538461538463,40,0.16191932196361097,0.010801375754425304,1.9241785218133225,1,0,1,0.1512899647089634,0.009111315162920573
1658,0.9440957764930125,0.9111501059596447,13,3.8461538461538463,40,0.14249473759688647,0.011016247138950464,1.911767039034499,0,0,0,0.1512899647089634,0.009111315162920573
1659,0.9503182577667819,0.9104382554159451,14,3.5714285714285716,39,0.5340230607525007,0.010793706557360177,2.0946164838087755,0,1,0,0.1512899647089634,0.009111315162920573
1660,0.9508260389348306,0.909719581366649,15,3.3333333333333335,38,0.7149550215115478,0.01068737058453951,2.1986249984248856,0,1,0,0.1512899647089634,0.009111315162920573
1661,0.9509189410171587,0.9209369593051203,13,3.8461538461538463,40,0.6297352666439531,0.010312594397109203,2.195080149124839,2,0,2,0.1512899647089634,0.009111315162920573
1662,0.9487428170349165,0.9202803744785504,14,3.5714285714285716,39,0.5353044591815803,0.010108565719887308,2.132611917362799,0,1,0,0.1512899647089634,0.009111315162920573
1663,0.9481409674748313,0.9228083624753409,13,3.8461538461538463,39,0.4721118606513518,0.009829807119073202,2.0493390477811992,1,1,1,0.1512899647089634,0.009111315162920573
1664,0.9476915387072857,0.9221595096949513,14,3.5714285714285716,38,0.4311031575381446,0.009242232360303132,1.9862158430656778,0,1,0,0.1512899647089634,0.009111315162920573
1665,0.9474709128413993,0.921503700906146,14,3.5714285714285716,37,0.3824196244519203,0.008876816664647702,1.9186172360782456,0,1,0,0.1512899647089634,0.009111315162920573
1666,0.948939221283309,0.9232777389581033,13,3.8461538461538463,38,0.32961550623048874,0.00868791827718182,1.876643399793613,1,0,1,0.1512899647089634,0.009111315162920573
1667,0.9533541342864877,0.923818766628654,12,4.166666666666667,39,0.5693309012922829,0.00865979198829031,2.05825411281686,1,0,1,0.1512899647089634,0.009111315162920573
1668,0.959701551786723,0.924905673369378,12,4.166666666666667,39,0.6151407407009855,0.008732584764163472,2.0880761234517085,1,1,1,0.1512899647089634,0.009111315162920573
1669,0.9681114343365634,0.9243355847804245,12,4.166666666666667,39,0.5413321437510971,0.008884565571887309,2.0885430455239966,0,0,0,0.1512899647089634,0.009111315162920573
1670,0.9668952032391007,0.9237585174567053,12,4.166666666666667,39,0.47639377544925265,0.009086353369423794,2.031144084724555,0,0,0,0.1512899647089634,0.009111315162920573
1671,0.9671051617571946,0.923174485190306,12,4.166666666666667,39,0.41923309071358333,0.009321186192204583,1.9470207190194029,0,0,0,0.1512899647089634,0.009111315162920573
1672,0.9717621389023349,0.9225835019262999,12,4.166666666666667,39,0.3689335223916554,0.0095949202591382,1.8994707618784326,0,0,0,0.1512899647089634,0.009111315162920573
1673,0.9738511830353777,0.921985581762306,12,4.166666666666667,39,0.32471619413930874,0.009900369823054138,1.8879127028161649,0,0,0,0.1512899647089634,0.009111315162920573
1674,0.9727519058649285,0.9213807389480397,12,4.166666666666667,38,0.2869658395774234,0.010236342251074537,1.8609917434958891,0,1,0,0.1512899647089634,0.009111315162920573
1675,0.9755734148859374,0.9207689878848585,12,4.166666666666667,38,0.2525375649291505,0.010599902501467804,1.8391317187695666,0,0,0,0.1512899647089634,0.009111315162920573
1676,0.9759806515956077,0.9201503431253029,12,4.166666666666667,38,0.2222724697770646,0.010977560558950472,1.788070366725296,0,0,0,0.1512899647089634,0.009111315162920573
1677,0.9715206641142822,0.9195248193726328,12,4.166666666666667,38,0.19577683688804534,0.011328611940207284,1.83549626577712,0,0,0,0.1512899647089634,0.009111315162920573
1678,0.9694064175022887,0.918892431480356,12,4.166666666666667,39,0.1739633122271649,0.011685440655512035,1.862400610069519,1,0,0,0.1512899647089634,0.009111315162920573
1679,0.9730501487251373,0.9182531944517568,12,4.166666666666667,39,0.15332956839526413,0.011996720984558208,1.8170147080870733,0,0,0,0.1512899647089634,0.009111315162920573
1680,0.9722891537563793,0.9176071234394126,12,4.166666666666667,39,0.13494259332840747,0.012333438418825733,1.8052282812844807,0,0,0,0.1512899647089634,0.009111315162920573
1681,0.9723515579614411,0.9169542337447111,12,4.166666666666667,39,0.11903892779546911,0.012626289648161072,1.8431204006428583,0,0,0,0.1512899647089634,0.009111315162920573
1682,0.9696625371365633,0.9162945408173606,12,4.166666666666667,39,0.10477054728422117,0.012949657342678856,1.8501351113447155,0,0,0,0.1512899647089634,0.009111315162920573
1683,0.9654206901371378,0.9216198363820386,11,4.545454545454546,40,0.5561975958242761,0.013256067302907406,2.145173144725203,1,0,1,0.1512899647089634,0.009111315162920573
1684,0.9625310682739978,0.9210011144758222,11,4.545454545454546,40,0.48955819940832307,0.013564816836361833,2.056325860067972,0,0,0,0.1512899647089634,0.009111315162920573
1685,0.9575023548830874,0.9203755431707606,11,4.545454545454546,40,0.43082894053690146,0.013899497124446769,2.036440569639374,0,0,0,0.1512899647089634,0.009111315162920573
1686,0.9578642164990349,0.919743137290618,11,4.545454545454546,40,0.379147837392221,0.014253852038649838,2.020946106423258,0,0,0,0.1512899647089634,0.009111315162920573
1687,0.9537279252998077,0.9127941336254296,10,5.0,41,0.4730854859333374,0.014410798290889187,2.101444344550946,1,0,1,0.1512899647089634,0.009111315162920573
1688,0.9498755965572394,0.9121761139879273,10,5.0,40,0.4177086168026237,0.014470945400306176,2.0638199598247824,0,1,0,0.1512899647089634,0.009111315162920573
1689,0.9477727729129897,0.9115513763538596,10,5.0,40,0.3677689705097679,0.014561910047143611,2.064557474613267,0,0,0,0.1512899647089634,0.009111315162920573
1690,0.9410875173047317,0.9109199357589339,10,5.0,40,0.3238084817394814,0.014674153006830289,2.0372071582742435,0,0,0,0.1512899647089634,0.009111315162920573
1691,0.9368731083522038,0.9102818073859263,10,5.0,40,0.285234153508814,0.014776490831357944,1.997332044028204,0,0,0,0.1512899647089634,0.009111315162920573
1692,0.9363723861416919,0.9096370065642029,10,5.0,40,0.25120802808787845,0.01489073945989418,1.9763684807949142,0,0,0,0.1512899647089634,0.009111315162920573
1693,0.9358234639857649,0.9089855487692337,12,4.166666666666667,38,0.20786307833279377,0.01510628775671909,1.9602005949563164,0,2,0,0.1512899647089634,0.009111315162920573
1694,0.9335898247446786,0.9083274496221032,12,4.166666666666667,38,0.18293766813409706,0.01560889620789167,1.9753746618479386,0,0,0,0.1512899647089634,0.009111315162920573
1695,0.9337825128640858,0.9151467023067458,11,4.545454545454546,39,0.24912550020197424,0.01406979413090783,2.0714343458467948,1,0,1,0.1512899647089634,0.009111315162920573
1696,0.9345888288021996,0.9145258724881005,11,4.545454545454546,39,0.21924848500306315,0.012886004583918993,2.0355183752960455,0,0,0,0.1512899647089634,0.009111315162920573
1697,0.9337350565304294,0.9138983581151753,11,4.545454545454546,39,0.19295843398856888,0.011990259682616331,2.034252023613797,0,0,0,0.1512899647089634,0.009111315162920573
1698,0.9296587837732553,0.9132641743728196,11,4.545454545454546,39,0.16982657630438547,0.011331858580000007,2.0192536681981235,0,0,0,0.1512899647089634,0.009111315162920573
1699,0.9267601479589458,0.9126233365915659,11,4.545454545454546,39,0.14946790060775536,0.010856297900750982,2.006199032176272,0,0,0,0.1512899647089634,0.009111315162920573
1700,0.9298856775088288,0.9119758602471477,11,4.545454545454546,39,0.1316564662271625,0.010512199283306328,2.0108825985950123,0,0,0,0.1512899647089634,0.009111315162920573
1701,0.9310634131985779,0.9113217609600094,11,4.545454545454546,39,0.11587943786775953,0.010749199720152647,1.9849442018646917,0,0,0,0.1512899647089634,0.009111315162920573
1702,0.9268713241070532,0.9106610544948137,11,4.545454545454546,39,0.102032095913802,0.01148649142580538,1.9762816619063082,0,0,0,0.1512899647089634,0.009111315162920573
1703,0.9251542093038989,0.9099937567599417,11,4.545454545454546,39,0.0899098901702362,0.012627654234657015,1.953992737370662,0,0,0,0.1512899647089634,0.009111315162920573
1704,0.9280287958411756,0.9093198838069895,11,4.545454545454546,40,0.0829395768300423,0.013901138084387445,1.9750488485494158,1,0,0,0.1512899647089634,0.009111315162920573
1705,0.9288441222260598,0.9086394518302605,11,4.545454545454546,40,0.07302407204731169,0.015388111617018951,2.0170282700669295,0,0,0,0.1512899647089634,0.009111315162920573
1706,0.9220627635605405,0.9020141329259528,10,5.0,42,0.3049345644849328,0.01510009595098668,2.203871108819867,2,0,1,0.1512899647089634,0.009111315162920573
1707,0.9169171990475727,0.9013701545548847,10,5.0,42,0.26836766686826946,0.014985913835376407,2.179703377717642,0,0,0,0.1512899647089634,0.009111315162920573
1708,0.9119855012431075,0.9007197432321333,10,5.0,42,0.236199201398763,0.014994794567089607,2.142731604036768,0,0,0,0.1512899647089634,0.009111315162920573
1709,0.9160796472185838,0.9000629150996411,10,5.0,43,0.2092710110856836,0.015059247827604151,2.133821669049543,1,0,0,0.1512899647089634,0.009111315162920573
1710,0.9139009004465507,0.8993996864381604,10,5.0,43,0.18453547103598641,0.015125215341880136,2.0694155794201916,0,0,0,0.1512899647089634,0.009111315162920573
1711,0.9080199865375986,0.8987300736667309,10,5.0,42,0.16420908855440275,0.015265805125983014,2.0845461757315915,0,1,0,0.1512899647089634,0.009111315162920573
1712,0.9035477073495535,0.9320470298636412,9,5.555555555555555,43,1.3289917425009554,0.014128881416825424,2.807660587449785,1,0,1,0.1512899647089634,0.009111315162920573
1713,0.8977857278146488,0.9315037913742115,9,5.555555555555555,44,1.1699414487119721,0.013250749991435488,2.7186640256890926,1,0,0,0.1512899647089634,0.009111315162920573
1714,0.8932266329332685,0.930953440451392,9,5.555555555555555,44,1.029549195551443,0.012578380926697313,2.6642538846772976,0,0,0,0.1512899647089634,0.009111315162920573
1715,0.8865767567312598,0.930395989879481,9,5.555555555555555,44,0.906017655152797,0.012064279873669878,2.5750038686015024,0,0,0,0.1512899647089634,0.009111315162920573
1716,0.883716831876243,0.9298314525994329,9,5.555555555555555,44,0.7972915173747107,0.011677745529380968,2.4846698670571947,0,0,0,0.1512899647089634,0.009111315162920573
1717,0.881318901930963,0.9292598417084612,10,5.0,43,1.0507754153464637,0.011386366056943896,2.602686466682154,0,1,0,0.1512899647089634,0.009111315162920573
1718,0.8797793284149151,0.9286811704596318,10,5.0,43,0.9246977636541928,0.011168885407345024,2.518984571298223,0,0,0,0.1512899647089634,0.009111315162920573
1719,0.8776473671690534,0.9280954522614551,10,5.0,43,0.8137497985924983,0.011008569615334337,2.4373743139847797,0,0,0,0.1512899647089634,0.009111315162920573
1720,0.8792803656418045,0.9275027006774688,10,5.0,43,0.7160843053955608,0.010899411375034909,2.3412439093592967,0,0,0,0.1512899647089634,0.009111315162920573
1721,0.8787192647862012,0.9269029294258161,10,5.0,43,0.6301700273009757,0.01082182064779806,2.285547010972056,0,0,0,0.1512899647089634,0.009111315162920573
1722,0.8806617851921713,0.926296152378823,11,4.545454545454546,42,0.6339283875633871,0.01075188274967218,2.314440778481635,0,1,0,0.1512899647089634,0.009111315162920573
1723,0.8807678488657561,0.9256823835625618,11,4.545454545454546,42,0.5580630220920996,0.010670954658207483,2.216400622712962,0,0,0,0.1512899647089634,0.009111315162920573
1724,0.8813435892228454,0.9283907648293087,10,5.0,43,0.4911859977879516,0.010428931962132732,2.2146337057660475,1,0,1,0.1512899647089634,0.009111315162920573
1725,0.883952503440491,0.9278455301423159,11,4.545454545454546,42,0.4433357651247644,0.009669367869195734,2.1629430393948166,0,1,0,0.1512899647089634,0.009111315162920573
1726,0.8847933942610204,0.9272932030264311,11,4.545454545454546,43,0.39215237102362793,0.009061245274404117,2.1534976078541446,1,0,0,0.1512899647089634,0.009111315162920573
1727,0.8889946203025516,0.9267337950980475,11,4.545454545454546,43,0.34511085638949135,0.008619919177928339,2.1382211527636708,0,0,0,0.1512899647089634,0.009111315162920573
1728,0.8902328676512653,0.926167318131841,11,4.545454545454546,44,0.3057583357026867,0.008351803836428855,2.1380709806190943,1,0,0,0.1512899647089634,0.009111315162920573
1729,0.891909838614,0.9255937840604452,11,4.545454545454546,44,0.26908423367992773,0.008223266135819746,2.0974125246060686,0,0,0,0.1512899647089634,0.009111315162920573
1730,0.8942615988435186,0.9250132049741184,11,4.545454545454546,44,0.23681203127067754,0.008195905408016887,2.0440587070609904,0,0,0,0.1512899647089634,0.009111315162920573
1731,0.8964412966308077,0.9244255931204078,11,4.545454545454546,45,0.21087389354335703,0.008163606479726988,2.067502952349952,1,0,0,0.1512899647089634,0.009111315162920573
1732,0.8950087137277345,0.9390239585463808,10,5.0,46,1.5698413201941648,0.007877150890917436,2.921638754284452,1,0,1,0.1512899647089634,0.009111315162920573
1733,0.9036666149157159,0.9385054281610137,10,5.0,46,1.3814812155475917,0.0076742595834233904,2.77593920095452,0,0,0,0.1512899647089634,0.009111315162920573
1734,0.9042427972166658,0.937979713604388,10,5.0,46,1.2157356218438387,0.00753284607692839,2.722729226825777,0,0,0,0.1512899647089634,0.009111315162920573
1735,0.9074545831936525,0.9354867603681611,9,5.555555555555555,47,1.0765559584050524,0.007070876647105596,2.678399465332637,1,0,1,0.1512899647089634,0.009111315162920573
1736,0.903515859838451,0.9349716473009541,9,5.555555555555555,47,0.9473726149544229,0.006743450156606282,2.615272986689858,0,0,0,0.1512899647089634,0.009111315162920573
1737,0.9033531072096952,0.9344494164717235,9,5.555555555555555,47,0.8337152827668952,0.006513652559555778,2.56186623294804,0,0,0,0.1512899647089634,0.009111315162920573
1738,0.9048640218900813,0.9339200792068342,9,5.555555555555555,48,0.7339467241189479,0.0063544979576702475,2.5268458319372957,1,0,0,0.1512899647089634,0.009111315162920573
1739,0.9115876054684603,0.9326162481281816,8,6.25,49,0.8333079958298838,0.006053968453763432,2.577343145597376,1,0,1,0.1512899647089634,0.009111315162920573
1740,0.9119051291836301,0.9321722655861061,8,6.25,49,0.7333198065970196,0.005863444760143622,2.5315106450327964,0,0,0,0.1512899647089634,0.009111315162920573
1741,0.9128758913158724,0.9317210600043668,8,6.25,49,0.6456838535511864,0.00572783939706023,2.4295493829366497,0,0,0,0.1512899647089634,0.009111315162920573
1742,0.9161070907647069,0.9312626408743514,8,6.25,49,0.5682124675824728,0.005660510261938511,2.3820317836539373,0,0,0,0.1512899647089634,0.009111315162920573
1743,0.91650945986613,0.9307970178493283,8,6.25,49,0.5000467420651202,0.005641316197306266,2.3723562725674125,0,0,0,0.1512899647089634,0.009111315162920573
1744,0.9189797633286021,0.9303242007441875,8,6.25,50,0.44075771742481074,0.005656532133700757,2.360700800951142,1,0,0,0.1512899647089634,0.009111315162920573
1745,0.9215951903082322,0.9382122314422646,7,7.142857142857143,51,0.5792005527068895,0.005595126866456176,2.4832049594963252,1,0,1,0.1512899647089634,0.009111315162920573
1746,0.9170353957165673,0.9377908203386491,7,7.142857142857143,51,0.5097250694005147,0.0055911766838949795,2.4400985125444525,0,0,0,0.1512899647089634,0.009111315162920573
1747,0.9181187688373812,0.9373621725533384,7,7.142857142857143,51,0.448568963862932,0.005644022759574168,2.3383389814958666,0,0,0,0.1512899647089634,0.009111315162920573
1748,0.9162689186803825,0.9369262972184913,7,7.142857142857143,50,0.395625819404041,0.005735466496351842,2.2542736940260055,0,1,0,0.1512899647089634,0.009111315162920573
1749,0.9095871448846208,0.9364832036277986,7,7.142857142857143,50,0.34816257479465046,0.005851818983712109,2.224571196664476,0,0,0,0.1512899647089634,0.009111315162920573
1750,0.9041631172845848,0.9360329012362283,7,7.142857142857143,49,0.3076565407951289,0.005949188690505243,2.195849163317842,0,1,0,0.1512899647089634,0.009111315162920573
1751,0.9028797440124025,0.9355753996597644,7,7.142857142857143,49,0.2707049991658049,0.00607373309327338,2.1723644286300563,0,0,0,0.1512899647089634,0.009111315162920573
1752,0.9047191611193623,0.9351107086751388,7,7.142857142857143,47,0.2405487625836641,0.006206646579528744,2.1302853293981285,0,2,0,0.1512899647089634,0.009111315162920573
1753,0.909919346424411,0.9346388382195603,7,7.142857142857143,46,0.21304232622039865,0.006240657370506702,2.0602924496181867,0,1,0,0.1512899647089634,0.009111315162920573
1754,0.9129808007822359,0.9341597983904348,7,7.142857142857143,46,0.18748401593669617,0.006318724362331612,2.0428406999764785,0,0,0,0.1512899647089634,0.009111315162920573
1755,0.9128565445616224,0.9336735994450802,7,7.142857142857143,46,0.16465519751065963,0.006510266151971051,2.0595558363172413,0,0,0,0.1512899647089634,0.009111315162920573
1756,0.9095398779547704,0.9331802518004363,7,7.142857142857143,45,0.1467678331108917,0.006706732992420964,2.0281327382246688,0,1,0,0.1512899647089634,0.009111315162920573
1757,0.9091551902621795,0.9326797660327679,7,7.142857142857143,44,0.1312650902178247,0.006899685239091909,1.9658130828992955,0,1,0,0.1512899647089634,0.009111315162920573
1758,0.908324388031649,0.9321721528773627,7,7.142857142857143,45,0.11456840182119973,0.007090631146764436,1.9945315626691704,1,0,0,0.1512899647089634,0.009111315162920573
1759,0.9092556493515306,0.9316574232282214,7,7.142857142857143,44,0.10340459142828967,0.00726861559215363,1.966385646039312,0,1,0,0.1512899647089634,0.009111315162920573
1760,0.9118276962557611,0.9311355881377464,7,7.142857142857143,44,0.09099366036606621,0.007436182433301322,1.9568533646063933,0,0,0,0.1512899647089634,0.009111315162920573
1761,0.911465148656879,0.9224280994458146,6,8.333333333333334,45,0.2753072939285305,0.007232585642629106,2.0903772526471833,1,0,1,0.1512899647089634,0.009111315162920573
1762,0.9114154846713549,0.9219879186114119,6,8.333333333333334,46,0.24307782469619924,0.007108218906720899,2.0777413520352686,1,0,0,0.1512899647089634,0.009111315162920573
1763,0.9125261363223837,0.9215406147360347,6,8.333333333333334,48,0.21712059427806527,0.0070425926820915944,2.125193349480001,2,0,0,0.1512899647089634,0.009111315162920573
1764,0.9147956815343795,0.9210861969994811,7,7.142857142857143,47,0.2001181953555994,0.010670899444644581,2.1247616618982312,0,1,0,0.1512899647089634,0.009111315162920573
1765,0.9168983680442788,0.9206246747426656,7,7.142857142857143,47,0.17611918575442215,0.013854212049920565,2.1076895699663067,0,0,0,0.1512899647089634,0.009111315162920573
1766,0.9154050745725872,0.9201560574673713,7,7.142857142857143,47,0.15511863588502,0.016632242333734594,2.0770847254162526,0,0,0,0.1512899647089634,0.009111315162920573
1767,0.91534530786254,0.9196803548359902,7,7.142857142857143,47,0.1365215083760039,0.019120008303791812,2.064423062939533,0,0,0,0.1512899647089634,0.009111315162920573
1768,0.9174956935217644,0.9191975766712618,7,7.142857142857143,44,0.13256061766400973,0.020423344405179775,2.0184189890338535,0,3,0,0.1512899647089634,0.009111315162920573
1769,0.9155153105240528,0.9187077329560013,7,7.142857142857143,45,0.11302749194436437,0.021952270634357677,2.060478458993204,1,0,0,0.1512899647089634,0.009111315162920573
1770,0.9161493186680647,0.8917259436830524,6,8.333333333333334,46,0.2861346198883188,0.018686070619722977,2.1861772448029306,1,0,1,0.1512899647089634,0.009111315162920573
1771,0.914506009163731,0.8956053260447704,5,10.0,47,0.3738658045806298,0.016085386151096726,2.212691837400832,1,0,1,0.1512899647089634,0.009111315162920573
1772,0.9152576404488159,0.8952829543568889,6,8.333333333333334,47,0.3254658565992624,0.01403503664148895,2.1700587799488984,1,1,0,0.1512899647089634,0.009111315162920573
1773,0.9130412005604324,0.8949535687630032,6,8.333333333333334,46,0.28904486685265174,0.012426920396436622,2.1095113696035965,0,1,0,0.1512899647089634,0.009111315162920573
1774,0.918066820968837,0.894617175562937,6,8.333333333333334,46,0.2546807033299303,0.01110757862752181,2.0378717591169626,0,0,0,0.1512899647089634,0.009111315162920573
1775,0.9162878196475197,0.894273781220206,6,8.333333333333334,48,0.23016276291717666,0.010046248165027914,2.0538951605895592,2,0,0,0.1512899647089634,0.009111315162920573
1776,0.9174197028935225,0.8939233923618839,6,8.333333333333334,48,0.20255336488539163,0.00931877223190144,2.0663801460606748,0,0,0,0.1512899647089634,0.009111315162920573
1777,0.9194805930184101,0.8935660157784518,6,8.333333333333334,48,0.17825717980053124,0.009155975192992178,2.081590403227399,0,0,0,0.1512899647089634,0.009111315162920573
1778,0.9189217337665084,0.8932016584236494,6,8.333333333333334,48,0.1569347537552963,0.009575241753980447,2.0831379237634877,0,0,0,0.1512899647089634,0.009111315162920573
1779,0.9223166986421836,0.892830327414314,6,8.333333333333334,48,0.13811275983075813,0.010487075205485157,2.070600459531188,0,0,0,0.1512899647089634,0.009111315162920573
1780,0.9257353173966791,0.8924520300302167,6,8.333333333333334,49,0.12517136234320161,0.011625855876925164,2.1024024201304705,1,0,0,0.1512899647089634,0.009111315162920573
1781,0.9263931503642091,0.9337219365266243,5,10.0,50,0.5065131111915778,0.010131984851434777,2.3543825687583593,1,0,1,0.1512899647089634,0.009111315162920573
1782,0.9250815827545386,0.9333960570784066,5,10.0,50,0.4457169253984032,0.008959948419867638,2.284286181771601,0,0,0,0.1512899647089634,0.009111315162920573
1783,0.9213991432737941,0.933062758482714,5,10.0,50,0.39221659010454657,0.008042622678331956,2.2669719739621472,0,0,0,0.1512899647089634,0.009111315162920573
1784,0.9237152253280146,0.9397989088119302,4,12.5,51,0.5148648627939268,0.00725858511250862,2.364150432600921,1,0,1,0.1512899647089634,0.009111315162920573
1785,0.924485176335455,0.9395106152503875,4,12.5,51,0.4527871087792387,0.0067109827776539585,2.2935959014609666,0,0,0,0.1512899647089634,0.009111315162920573
1786,0.9234982233123056,0.939214860003387,4,12.5,50,0.39934198755089695,0.006285053575076849,2.209047919675606,0,1,0,0.1512899647089634,0.009111315162920573
1787,0.9198523852349122,0.9389116486301065,4,12.5,50,0.3514178286079806,0.005955008710400606,2.194932742523589,0,0,0,0.1512899647089634,0.009111315162920573
1788,0.9218500858306257,0.9386009868604289,4,12.5,51,0.31099941730020125,0.005700391818958398,2.1941611843992215,1,0,0,0.1512899647089634,0.009111315162920573
1789,0.9258399018108351,0.9382828805948159,4,12.5,51,0.2736760870321748,0.005504991431250137,2.1543768027336303,0,0,0,0.1512899647089634,0.009111315162920573
1790,0.932097602893354,0.9379573359041766,4,12.5,51,0.24088770045461605,0.005344829939993143,2.1016609831585136,0,0,0,0.1512899647089634,0.009111315162920573
1791,0.9316074301986275,0.9376243590297272,4,12.5,51,0.21198003998493353,0.005224096442400417,2.099534296155268,0,0,0,0.1512899647089634,0.009111315162920573
1792,0.9330521434311981,0.9372839563828466,4,12.5,51,0.18653234123749374,0.005136034832078306,2.067679108865727,0,0,0,0.1512899647089634,0.009111315162920573
1793,0.9306476982699641,0.9369361345449241,4,12.5,51,0.1641472181430948,0.00507110720079521,2.0538081089782803,0,0,0,0.1512899647089634,0.009111315162920573
1794,0.9268666565900814,0.9365809002672015,5,10.0,50,0.5464249330484295,0.005024013140470346,2.263344793398375,0,1,0,0.1512899647089634,0.009111315162920573
1795,0.9313103985299762,0.9362182604706084,5,10.0,50,0.4808533076455231,0.005002692338314543,2.239129359764302,0,0,0,0.1512899647089634,0.009111315162920573
1796,0.9327662687617427,0.9395082468309212,4,12.5,50,0.2507881354228601,0.004973870114858564,2.1374359126364575,1,1,1,0.1512899647089634,0.009111315162920573
1797,0.9309678563630479,0.9391993822329249,4,12.5,50,0.2206798140492387,0.004957171566557597,2.1496301619665994,0,0,0,0.1512899647089634,0.009111315162920573
1798,0.9337462073242316,0.938883085283814,4,12.5,51,0.19617274049221747,0.00494886978139349,2.1901203494481223,1,0,0,0.1512899647089634,0.009111315162920573
1799,0.9374877077252316,0.938559361919397,4,12.5,51,0.1743211258128041,0.004943103439727978,2.1804052043522764,1,1,0,0.1512899647089634,0.009111315162920573
1800,0.9385639404807361,0.938228218245859,4,12.5,52,0.15433875928904894,0.004892181489660816,2.174462652221875,1,0,0,0.1512899647089634,0.009111315162920573
1801,0.9357941915918453,0.9378896605396203,4,12.5,51,0.13769403323344187,0.004859181027228539,2.1585109674263996,0,1,0,0.1512899647089634,0.009111315162920573
1802,0.9388411434176251,0.9375436952471902,4,12.5,51,0.12116945891643,0.004839579732880444,2.1621225859646085,0,0,0,0.1512899647089634,0.009111315162920573
1803,0.9394367505302658,0.9371903289850125,4,12.5,51,0.10688984832777843,0.004777763596049184,2.1996995919577302,0,0,0,0.1512899647089634,0.009111315162920573
1804,0.9364298276194097,0.936829568539308,4,12.5,51,0.09406938772916576,0.004738325258363712,2.190615894858297,0,0,0,0.1512899647089634,0.009111315162920573
1805,0.9381467930675599,0.9445128010220822,3,16.666666666666668,52,0.2963961856756767,0.004526083090765391,2.367468408071004,1,0,1,0.1512899647089634,0.009111315162920573
1806,0.9387736233589024,0.9442146212108081,3,16.666666666666668,52,0.26082142001228964,0.00436568014014915,2.3447158745065724,0,0,0,0.1512899647089634,0.009111315162920573
1807,0.9426306531090277,0.9439089583784754,3,16.666666666666668,53,0.23140954655465076,0.004244857895316234,2.3345129948071897,1,0,0,0.1512899647089634,0.009111315162920573
1808,0.946347244731897,0.9435958182506687,3,16.666666666666668,53,0.20363598145322437,0.004154806662408197,2.3004320390277337,0,0,0,0.1512899647089634,0.009111315162920573
1809,0.9444524537712639,0.9432752067241239,3,16.666666666666668,53,0.1791952356161804,0.004088585848336486,2.3007049789865577,0,0,0,0.1512899647089634,0.009111315162920573
1810,0.9486436500616949,0.9429471298665879,3,16.666666666666668,53,0.15768735965559233,0.004040737112064266,2.303003294005993,0,0,0,0.1512899647089634,0.009111315162920573
1811,0.9526125516865224,0.9426115939166734,3,16.666666666666668,50,0.1469631577493637,0.003941657591934676,2.253471053309096,0,3,0,0.1512899647089634,0.009111315162920573
1812,0.9542809248588395,0.9422686052837077,3,16.666666666666668,50,0.1298480057705203,0.0038134086715698574,2.2088786724569207,0,0,0,0.1512899647089634,0.009111315162920573
1813,0.9498748082344628,0.9419181705475749,5,10.0,48,0.5268055605200981,0.0037236971416153945,2.406310738058015,0,2,0,0.1512899647089634,0.009111315162920573
1814,0.9511705321478726,0.9348886891536634,4,12.5,49,0.4833928987859483,0.0029789577132923162,2.4022062905810366,1,0,1,0.1512899647089634,0.009111315162920573
1815,0.9531172286675822,0.9345431022741489,4,12.5,49,0.42538616428917436,0.0023831661706338533,2.348859612055605,0,0,0,0.1512899647089634,0.009111315162920573
1816,0.953389542394002,0.9341901323671287,4,12.5,49,0.3743402702126425,0.0019065329365070827,2.3163250972391607,0,0,0,0.1512899647089634,0.009111315162920573
1817,0.9535791708443944,0.9338297863849446,4,12.5,49,0.3294199119523165,0.001525226349205666,2.319942648505071,0,0,0,0.1512899647089634,0.009111315162920573
1818,0.955141978789321,0.9334620714489753,5,10.0,48,0.2857465015079745,0.0013148863300993649,2.2731659269050457,0,1,0,0.1512899647089634,0.009111315162920573
1819,0.960300008763105,0.9249534812666588,5,10.0,48,0.45844429811602916,0.0010519090640794919,2.3323550983698134,1,1,1,0.1512899647089634,0.009111315162920573
1820,0.957938994589001,0.9245828688310905,5,10.0,49,0.40461580080656206,0.0008415272512635935,2.338235870109084,1,0,0,0.1512899647089634,0.009111315162920573
1821,0.9619893445949699,0.9242049797702082,5,10.0,49,0.35606197791702365,0.0006732218010108749,2.2907369789690746,0,0,0,0.1512899647089634,0.009111315162920573
1822,0.9646261173609707,0.9238198216924188,5,10.0,49,0.3133774318331815,0.0005385774408086999,2.2633513032640544,0,0,0,0.1512899647089634,0.009111315162920573
1823,0.9671980512400404,0.9234274023731226,5,10.0,49,0.2757720021754478,0.00043086195264695995,2.2234568344283776,0,0,0,0.1512899647089634,0.009111315162920573
1824,0.9682871575815267,0.9230277297544932,5,10.0,49,0.24267917904337444,0.000344689562117568,2.2026027322683563,0,0,0,0.1512899647089634,0.009111315162920573
1825,0.9727239345831503,0.9226208119452566,5,10.0,49,0.21355753677311856,0.00027575164969405444,2.16838094069562,0,0,0,0.1512899647089634,0.009111315162920573
1826,0.9764204332593976,0.9222066572204597,5,10.0,50,0.19024635455370603,0.00022060131975524348,2.146332626706035,1,0,0,0.1512899647089634,0.009111315162920573
1827,0.9821019516063106,0.9217852740212347,5,10.0,50,0.16741641006661662,0.0001764810558041948,2.131588456520329,0,0,0,0.1512899647089634,0.009111315162920573
1828,0.9860494385255404,0.9213566709545556,5,10.0,49,0.14898632330307834,0.00016327855810770468,2.0842457518421162,0,1,0,0.1512899647089634,0.009111315162920573
1829,0.991961809189772,0.9209208567929901,5,10.0,49,0.13110806039210213,0.00022710504962159558,2.0723053046304627,0,0,0,0.1512899647089634,0.009111315162920573
1830,0.9937199855511534,0.9204778404744449,5,10.0,48,0.11856125697795634,0.0003442465755894345,2.0123671054831753,0,1,0,0.1512899647089634,0.009111315162920573
1831,0.9964351612476186,0.9200276311019021,5,10.0,48,0.10433846120860898,0.0006019214228634149,2.0025258401974666,0,0,0,0.1512899647089634,0.009111315162920573
1832,0.9919467720198968,0.9195702379431533,5,10.0,48,0.09182239937481937,0.0010584353707971653,1.9780355122291176,0,0,0,0.1512899647089634,0.009111315162920573
1833,0.9968757937929875,0.9191056704305252,5,10.0,49,0.08403423111599323,0.0022267485900981034,1.9996270931227653,1,0,0,0.1512899647089634,0.009111315162920573
1834,0.9973546229875658,0.9186339381605981,5,10.0,49,0.0740199520912481,0.0038942392491241244,1.991816887094626,0,0,0,0.1512899647089634,0.009111315162920573
1835,0.9950189918963042,0.9181550508939208,5,10.0,49,0.06514210046616954,0.005886174172187073,2.0061389471596094,0,0,0,0.1512899647089634,0.009111315162920573
1836,0.9933549733265253,0.9176690185547168,5,10.0,50,0.061004913742676734,0.007951175357950488,2.029643213405537,1,0,0,0.1512899647089634,0.009111315162920573
1837,0.9930322431558385,0.9171758512305855,5,10.0,50,0.05443250476503032,0.010022914148964758,2.0421897017289665,0,0,0,0.1512899647089634,0.009111315162920573
1838,0.9910012849700047,0.9166755591721966,5,10.0,50,0.04863700112934357,0.012061072372541575,2.0575798498300677,0,0,0,0.1512899647089634,0.009111315162920573
1839,0.9902724141178267,0.916168152792979,5,10.0,49,0.046924207465414286,0.01397632250265562,2.0442027613435947,0,1,0,0.1512899647089634,0.009111315162920573
1840,0.9887666452911767,0.9156536426688024,5,10.0,48,0.0452139714518944,0.015736051041231523,2.0381645605193963,0,1,0,0.1512899647089634,0.009111315162920573
1841,0.9866093617975595,0.9151320395376542,5,10.0,48,0.039789238633215866,0.017549330894271287,2.0319006764161243,0,0,0,0.1512899647089634,0.009111315162920573
1842,0.9815014714542855,0.914603354299309,5,10.0,48,0.03489948697061984,0.019386381679292502,2.064960042109518,0,0,0,0.1512899647089634,0.009111315162920573
1843,0.9792646587854702,0.9140675980149913,6,8.333333333333334,47,0.22249830410954727,0.016109546807842105,2.167014244911088,0,1,0,0.1512899647089634,0.009111315162920573
1844,0.9839410214313853,0.9135247819070348,6,8.333333333333334,47,0.19579691133152363,0.013512394571980184,2.131614593632934,0,0,0,0.1512899647089634,0.009111315162920573
1845,0.9869568576462601,0.9129749173585329,6,8.333333333333334,48,0.17534787183198677,0.011417487440313337,2.1548110582247064,1,0,0,0.1512899647089634,0.009111315162920573
1846,0.9815285540145083,0.9124180159129832,6,8.333333333333334,48,0.15441704502644166,0.009768622626732873,2.155101978360001,0,0,0,0.1512899647089634,0.009111315162920573
1847,0.983170842934017,0.9118540892739283,7,7.142857142857143,47,0.9959557003183798,0.008497399734358566,2.63691223369913,0,1,0,0.1512899647089634,0.009111315162920573
1848,0.9829491966656133,0.9112831493045868,7,7.142857142857143,47,0.8764463477234237,0.007517618808813057,2.545871918765131,0,0,0,0.1512899647089634,0.009111315162920573
1849,0.9884096263085831,0.9107052080274822,7,7.142857142857143,47,0.7712827275582622,0.006766535235104351,2.4655227191332645,0,0,0,0.1512899647089634,0.009111315162920573
1850,0.9881863513437916,0.9101202776240627,7,7.142857142857143,47,0.6787292593209447,0.006224021271988875,2.423802367541297,0,0,0,0.1512899647089634,0.009111315162920573
1851,0.9927373341402698,0.9095283704343156,7,7.142857142857143,47,0.597286661630881,0.005859816900952078,2.3745456059400767,0,0,0,0.1512899647089634,0.009111315162920573
1852,0.992985236167359,0.9089294989563766,7,7.142857142857143,47,0.5256175152234508,0.005629865715621315,2.3300007158552316,0,0,0,0.1512899647089634,0.009111315162920573
1853,0.998793228861421,0.9083236758461326,7,7.142857142857143,46,0.4634552046647491,0.005515744577098604,2.24004577783972,0,1,0,0.1512899647089634,0.009111315162920573
1854,0.9916555778047688,0.9077109139168179,7,7.142857142857143,46,0.4078122779572806,0.005470903199051239,2.2211668580550215,0,0,0,0.1512899647089634,0.009111315162920573
1855,0.9955246457238878,0.9070912261386052,7,7.142857142857143,46,0.3588765575260148,0.005475829324128319,2.206685552976099,0,0,0,0.1512899647089634,0.009111315162920573
1856,0.9953302619479572,0.9064646256381897,7,7.142857142857143,45,0.3169416076734031,0.005532749804274761,2.1771846784494095,0,1,0,0.1512899647089634,0.009111315162920573
1857,0.9960597280856343,0.9178675039735791,6,8.333333333333334,45,0.6250647150059281,0.005633444670200886,2.3498036143875827,1,1,1,0.1512899647089634,0.009111315162920573
1858,0.9965433813285152,0.9173502702102379,6,8.333333333333334,45,0.5513001110177536,0.005761849031487121,2.3083536556486717,1,1,0,0.1512899647089634,0.009111315162920573
1859,0.9969766077340962,0.9168259439984294,7,7.142857142857143,44,0.39058121955684444,0.005906600501831957,2.189528923512621,0,1,0,0.1512899647089634,0.009111315162920573
1860,0.9947648981035235,0.916294536081831,7,7.142857142857143,44,0.34370928209858803,0.006059279744233559,2.159860713093039,0,0,0,0.1512899647089634,0.009111315162920573
1861,0.9950260781740902,0.9157560573656127,7,7.142857142857143,44,0.302474199814478,0.006211425638059767,2.0847108777641012,0,0,0,0.1512899647089634,0.009111315162920573
1862,0.9952741799455407,0.9181608166562008,7,7.142857142857143,44,0.6406142573829153,0.006354806826436576,2.29078832283631,1,1,1,0.1512899647089634,0.009111315162920573
1863,0.9982962522373007,0.9163973002405175,6,8.333333333333334,45,0.4300680078368617,0.006479333843598325,2.2023556310070376,1,0,1,0.1512899647089634,0.009111315162920573
1864,1.0053188340995174,0.9160252448070885,6,8.333333333333334,46,0.379115327937538,0.006603373090879459,2.2097053164912133,1,0,0,0.1512899647089634,0.009111315162920573
1865,1.0117798156050903,0.9156460590827089,6,8.333333333333334,46,0.3336233471430716,0.0067239021478736165,2.147851098082361,0,0,0,0.1512899647089634,0.009111315162920573
1866,1.0081808600801336,0.9152597503875378,7,7.142857142857143,45,0.28892553655080033,0.0068388764382970165,2.115613139277869,0,1,0,0.1512899647089634,0.009111315162920573
1867,1.0060751756409143,0.9148663262065196,8,6.25,44,0.3212363047336122,0.006946923053699149,2.113435145850709,0,1,0,0.1512899647089634,0.009111315162920573
1868,1.0103227649804634,0.9144657941891947,8,6.25,44,0.28269468564903943,0.00706649794726032,2.07213683364733,0,0,0,0.1512899647089634,0.009111315162920573
1869,1.0096590227162856,0.9489783793948092,7,7.142857142857143,45,0.941773187423443,0.006372394901846062,2.5064539291474954,1,0,1,0.1512899647089634,0.009111315162920573
1870,1.0125179999760268,0.9486117609133221,7,7.142857142857143,45,0.8287601500024674,0.005826733736459886,2.4367986025215527,0,0,0,0.1512899647089634,0.009111315162920573
1871,1.0093816792296681,0.9482376261616244,8,6.25,44,0.7165320363354,0.0053802880033383856,2.3325761061912944,0,1,0,0.1512899647089634,0.009111315162920573
1872,1.0039560402345995,0.9478559822132581,8,6.25,44,0.6305483500870649,0.005032688199222522,2.2793216733447794,0,0,0,0.1512899647089634,0.009111315162920573
1873,1.000790740357358,0.9474668363123312,9,5.555555555555555,43,0.5945543842566519,0.004766377089581298,2.252977128023397,0,1,0,0.1512899647089634,0.009111315162920573
1874,0.9971359934678251,0.9470701958733388,10,5.0,42,0.6486746760259561,0.005114928136813976,2.253388178717628,1,2,0,0.1512899647089634,0.009111315162920573
1875,0.9936960328379411,0.9711682837759237,8,6.25,44,0.6343954639428606,0.004828984850246639,2.306774808192257,2,0,2,0.1512899647089634,0.009111315162920573
1876,0.9958248746738216,0.9708584037845805,8,6.25,44,0.5582688765445668,0.004607425452929982,2.257564473296646,0,0,0,0.1512899647089634,0.009111315162920573
1877,1.0002384892011713,0.9705407374014104,8,6.25,43,0.4920850112554418,0.004436499633372577,2.1637033672806942,0,1,0,0.1512899647089634,0.009111315162920573
1878,1.0020815718483052,0.9702152906065664,10,5.0,41,0.7888670531169066,0.0043053112274177635,2.3211595022657163,1,3,0,0.1512899647089634,0.009111315162920573
1879,1.004026498156932,0.9762796052885934,9,5.555555555555555,42,0.7208849960799522,0.004047467321169961,2.3324104504446503,1,0,1,0.1512899647089634,0.009111315162920573
1880,1.0028341971288293,0.9760141199955521,9,5.555555555555555,42,0.6344049204127779,0.0039130610227404525,2.228552541845176,0,0,0,0.1512899647089634,0.009111315162920573
1881,1.001552108028555,0.9757407926241489,9,5.555555555555555,42,0.5582873303710149,0.003866316180031,2.163904590420741,0,0,0,0.1512899647089634,0.009111315162920573
1882,1.0064645076476924,0.9754596284742921,9,5.555555555555555,42,0.4912942616701892,0.0039643126199221885,2.121475701150713,0,0,0,0.1512899647089634,0.009111315162920573
1883,1.0044130388692378,0.9750901463330814,8,6.25,43,0.42780912385755393,0.004177804570226007,2.1382098324259817,1,0,1,0.1512899647089634,0.009111315162920573
1884,1.0080711515011187,0.9747812685066016,9,5.555555555555555,42,0.9539457582185135,0.0037538383182536437,2.416510723514695,0,1,0,0.1512899647089634,0.009111315162920573
1885,1.0116580921372933,0.9744645724615674,9,5.555555555555555,42,0.8394979515607258,0.0034321798288292297,2.3138062223741263,0,0,0,0.1512899647089634,0.009111315162920573
1886,1.0119831470846334,0.9741400644194821,9,5.555555555555555,42,0.7387602499739248,0.0031949350059216467,2.251836738562623,0,0,0,0.1512899647089634,0.009111315162920573
1887,1.0090838975563394,0.9738077507752827,10,5.0,41,0.8039536329762776,0.0029418298168445794,2.2703076212194677,0,1,0,0.1512899647089634,0.009111315162920573
1888,1.008638836809912,0.9750528193074749,9,5.555555555555555,42,0.5567371789399739,0.002884511077712325,2.14499388843926,1,0,1,0.1512899647089634,0.009111315162920573
1889,1.007240362874424,0.9747477765011914,9,5.555555555555555,42,0.48995494129581707,0.002843407464914619,2.071186650583947,0,0,0,0.1512899647089634,0.009111315162920573
1890,1.0081423938788858,0.9744349223372246,9,5.555555555555555,42,0.4311407046444,0.0028227561013283364,2.0345946871414826,0,0,0,0.1512899647089634,0.009111315162920573
1891,1.0090096931225345,0.9741142629610994,9,5.555555555555555,42,0.3794055608248619,0.0028121334003076027,2.0185760347610486,0,0,0,0.1512899647089634,0.009111315162920573
1892,1.003822326697681,0.9737858046914702,9,5.555555555555555,42,0.3338796966276064,0.002826176600837756,1.9585273416761633,0,0,0,0.1512899647089634,0.009111315162920573
1893,0.9987671017438106,0.9734495540199387,9,5.555555555555555,42,0.29381595532486066,0.0028638831180790862,1.9339392159696154,0,0,0,0.1512899647089634,0.009111315162920573
1894,0.9983485990262725,0.9731055176108669,11,4.545454545454546,40,1.0978361949919233,0.0026830954708034903,2.3769389490761785,0,2,0,0.1512899647089634,0.009111315162920573
1895,0.9967318033948932,0.9727537023011802,11,4.545454545454546,40,0.9660989638436074,0.002538889936399902,2.328337302366933,0,0,0,0.1512899647089634,0.009111315162920573
1896,1.0021409034709032,0.9723941151001682,12,4.166666666666667,39,1.0999179788732385,0.0024238917640379116,2.3879592303695194,0,1,0,0.1512899647089634,0.009111315162920573
1897,0.9959211376467089,0.9720267631892772,13,3.8461538461538463,38,0.9875510754674522,0.0023333764124077493,2.3315369775646535,0,1,0,0.1512899647089634,0.009111315162920573
1898,0.9949162972731984,0.9716516539218972,13,3.8461538461538463,39,0.8694492689436892,0.002261121953662775,2.3154243105793504,1,0,0,0.1512899647089634,0.009111315162920573
1899,0.9917539722697783,0.9712687948231425,13,3.8461538461538463,39,0.7651181557040924,0.0022034403714100165,2.266886955332308,0,0,0,0.1512899647089634,0.009111315162920573
1900,0.9885505976713415,0.9708781935896262,13,3.8461538461538463,39,0.6733173777473334,0.002165214749818517,2.2263524730807895,0,0,0,0.1512899647089634,0.009111315162920573
1901,0.9921630469943241,0.970479858089229,13,3.8461538461538463,39,0.5925240575349497,0.0021574097505420277,2.176785969345262,0,0,0,0.1512899647089634,0.009111315162920573
1902,0.9925036653764755,0.9700737963608602,14,3.5714285714285716,38,1.3276659836001485,0.0021686546269899408,2.549553241278308,0,1,0,0.1512899647089634,0.009111315162920573
1903,0.9930905101569354,0.969660016614215,17,2.9411764705882355,35,1.3705691681120344,0.0022101698002111115,2.4995567392058846,0,3,0,0.1512899647089634,0.009111315162920573
1904,0.9919524687032802,0.9692385272295234,17,2.9411764705882355,35,1.2061068890361353,0.0022812975771020383,2.3980755621756797,0,0,0,0.1512899647089634,0.009111315162920573
1905,0.9938443178685005,0.968809336757296,18,2.7777777777777777,34,1.0712754342562534,0.0023746681284751675,2.295573832119251,0,1,0,0.1512899647089634,0.009111315162920573
1906,0.9965107386427882,0.9683724539180583,18,2.7777777777777777,34,0.9427255639975124,0.002478801541594264,2.2002417670726313,0,0,0,0.1512899647089634,0.009111315162920573
1907,0.9981590032493203,0.9679278876020853,18,2.7777777777777777,34,0.8296021805527869,0.0025991196969833014,2.114716129837265,0,0,0,0.1512899647089634,0.009111315162920573
1908,1.0010033717897384,0.9674756468691255,18,2.7777777777777777,34,0.7300543180350008,0.0027618562591210545,2.0857487069501954,0,0,0,0.1512899647089634,0.009111315162920573
1909,1.0039081370187666,0.967015740948121,19,2.6315789473684212,33,0.7579585967077256,0.0029671909123161473,2.0980622451215316,0,1,0,0.1512899647089634,0.009111315162920573
1910,0.9960270335666245,0.9668514154445151,18,2.7777777777777777,33,0.5521657683225141,0.0032328028904973923,1.9622647763161805,1,1,1,0.1512899647089634,0.009111315162920573
1911,0.9926990344956554,0.9663849259083258,18,2.7777777777777777,33,0.4859148515793641,0.0035705442168569657,1.8882728974396228,0,0,0,0.1512899647089634,0.009111315162920573
1912,0.9914621772307943,0.9659107983562822,18,2.7777777777777777,33,0.42765285137851383,0.003953110837794416,1.8836347006961116,0,0,0,0.1512899647089634,0.009111315162920573
1913,0.9924631120580297,0.9654290426555231,18,2.7777777777777777,33,0.3763382310518114,0.00436683577329923,1.8515851810328394,0,0,0,0.1512899647089634,0.009111315162920573
1914,0.996446043621297,0.9649396688408669,18,2.7777777777777777,33,0.33118198907770535,0.004811630972525126,1.7915458752479376,0,0,0,0.1512899647089634,0.009111315162920573
1915,1.0011976634543087,0.9644426871144939,18,2.7777777777777777,33,0.2914438684517713,0.005272576004780232,1.7509938324220484,0,0,0,0.1512899647089634,0.009111315162920573
1916,1.0031028281231733,0.9639381078456231,18,2.7777777777777777,33,0.25647441365769214,0.005733814210978817,1.713480281707855,0,0,0,0.1512899647089634,0.009111315162920573
1917,1.0061296122925831,0.9634259415701812,19,2.6315789473684212,31,0.28921196302534363,0.006184168947373028,1.661723902950136,0,2,0,0.1512899647089634,0.009111315162920573
1918,1.0070677148210896,0.9629061989904686,19,2.6315789473684212,31,0.2545113640108006,0.0066202864929967775,1.6393543622576774,0,0,0,0.1512899647089634,0.009111315162920573
1919,1.007440507584885,0.9623788909748168,19,2.6315789473684212,31,0.22406287380529227,0.00704370847117679,1.6039233821715735,0,0,0,0.1512899647089634,0.009111315162920573
1920,1.0119611024000865,0.9618440285572415,20,2.5,30,0.20298135027092556,0.007480167716576679,1.522903053578854,0,1,0,0.1512899647089634,0.009111315162920573
1921,1.0116765861248185,0.9613016229370878,20,2.5,30,0.17863137902990292,0.007918419502611643,1.5070145099801657,0,0,0,0.1512899647089634,0.009111315162920573
1922,1.009601398445786,0.9607516854786732,20,2.5,30,0.1571957849235095,0.008362617431579145,1.5091942328757737,0,0,0,0.1512899647089634,0.009111315162920573
1923,1.0084098110285438,0.9601942277109206,20,2.5,30,0.1383605339295678,0.008829358624120728,1.4811738917989914,0,0,0,0.1512899647089634,0.009111315162920573
1924,1.0028815206592219,0.9596292613269871,20,2.5,30,0.12176992441670809,0.009303633519400669,1.4706801332309631,0,0,0,0.1512899647089634,0.009111315162920573
1925,1.000883909696129,0.9590567981838877,20,2.5,30,0.10716720308496935,0.009781268152733747,1.493513955786685,0,0,0,0.1512899647089634,0.009111315162920573
1926,1.0003392347905011,0.9584768503021128,21,2.380952380952381,29,0.12384225796515434,0.010265033555200264,1.4997155802308704,0,1,0,0.1512899647089634,0.009111315162920573
1927,1.0004435772417488,0.955381283908766,21,2.380952380952381,29,0.13349589543706578,0.010553207873313333,1.5096552063510729,1,1,1,0.1512899647089634,0.009111315162920573
1928,1.0020588532919856,0.954835781977929,22,2.272727272727273,28,0.1283750845266047,0.010862335137620993,1.5011933025325876,0,1,0,0.1512899647089634,0.009111315162920573
1929,1.0032378006411553,0.956377766472163,20,2.5,30,0.3102728605570295,0.010783062778728678,1.6412899051966863,2,0,2,0.1512899647089634,0.009111315162920573
1930,1.0069697623425846,0.9558587049826244,21,2.380952380952381,29,0.27979364981507737,0.010430493607720588,1.632720831535898,0,1,0,0.1512899647089634,0.009111315162920573
1931,1.0099257464326206,0.957399326415181,20,2.5,30,0.5599712010605298,0.010230836736694164,1.8226162018714567,1,0,1,0.1512899647089634,0.009111315162920573
1932,1.0067386869558603,0.9569042114315183,20,2.5,30,0.4927782166857234,0.010155992865223926,1.7796420409377882,0,0,0,0.1512899647089634,0.009111315162920573
1933,1.004748427887132,0.9564015356386314,20,2.5,30,0.4336483892303593,0.01017082681107797,1.7741703667329813,0,0,0,0.1512899647089634,0.009111315162920573
1934,1.0036018558454132,0.9558913076239776,20,2.5,30,0.3815926643510334,0.010252725773718765,1.7414415985066944,0,0,0,0.1512899647089634,0.009111315162920573
1935,1.0059141873212285,0.958639591954778,19,2.6315789473684212,31,0.34622367651426905,0.009817518662204771,1.7755987058306169,1,0,1,0.1512899647089634,0.009111315162920573
1936,1.0057056261891346,0.9581311592859243,19,2.6315789473684212,31,0.3046789238267753,0.009575603428573335,1.7492057292376069,0,0,0,0.1512899647089634,0.009111315162920573
1937,1.009111282348231,0.9576151480455921,19,2.6315789473684212,31,0.2681351742895605,0.009487029197969909,1.6941798857798929,0,0,0,0.1512899647089634,0.009111315162920573
1938,1.0109471395903515,0.9570915672388342,19,2.6315789473684212,31,0.23596098771657886,0.009517974804003902,1.6900506785345644,0,0,0,0.1512899647089634,0.009111315162920573
1939,1.0136971276280058,0.9565604260394425,19,2.6315789473684212,31,0.20765015121840447,0.009684592477538483,1.7364456551595058,0,0,0,0.1512899647089634,0.009111315162920573
1940,1.0129566197023527,0.9560217337897177,19,2.6315789473684212,31,0.18288830067035472,0.0100228453819871,1.7371246537235603,0,0,0,0.1512899647089634,0.009111315162920573
1941,1.0153513127556053,0.9554755000002331,19,2.6315789473684212,31,0.1609286231028881,0.010555035996242437,1.7396009288527434,0,0,0,0.1512899647089634,0.009111315162920573
1942,1.0188044710394037,0.9549217343495905,19,2.6315789473684212,31,0.14162800706258286,0.01121658286527719,1.711759620480808,0,0,0,0.1512899647089634,0.009111315162920573
1943,1.017728985942944,0.9606690475602282,18,2.7777777777777777,32,0.1484540507443842,0.011428596447101473,1.7561595426290737,1,0,1,0.1512899647089634,0.009111315162920573
1944,1.0157350145454334,0.9601491034602293,18,2.7777777777777777,32,0.13066484717841223,0.011730523401549701,1.7287142424438802,0,0,0,0.1512899647089634,0.009111315162920573
1945,1.0119132581702324,0.9602113369513469,17,2.9411764705882355,33,0.12150437353292362,0.011735540820730138,1.7311391247223786,1,0,1,0.1512899647089634,0.009111315162920573
1946,1.0139044252095744,0.9596846412966007,17,2.9411764705882355,33,0.1069327000874559,0.011885449148736498,1.7213369955044422,0,0,0,0.1512899647089634,0.009111315162920573
1947,1.012626960270228,0.9591503135641293,17,2.9411764705882355,33,0.09410953784924583,0.012136089528581894,1.680848754298524,0,0,0,0.1512899647089634,0.009111315162920573
1948,1.0139837237455978,0.9586083627867853,20,2.5,30,0.11424746140977986,0.013291950169325885,1.6338357505376002,0,3,0,0.1512899647089634,0.009111315162920573
1949,1.0111141909154637,0.965914546783292,18,2.7777777777777777,32,0.16076384545818262,0.01399195955653109,1.7084237625437089,2,0,2,0.1512899647089634,0.009111315162920573
1950,1.012663090791487,0.9747965383229703,17,2.9411764705882355,33,0.40812899441757244,0.013385193143116623,1.910351488102143,1,0,1,0.1512899647089634,0.009111315162920573
1951,1.014719344828632,0.9743757524739578,17,2.9411764705882355,33,0.35923804264755055,0.012955925161339253,1.83014839417723,0,0,0,0.1512899647089634,0.009111315162920573
1952,1.0123254388330767,0.9739470753944143,17,2.9411764705882355,33,0.31608100395648525,0.012688689309406453,1.8181027788154163,0,0,0,0.1512899647089634,0.009111315162920573
1953,1.0104267534942422,0.9735105148405637,17,2.9411764705882355,33,0.27830406375605854,0.012501749060298828,1.8418230705847787,0,0,0,0.1512899647089634,0.009111315162920573
1954,1.0113363918582245,0.9730660787445455,17,2.9411764705882355,33,0.24494180876876623,0.012399242274584856,1.8045955595096175,0,0,0,0.1512899647089634,0.009111315162920573
1955,1.0084821710121146,0.9766565480325314,16,3.125,34,1.2087097449104816,0.012398983024722268,2.422448702632557,1,0,1,0.1512899647089634,0.009111315162920573
1956,1.0071384722408128,0.976288344070103,17,2.9411764705882355,33,0.9753571782060299,0.01248484166880671,2.2616314486883193,0,1,0,0.1512899647089634,0.009111315162920573
1957,1.0056031641880292,0.9777965849756695,16,3.125,34,0.9706088754775655,0.012625318057683538,2.3136781816100656,1,0,1,0.1512899647089634,0.009111315162920573
1958,1.0040902287667655,0.977466138338735,16,3.125,34,0.8541341492206912,0.0128055403287667,2.2419651317750593,0,0,0,0.1512899647089634,0.009111315162920573
1959,1.000180440089424,0.9771277117335655,16,3.125,34,0.7516944871661514,0.012997779973805405,2.179130173981674,0,0,0,0.1512899647089634,0.009111315162920573
1960,1.0007885391449838,0.9767813107431775,16,3.125,34,0.6615837757574561,0.01318663955336921,2.124035376715961,0,0,0,0.1512899647089634,0.009111315162920573
1961,0.9968272147957167,0.9764269411289438,16,3.125,34,0.5821884541039026,0.013388168490873553,2.0916269059084573,0,0,0,0.1512899647089634,0.009111315162920573
1962,0.9966721731282476,0.9760646088304585,16,3.125,34,0.5122884778758148,0.013600204376297527,2.050358461810076,0,0,0,0.1512899647089634,0.009111315162920573
1963,0.9948346546193422,0.9756943199653917,17,2.9411764705882355,33,0.4576240984662897,0.013417790789097848,2.046563490393214,0,1,0,0.1512899647089634,0.009111315162920573
1964,1.0000507434855692,0.9753160808293424,19,2.6315789473684212,31,0.393582746484908,0.01293208966774211,1.999641421376025,0,2,0,0.1512899647089634,0.009111315162920573
1965,0.997736345170864,0.9749298978956803,19,2.6315789473684212,31,0.3463494226647825,0.012592467644913983,1.9689284837126795,0,0,0,0.1512899647089634,0.009111315162920573
1966,1.001127873881539,0.9745357778153879,19,2.6315789473684212,31,0.3047884230830502,0.012362971745868662,1.9594621764351874,0,0,0,0.1512899647089634,0.009111315162920573
1967,0.9986643635363168,0.9741337274168875,19,2.6315789473684212,31,0.2682289710750067,0.012213900822348673,1.9421292245840227,0,0,0,0.1512899647089634,0.009111315162920573
1968,0.9991992946710103,0.9737237537058692,19,2.6315789473684212,31,0.23608235953257978,0.01211984095671945,1.9360432971738117,0,0,0,0.1512899647089634,0.009111315162920573
1969,0.9989978367537897,0.9733058638651091,19,2.6315789473684212,31,0.20775332600311722,0.012074558245208972,1.9046974066925682,0,0,0,0.1512899647089634,0.009111315162920573
1970,0.9979603691507832,0.9728800652542805,19,2.6315789473684212,31,0.18289632181375318,0.012050218470541168,1.8800218514062752,0,0,0,0.1512899647089634,0.009111315162920573
1971,0.9996571939999042,0.9724463654097626,19,2.6315789473684212,31,0.16096942127462094,0.01205175662120923,1.8912946965032902,0,0,0,0.1512899647089634,0.009111315162920573
1972,1.0026743739600588,0.9720047720444368,19,2.6315789473684212,31,0.14165688363740378,0.012074925137136365,1.8515289129863302,0,0,0,0.1512899647089634,0.009111315162920573
1973,1.0004517783007065,0.9715552930474831,19,2.6315789473684212,31,0.1246594138533683,0.012130935223650911,1.8366967354149368,0,0,0,0.1512899647089634,0.009111315162920573
1974,1.0016948068506217,0.9710979364841655,19,2.6315789473684212,31,0.1096903983898822,0.012263055679690986,1.7909900543611164,0,0,0,0.1512899647089634,0.009111315162920573
1975,1.000810038617602,0.9706327105956127,20,2.5,30,0.12294515938799395,0.013171464165745987,1.7758989571281867,0,1,0,0.1512899647089634,0.009111315162920573
1976,1.0050770915971672,0.970159623798593,20,2.5,30,0.10819548153073998,0.014406122388488264,1.783516185039987,0,0,0,0.1512899647089634,0.009111315162920573
1977,1.0046989899675824,0.9696786846852823,20,2.5,30,0.09526298507173298,0.015855151997549236,1.756356963134197,0,0,0,0.1512899647089634,0.009111315162920573
1978,1.0073272720847892,0.9691899020230254,20,2.5,30,0.08391796862610829,0.01742321412162015,1.7790001602440326,0,0,0,0.1512899647089634,0.009111315162920573
1979,1.006551985170989,0.968693284754092,20,2.5,30,0.07385087058133466,0.019105970340282667,1.7550475566500772,0,0,0,0.1512899647089634,0.009111315162920573
1980,1.001255498636347,0.9681888419954257,20,2.5,30,0.06499064596330587,0.020900463290609256,1.7470471633039402,0,0,0,0.1512899647089634,0.009111315162920573
1981,1.0035954879108648,0.9676765830383856,21,2.380952380952381,29,0.18259975490986574,0.01982904350958469,1.7800994347403871,0,1,0,0.1512899647089634,0.009111315162920573
1982,1.002245186640601,0.9671565173484858,21,2.380952380952381,30,0.1628148121467383,0.019030515136986618,1.7905935736338938,1,0,0,0.1512899647089634,0.009111315162920573
1983,1.0022525666694775,0.9666286545651235,22,2.272727272727273,29,0.5158673954473144,0.0184436616598597,2.012698952027777,0,1,0,0.1512899647089634,0.009111315162920573
1984,1.000161068995212,0.9674342616952576,21,2.380952380952381,30,0.4545318443531552,0.01785290620868373,1.9993529926814344,1,0,1,0.1512899647089634,0.009111315162920573
1985,0.9989800789024784,0.9669917379370329,21,2.380952380952381,30,0.3999815725644416,0.01741782430534151,1.9319643580908208,0,0,0,0.1512899647089634,0.009111315162920573
1986,1.0051388318745453,0.9665413651622763,21,2.380952380952381,30,0.35198411658352335,0.017101422460252313,1.901172030864231,0,0,0,0.1512899647089634,0.009111315162920573
1987,0.9986825614403056,0.9660831512263984,21,2.380952380952381,31,0.312410755403715,0.016876234724971552,1.8524326239278168,1,0,0,0.1512899647089634,0.009111315162920573
1988,0.9953663866503649,0.9656171041605787,21,2.380952380952381,31,0.27493578739258406,0.016717804567154847,1.8294511004497414,0,0,0,0.1512899647089634,0.009111315162920573
1989,0.995132276315864,0.965143232171557,22,2.272727272727273,30,0.36139043468193477,0.016599723438656514,1.8614514818198047,0,1,0,0.1512899647089634,0.009111315162920573
1990,0.9960601128909502,0.9646615436414179,22,2.272727272727273,30,0.31802598428484585,0.016525717617767798,1.88127850632889,0,0,0,0.1512899647089634,0.009111315162920573
1991,0.9955799156867075,0.9641720471273653,22,2.272727272727273,30,0.2798713683834795,0.016483299170043444,1.8087700078485744,0,0,0,0.1512899647089634,0.009111315162920573
1992,0.9941946741852974,0.9636747513614967,22,2.272727272727273,30,0.24653725303430657,0.01641577120616799,1.7715577419344493,0,0,0,0.1512899647089634,0.009111315162920573
1993,0.9910659941839712,0.9631696652505655,22,2.272727272727273,30,0.2170382607654471,0.016365280884477407,1.7689494990446673,0,0,0,0.1512899647089634,0.009111315162920573
1994,0.990152376673865,0.962656797875741,22,2.272727272727273,30,0.19099786251520928,0.016344137712487165,1.7366436244481747,0,0,0,0.1512899647089634,0.009111315162920573
1995,0.9927342890509385,0.9621361584923596,22,2.272727272727273,30,0.1680824570509693,0.016344133213485802,1.7223831544348687,0,0,0,0.1512899647089634,0.009111315162920573
1996,0.9905419937591993,0.9616077565296702,22,2.272727272727273,30,0.14791801689828937,0.0163587994370032,1.6779010702921886,0,0,0,0.1512899647089634,0.009111315162920573
1997,0.9855442971946481,0.9610716015905764,23,2.1739130434782608,29,0.2457972531031233,0.01638855822428043,1.7168410469767854,0,1,0,0.1512899647089634,0.009111315162920573
1998,0.9874609745725114,0.9605277034513657,23,2.1739130434782608,28,0.21694886992062073,0.016447244004886702,1.695191343288556,0,1,0,0.1512899647089634,0.009111315162920573
1999,0.9861172382694479,0.9616976079311178,22,2.272727272727273,29,0.20213514364233784,0.015915067254171484,1.7255476021875404,1,0,1,0.1512899647089634,0.009111315162920573
2000,0.9830692890897117,0.9611525877551182,22,2.272727272727273,29,0.1780302568259882,0.015488198550306061,1.7255180410971962,0,0,0,0.1512899647089634,0.009111315162920573
2001,0.9852162777254891,0.9605998423090967,22,2.272727272727273,29,0.15671827526844015,0.015165703492866509,1.7115558804122668,0,0,0,0.1512899647089634,0.009111315162920573
2002,0.9853544028232615,0.9600393819775271,22,2.272727272727273,28,0.14022267670512112,0.01493257807784392,1.6812772924614747,0,1,0,0.1512899647089634,0.009111315162920573
2003,0.9870828751309781,0.9650108735959094,21,2.380952380952381,30,0.38385067236089265,0.014755895358665621,1.8751681682453372,2,0,1,0.1512899647089634,0.009111315162920573
2004,0.9879254097061749,0.9645067346775206,21,2.380952380952381,30,0.3377972750429779,0.014635629260565542,1.8453216886473875,0,0,0,0.1512899647089634,0.009111315162920573
2005,0.9868559795318513,0.9639948145921524,21,2.380952380952381,30,0.2975892240717826,0.014494255957864279,1.8035360271592709,0,0,0,0.1512899647089634,0.009111315162920573
2006,0.9888672630944175,0.9634751224048869,21,2.380952380952381,30,0.26193668793191166,0.01439532195289965,1.7808988822962977,0,0,0,0.1512899647089634,0.009111315162920573
2007,0.988088225947834,0.9629476673546108,21,2.380952380952381,30,0.2305323250957599,0.014334561889533642,1.809122047210319,0,0,0,0.1512899647089634,0.009111315162920573
2008,0.9878408686831238,0.9538897800612556,20,2.5,31,0.33815476488959106,0.014004552193787831,1.9134948480484022,1,0,1,0.1512899647089634,0.009111315162920573
2009,0.9871539465027916,0.9533500214865845,20,2.5,31,0.29752315207987506,0.013806274753214326,1.903965383083911,0,0,0,0.1512899647089634,0.009111315162920573
2010,0.9888772121941091,0.9528025868252061,20,2.5,31,0.26183977900604316,0.013691476581994736,1.8816924862806153,0,0,0,0.1512899647089634,0.009111315162920573
2011,0.9855610161542816,0.9522474852101539,20,2.5,31,0.2304364328114934,0.013638521341995358,1.8462033238446378,0,0,0,0.1512899647089634,0.009111315162920573
2012,0.9869527442247089,0.9516847259461229,20,2.5,31,0.20280203035669417,0.013630342537425339,1.813137316332323,0,0,0,0.1512899647089634,0.009111315162920573
2013,0.9870511064738251,0.9486789690525116,19,2.6315789473684212,31,0.3192029906059681,0.013441064207770031,1.8716138679523107,1,1,1,0.1512899647089634,0.009111315162920573
2014,0.9892873888659036,0.9481549279182923,19,2.6315789473684212,31,0.2809135214408536,0.013318251069988619,1.8311171680560596,0,0,0,0.1512899647089634,0.009111315162920573
2015,0.9909855529940748,0.9476232487086078,19,2.6315789473684212,31,0.24714673887314859,0.013281406015386575,1.8097148347175496,0,0,0,0.1512899647089634,0.009111315162920573
2016,0.9909166900250952,0.9470839400008102,19,2.6315789473684212,31,0.21751967652384177,0.013327508617401888,1.8390818994595506,0,0,0,0.1512899647089634,0.009111315162920573
2017,0.996897471913491,0.9465370105433845,19,2.6315789473684212,32,0.19287965262295298,0.01348030232948007,1.8481553617327058,1,0,0,0.1512899647089634,0.009111315162920573
2018,1.000864597153205,0.9459824692557011,19,2.6315789473684212,32,0.1697491353626649,0.013693886492636607,1.8011701588367997,0,0,0,0.1512899647089634,0.009111315162920573
2019,0.9954531833130073,0.9454203252277625,19,2.6315789473684212,32,0.14943574119135516,0.01393740304397219,1.7881519529292134,0,0,0,0.1512899647089634,0.009111315162920573
2020,0.9935079884950534,0.9448505877199428,19,2.6315789473684212,32,0.13172446010593963,0.014162240791069773,1.776902557224364,0,0,0,0.1512899647089634,0.009111315162920573
2021,0.9977951492519153,0.9442732661627216,21,2.380952380952381,30,0.238040065878448,0.014409608319475853,1.7852249503976692,0,2,0,0.1512899647089634,0.009111315162920573
2022,0.999206769653196,0.9438764936087151,20,2.5,31,0.20452993741725994,0.014673987275608574,1.7720186456033062,1,0,1,0.1512899647089634,0.009111315162920573
2023,1.0022868913464706,0.9432858117609091,20,2.5,31,0.180002340611114,0.014960806740726928,1.7714769167313806,0,0,0,0.1512899647089634,0.009111315162920573
2024,1.000726262611695,0.9423499747515252,19,2.6315789473684212,32,0.16449336356113212,0.01493980252299523,1.785302652410214,1,0,1,0.1512899647089634,0.009111315162920573
2025,1.0006142529490092,0.9417452658463905,19,2.6315789473684212,32,0.14477639562596745,0.014970145444428715,1.7558208130807313,0,0,0,0.1512899647089634,0.009111315162920573
2026,1.0011632000767983,0.9411330222326123,19,2.6315789473684212,32,0.12741955490910223,0.015037055706582482,1.7281679647243247,0,0,0,0.1512899647089634,0.009111315162920573
2027,1.0017172050468386,0.9405132543464665,19,2.6315789473684212,32,0.11222024663493682,0.015113104990255139,1.7341193218151094,0,0,0,0.1512899647089634,0.009111315162920573
2028,1.001910498347459,0.9398859727922785,19,2.6315789473684212,32,0.09876586719647959,0.01520991346869075,1.7413499006934987,0,0,0,0.1512899647089634,0.009111315162920573
2029,1.0046793878815854,0.939251188342108,19,2.6315789473684212,32,0.08692463327478066,0.015319271368721719,1.7337225652465766,0,0,0,0.1512899647089634,0.009111315162920573
2030,1.0027946148219926,0.9386089119354273,19,2.6315789473684212,32,0.07654690834610588,0.015728073379573815,1.7271039839689448,0,0,0,0.1512899647089634,0.009111315162920573
2031,1.0047570250403144,0.9379591546787959,19,2.6315789473684212,32,0.06737065852335113,0.016669627524448262,1.7213042743349716,0,0,0,0.1512899647089634,0.009111315162920573
2032,1.001571166040604,0.9373019278455246,19,2.6315789473684212,32,0.05928169140308315,0.017989311504508478,1.7322304242575706,0,0,0,0.1512899647089634,0.009111315162920573
2033,1.007147397406532,0.9366372428753397,19,2.6315789473684212,32,0.05251550691361191,0.019473103365410985,1.696005361209958,0,0,0,0.1512899647089634,0.009111315162920573
2034,1.0069765171732732,0.9359651113740355,19,2.6315789473684212,32,0.046235892422270955,0.021140426376077843,1.7241135782497055,0,0,0,0.1512899647089634,0.009111315162920573
2035,1.0135013827704973,0.935285545113124,19,2.6315789473684212,32,0.04070471496520597,0.022907417463703072,1.720701861076381,0,0,0,0.1512899647089634,0.009111315162920573
2036,1.012344692826731,0.9345985560294793,19,2.6315789473684212,32,0.035837229948153665,0.024702177248166052,1.7017116120418354,0,0,0,0.1512899647089634,0.009111315162920573
2037,1.0125747225075548,0.9339041562249734,19,2.6315789473684212,32,0.031546008740031904,0.026474979295806812,1.7310845607987264,0,0,0,0.1512899647089634,0.009111315162920573
2038,1.0070654788105997,0.9332023579661071,19,2.6315789473684212,32,0.02779291304394495,0.028185140593019416,1.6807934644923979,0,0,0,0.1512899647089634,0.009111315162920573
2039,1.0030717313947128,0.9323622079841655,18,2.7777777777777777,33,0.030747756349854053,0.029497620891330047,1.7230369413094353,1,0,1,0.1512899647089634,0.009111315162920573
2040,1.0009758889279563,0.9316453620439038,18,2.7777777777777777,33,0.027069504279867686,0.03079136954094977,1.7041829181925627,0,0,0,0.1512899647089634,0.009111315162920573
2041,1.0002596823836036,0.930921155601552,18,2.7777777777777777,33,0.02383637556053946,0.03204013475399712,1.7017577370548054,0,0,0,0.1512899647089634,0.009111315162920573
2042,0.9961268524094616,0.9301896015785986,18,2.7777777777777777,33,0.021025487279102216,0.03322040853770505,1.6997072261563224,0,0,0,0.1512899647089634,0.009111315162920573
2043,0.9940330060958159,0.9294507130592256,18,2.7777777777777777,32,0.02309741748382396,0.033977866931569255,1.6651774008319404,0,1,0,0.1512899647089634,0.009111315162920573
2044,0.9920504467863771,0.9287045032899052,18,2.7777777777777777,32,0.020539538759722312,0.03468488576195895,1.6468129360120676,0,0,0,0.1512899647089634,0.009111315162920573
2045,0.9949083934995082,0.9279509856789891,19,2.6315789473684212,31,0.1434668562828986,0.031125572277038036,1.6844470233369149,0,1,0,0.1512899647089634,0.009111315162920573
2046,0.9963595453723625,0.934889356670814,19,2.6315789473684212,31,0.2509652374926117,0.028296873820654808,1.752854324670949,1,1,1,0.1512899647089634,0.009111315162920573
2047,0.9996284351317662,0.9342219400737163,20,2.5,30,0.8537529543580394,0.02605932586826072,2.06095815924636,0,1,0,0.1512899647089634,0.009111315162920573
2048,0.9964485015743204,0.9335471037111284,20,2.5,30,0.7512958446167834,0.024292063493238952,2.0293072967437227,0,0,0,0.1512899647089634,0.009111315162920573
2049,0.9970884230591319,0.9328648591589968,20,2.5,30,0.6611378948749999,0.022930920161662666,1.9575800794052396,0,0,0,0.1512899647089634,0.009111315162920573
2050,0.995483528038024,0.9321752181585482,20,2.5,30,0.5818065491350166,0.021901293058865356,1.9247569363411898,0,0,0,0.1512899647089634,0.009111315162920573
2051,0.9919720749679135,0.9314781926159403,21,2.380952380952381,29,0.5986884478244459,0.021118452052662492,1.8984678238398025,0,1,0,0.1512899647089634,0.009111315162920573
2052,0.9874006422535129,0.9378671023909041,20,2.5,30,0.5272769625694756,0.020329704783850103,1.8948072439005366,1,0,1,0.1512899647089634,0.009111315162920573
2053,0.9850161687226467,0.9372051508760718,20,2.5,30,0.4640024229508885,0.019745566343412,1.8392322535396712,0,0,0,0.1512899647089634,0.009111315162920573
2054,0.9868452960646398,0.9365357912581738,20,2.5,30,0.4089395048971723,0.01924097135013685,1.8209868027651572,0,0,0,0.1512899647089634,0.009111315162920573
2055,0.9845631358139968,0.9358590355796694,20,2.5,30,0.3599232698601441,0.01891684127569854,1.7426712867862264,0,0,0,0.1512899647089634,0.009111315162920573
2056,0.9916352122104284,0.935174896046703,20,2.5,30,0.3176313011030267,0.018558920204647188,1.7646167743144212,0,0,0,0.1512899647089634,0.009111315162920573
2057,0.9890161878827874,0.9344833850287242,22,2.272727272727273,28,0.43848104356431394,0.01836237969032642,1.797617121378042,0,2,0,0.1512899647089634,0.009111315162920573
2058,0.9878132371549436,0.9337845150581081,22,2.272727272727273,28,0.3859228179676256,0.018275428299161834,1.7484500622101657,0,0,0,0.1512899647089634,0.009111315162920573
2059,0.9852731000734883,0.9330782988297659,22,2.272727272727273,28,0.3396377661545707,0.018274450907693782,1.7034549382649358,0,0,0,0.1512899647089634,0.009111315162920573
2060,0.9850849864623333,0.9323647492007507,23,2.1739130434782608,27,0.6200414624254249,0.018320994986035385,1.8672790863843998,0,1,0,0.1512899647089634,0.009111315162920573
2061,0.9783450660169887,0.9316438791898577,23,2.1739130434782608,27,0.5458594221222068,0.018373716028806462,1.8214563099701828,0,0,0,0.1512899647089634,0.009111315162920573
2062,0.9763090730754814,0.9355682988910542,22,2.272727272727273,28,0.48050941138574743,0.01805468361207361,1.8217611393540922,1,0,1,0.1512899647089634,0.009111315162920573
2063,0.9741398155534555,0.9348986879193124,22,2.272727272727273,28,0.42286989186389234,0.017848465869998616,1.7698135545103184,0,0,0,0.1512899647089634,0.009111315162920573
2064,0.9701564392122851,0.9342217518097808,22,2.272727272727273,28,0.372147177823498,0.017726608295691053,1.738357021238086,0,0,0,0.1512899647089634,0.009111315162920573
2065,0.9654258858262914,0.933537503438575,22,2.272727272727273,28,0.32759502556579584,0.017651673631572325,1.678858551247468,0,0,0,0.1512899647089634,0.009111315162920573
2066,0.9664810866366511,0.9328459558412379,23,2.1739130434782608,27,0.29506629040441845,0.017288105960649176,1.655265926173644,0,1,0,0.1512899647089634,0.009111315162920573
2067,0.9640786738639293,0.932147122212307,23,2.1739130434782608,27,0.259716535002393,0.017013713739218103,1.5849995349496806,0,0,0,0.1512899647089634,0.009111315162920573
2068,0.9667021017409907,0.9314410159048798,23,2.1739130434782608,27,0.2290853714674913,0.016713319940837267,1.5978284333416783,0,0,0,0.1512899647089634,0.009111315162920573
2069,0.9635124077954417,0.930727650430167,23,2.1739130434782608,27,0.20162368198043493,0.01650302732973862,1.5647571170341488,0,0,0,0.1512899647089634,0.009111315162920573
2070,0.960279584856208,0.9300070394570477,23,2.1739130434782608,27,0.17738083746078936,0.016395801601026837,1.5657656833608895,0,0,0,0.1512899647089634,0.009111315162920573
2071,0.9586065277218616,0.9292791968116131,23,2.1739130434782608,27,0.15596578398638222,0.016385524111551614,1.536582356055141,0,0,0,0.1512899647089634,0.009111315162920573
2072,0.9637896066724474,0.9285441364767073,23,2.1739130434782608,27,0.13720504038491815,0.016426043344464035,1.5570751884784348,0,0,0,0.1512899647089634,0.009111315162920573
2073,0.9610291082861295,0.9278018725914629,24,2.0833333333333335,26,0.1883609195190074,0.016490049886401112,1.5840806748970175,0,1,0,0.1512899647089634,0.009111315162920573
2074,0.9603148706446185,0.9268605816244261,23,2.1739130434782608,27,0.1725761599198033,0.016165337349698838,1.5983437883410914,1,0,1,0.1512899647089634,0.009111315162920573
2075,0.9577456960632547,0.9300145574926977,22,2.272727272727273,28,0.14739995479943105,0.01589006593569683,1.6225385421715657,1,0,1,0.1512899647089634,0.009111315162920573
2076,0.9599589255023159,0.9292813496017128,22,2.272727272727273,28,0.13000946072813693,0.015648026139372172,1.5785796034058126,0,0,0,0.1512899647089634,0.009111315162920573
2077,0.961117927539496,0.9285409635080522,22,2.272727272727273,28,0.11446297053540405,0.015523149513168957,1.5841082275479406,0,0,0,0.1512899647089634,0.009111315162920573
2078,0.9621400462722671,0.9277934137869918,22,2.272727272727273,28,0.10074003304565332,0.01557280858687551,1.5590168537474156,0,0,0,0.1512899647089634,0.009111315162920573
2079,0.9561418070794149,0.9270387151669419,22,2.272727272727273,28,0.08866755541077348,0.01583076511016564,1.5671301586864816,0,0,0,0.1512899647089634,0.009111315162920573
2080,0.9566503686357316,0.9262768825289388,22,2.272727272727273,28,0.07804046653773579,0.016229839791256997,1.560271499002655,0,0,0,0.1512899647089634,0.009111315162920573
2081,0.9536662928674573,0.9255079309061399,22,2.272727272727273,28,0.06867917383293405,0.016722917344616697,1.6022929186097705,0,0,0,0.1512899647089634,0.009111315162920573
2082,0.9561617048994836,0.9169709376469295,21,2.380952380952381,29,0.08759146045193913,0.01644323806768364,1.6218689370036712,1,0,1,0.1512899647089634,0.009111315162920573
2083,0.94994679112154,0.9162131002082666,22,2.272727272727273,28,0.10663034806581649,0.01625381303789974,1.5809637543888706,0,1,0,0.1512899647089634,0.009111315162920573
2084,0.9484901016745002,0.9154482524671919,22,2.272727272727273,29,0.09397239107669125,0.01619139155590837,1.6298725938080503,1,0,0,0.1512899647089634,0.009111315162920573
2085,0.9501343043360722,0.9146764093636465,22,2.272727272727273,29,0.08265670653504488,0.016356914090911192,1.6212108932925537,0,0,0,0.1512899647089634,0.009111315162920573
2086,0.9509341228997292,0.9138975859858183,22,2.272727272727273,29,0.0727495412415648,0.016767637046543837,1.6298623767735838,0,0,0,0.1512899647089634,0.009111315162920573
2087,0.9525248814308447,0.9131117975696155,22,2.272727272727273,29,0.06432027820648654,0.017327629122312675,1.6250016559453755,0,0,0,0.1512899647089634,0.009111315162920573
2088,0.9515001885002312,0.9123190594981384,22,2.272727272727273,29,0.05663559367904109,0.01816759872942208,1.6365384729735377,0,0,0,0.1512899647089634,0.009111315162920573
2089,0.949159010719889,0.9115193873011462,22,2.272727272727273,29,0.04987311597341752,0.019205198019760266,1.6153417071586353,0,0,0,0.1512899647089634,0.009111315162920573
2090,0.9519287768394484,0.9107127966545158,22,2.272727272727273,29,0.044064329601720235,0.020327653045626802,1.6110019759419705,0,0,0,0.1512899647089634,0.009111315162920573
2091,0.9546837191398394,0.9098993033796978,22,2.272727272727273,29,0.038801278537534574,0.02152182165880815,1.5924533007582247,0,0,0,0.1512899647089634,0.009111315162920573
2092,0.9507767434773768,0.9090789234431687,22,2.272727272727273,29,0.03421225434981213,0.022744254456311907,1.6049067528366654,0,0,0,0.1512899647089634,0.009111315162920573
2093,0.949117574423758,0.9082516729558736,22,2.272727272727273,29,0.03016917024083069,0.024030921462571485,1.6178860523145817,0,0,0,0.1512899647089634,0.009111315162920573
2094,0.947434422152797,0.9074175681726707,22,2.272727272727273,29,0.026568806538040307,0.025436011622174824,1.5992796965503868,0,0,0,0.1512899647089634,0.009111315162920573
2095,0.9494109697426901,0.9065766254917629,22,2.272727272727273,29,0.023484542790625552,0.026896492698242343,1.5970945351450476,0,0,0,0.1512899647089634,0.009111315162920573
2096,0.9515335682865819,0.9057288614541313,22,2.272727272727273,29,0.020729296439801207,0.0283705827642773,1.5816904349668848,0,0,0,0.1512899647089634,0.009111315162920573
2097,0.9513851464646725,0.9048742927429606,22,2.272727272727273,29,0.01847553181007101,0.02978524047358873,1.564774961913296,0,0,0,0.1512899647089634,0.009111315162920573
2098,0.9547210280306555,0.9040129361830591,22,2.272727272727273,29,0.016350889679379515,0.031193786770691637,1.5158277659280674,0,0,0,0.1512899647089634,0.009111315162920573
2099,0.9485368173252575,0.9031448087402763,22,2.272727272727273,29,0.014485481744694422,0.03256944577327984,1.4989542131371465,0,0,0,0.1512899647089634,0.009111315162920573
2100,0.9490606695438306,0.9248637570958897,21,2.380952380952381,30,0.05218445865756604,0.03257946667141053,1.5302578682622872,1,0,1,0.1512899647089634,0.009111315162920573
2101,0.9460295329233955,0.9240704887472344,21,2.380952380952381,30,0.04595837225193815,0.03275733954395843,1.5432854181519735,0,0,0,0.1512899647089634,0.009111315162920573
2102,0.9524981041598157,0.9232700031718224,21,2.380952380952381,30,0.04080085752957409,0.03298479583607264,1.5087633106183527,0,0,0,0.1512899647089634,0.009111315162920573
2103,0.9566810560204275,0.9316587613321653,19,2.6315789473684212,32,0.15852031279764245,0.03156436793038155,1.6128242847540413,2,0,2,0.1512899647089634,0.009111315162920573
2104,0.9544961151702462,0.9309160573316724,19,2.6315789473684212,32,0.13976663105934017,0.030449002635443728,1.585894051442196,0,0,0,0.1512899647089634,0.009111315162920573
2105,0.9556451573911227,0.930166017433978,19,2.6315789473684212,32,0.12299261929378452,0.02962932579151992,1.577321126181215,0,0,0,0.1512899647089634,0.009111315162920573
2106,0.950055401222383,0.9342793207211423,18,2.7777777777777777,33,0.11492247458843016,0.02866091636132601,1.5930976507067662,1,0,1,0.1512899647089634,0.009111315162920573
2107,0.9426213766630843,0.9335200641213471,18,2.7777777777777777,33,0.1011174433846506,0.027953381372515445,1.5677785904960715,0,0,0,0.1512899647089634,0.009111315162920573
2108,0.9446394913939958,0.9327535104029541,18,2.7777777777777777,33,0.08902161075644159,0.02753259811440201,1.496994059802826,0,0,0,0.1512899647089634,0.009111315162920573
2109,0.9490111294611379,0.9319796740113432,18,2.7777777777777777,33,0.0783540616967896,0.02738852644350205,1.5044482570297943,0,0,0,0.1512899647089634,0.009111315162920573
2110,0.9511392523339799,0.9311985695497025,18,2.7777777777777777,33,0.06899155826301068,0.027441099640145072,1.4984717999665969,0,0,0,0.1512899647089634,0.009111315162920573
2111,0.951569349363716,0.9304102117785507,18,2.7777777777777777,33,0.06073210780796722,0.027655576178968206,1.4612469134413733,0,0,0,0.1512899647089634,0.009111315162920573
2112,0.9458413090273166,0.929614615615255,18,2.7777777777777777,33,0.05361209116621892,0.027972137161458886,1.488772991267176,0,0,0,0.1512899647089634,0.009111315162920573
2113,0.9427946298500087,0.9288117961335445,18,2.7777777777777777,33,0.0472643131262374,0.02837051241045204,1.470062890301326,0,0,0,0.1512899647089634,0.009111315162920573
2114,0.9391074790468023,0.9280017685630164,18,2.7777777777777777,33,0.041681572764130516,0.02881626594669318,1.4835371704776663,0,0,0,0.1512899647089634,0.009111315162920573
2115,0.9365938322290438,0.9271845482886374,18,2.7777777777777777,33,0.036904808141557145,0.02925746972262238,1.4935390549993253,0,0,0,0.1512899647089634,0.009111315162920573
2116,0.9359202652208373,0.9263601508502407,18,2.7777777777777777,33,0.03248549363073143,0.02974919351365772,1.4725384237642318,0,0,0,0.1512899647089634,0.009111315162920573
2117,0.9357815995025007,0.9393923760335895,17,2.9411764705882355,34,0.5039567273193303,0.029174090921220218,1.780659382080943,1,0,1,0.1512899647089634,0.009111315162920573
2118,0.9354275036974695,0.9387001638059783,17,2.9411764705882355,34,0.4435027433485057,0.02878486722758305,1.7590656552761121,0,0,0,0.1512899647089634,0.009111315162920573
2119,0.9374985079935163,0.9380005857901426,17,2.9411764705882355,34,0.3903645196048266,0.028523566634009838,1.7421917187131524,0,0,0,0.1512899647089634,0.009111315162920573
2120,0.9313006353537532,0.9372936553299352,17,2.9411764705882355,34,0.3435617659742921,0.028366836796490328,1.7133668147972676,0,0,0,0.1512899647089634,0.009111315162920573
2121,0.9280486886596043,0.9365793859283307,17,2.9411764705882355,34,0.3027028363220289,0.028221974619634847,1.6870440182027369,0,0,0,0.1512899647089634,0.009111315162920573
2122,0.9286159964299917,0.9358577912469686,17,2.9411764705882355,34,0.2664481689998775,0.028148775384531234,1.647935638707066,0,0,0,0.1512899647089634,0.009111315162920573
2123,0.9247585548092276,0.9351288851056928,17,2.9411764705882355,34,0.23455941016214413,0.02812466283657335,1.611785699077641,0,0,0,0.1512899647089634,0.009111315162920573
2124,0.9256851012003093,0.9343926814820818,18,2.7777777777777777,33,0.2175324814452383,0.027560802951705436,1.5973070286024091,0,1,0,0.1512899647089634,0.009111315162920573
2125,0.927100968923436,0.9336491945109774,18,2.7777777777777777,33,0.19144006475708564,0.02714809022864718,1.580454693655701,0,0,0,0.1512899647089634,0.009111315162920573
2126,0.9299976585604448,0.9328984384840044,18,2.7777777777777777,33,0.16847935067270128,0.026851644482519327,1.5497806015047082,0,0,0,0.1512899647089634,0.009111315162920573
2127,0.9268387828013569,0.9321404278490875,18,2.7777777777777777,33,0.148415284446971,0.026615856029153236,1.5370689139939984,0,0,0,0.1512899647089634,0.009111315162920573
2128,0.9267465127554122,0.9313751772099618,18,2.7777777777777777,33,0.1306329498651246,0.026454253751274477,1.5578945774134365,0,0,0,0.1512899647089634,0.009111315162920573
2129,0.9220444815277231,0.9306027013256767,18,2.7777777777777777,33,0.11501043053661078,0.026342914104532864,1.5481423639427379,0,0,0,0.1512899647089634,0.009111315162920573
2130,0.9198352360982786,0.9298230151100966,18,2.7777777777777777,33,0.10125688608500105,0.026270855934767533,1.5396062108665793,0,0,0,0.1512899647089634,0.009111315162920573
2131,0.9223859842303531,0.9290361336313955,19,2.6315789473684212,32,0.39734952164786735,0.026238984724229256,1.6815487724004041,0,1,0,0.1512899647089634,0.009111315162920573
2132,0.9224668330234174,0.9282420721115435,19,2.6315789473684212,32,0.3497180121370694,0.026248722709389303,1.6521851018410048,0,0,0,0.1512899647089634,0.009111315162920573
2133,0.9182244092951806,0.9274408459257948,19,2.6315789473684212,32,0.3077624152009508,0.026295494006261765,1.6264231700396428,0,0,0,0.1512899647089634,0.009111315162920573
2134,0.9181587655823897,0.9266324706021601,19,2.6315789473684212,32,0.27084204200237527,0.026378031397754954,1.6198295158907292,0,0,0,0.1512899647089634,0.009111315162920573
2135,0.9152821752709712,0.9258169618208856,19,2.6315789473684212,32,0.2394694678647855,0.0264695126937023,1.6216748987358498,1,1,0,0.1512899647089634,0.009111315162920573
2136,0.9088822178211341,0.9249943354139155,19,2.6315789473684212,32,0.21089388710066181,0.026562499658250388,1.6190312457731308,0,0,0,0.1512899647089634,0.009111315162920573
2137,0.9108777482874376,0.9241646073643583,19,2.6315789473684212,32,0.18567750470722214,0.02666828710284208,1.6187776879588835,0,0,0,0.1512899647089634,0.009111315162920573
2138,0.9092283931975043,0.9233277938059425,20,2.5,31,0.21171553906705448,0.026811138727617322,1.5820577122911452,0,1,0,0.1512899647089634,0.009111315162920573
2139,0.907166324727682,0.9224839110224686,20,2.5,31,0.18668594293971905,0.026912977839164968,1.565782857402016,0,0,0,0.1512899647089634,0.009111315162920573
2140,0.9092176817966334,0.9216329754472562,20,2.5,31,0.16432675497957927,0.027050168260732456,1.5834245217163856,0,0,0,0.1512899647089634,0.009111315162920573
2141,0.9050251962168493,0.9207750036625864,20,2.5,31,0.14464610701047456,0.02720994657443338,1.5869090157527637,0,0,0,0.1512899647089634,0.009111315162920573
2142,0.9023927122584423,0.919910012399137,20,2.5,31,0.12776343317135105,0.027294425654429265,1.57624907356267,0,0,0,0.1512899647089634,0.009111315162920573
2143,0.8992101819330826,0.9190380185354162,20,2.5,31,0.11239473326536047,0.02742628501125764,1.5826301002041112,0,0,0,0.1512899647089634,0.009111315162920573
2144,0.8950532968816534,0.9181590390971875,20,2.5,31,0.09916110904884848,0.027530620722926367,1.60639161061298,0,0,0,0.1512899647089634,0.009111315162920573
2145,0.8937494307352472,0.9172730912568915,20,2.5,31,0.08733529754935064,0.027648804861537726,1.535072387417364,0,0,0,0.1512899647089634,0.009111315162920573
2146,0.8937671994569101,0.9121313607890987,19,2.6315789473684212,32,0.07944700578110642,0.027541140397322653,1.5866716101344787,1,0,1,0.1512899647089634,0.009111315162920573
2147,0.8902736452989635,0.9141161484198985,19,2.6315789473684212,32,0.2060510703101393,0.02539550250720175,1.6668831971854448,1,1,1,0.1512899647089634,0.009111315162920573
2148,0.8808799507946027,0.9133338728562851,19,2.6315789473684212,32,0.18143268625794817,0.023874701628523568,1.65029902800429,0,0,0,0.1512899647089634,0.009111315162920573
2149,0.8797922069756559,0.9125446199087386,19,2.6315789473684212,32,0.15955407371234184,0.022901251847175962,1.6198120064145463,0,0,0,0.1512899647089634,0.009111315162920573
2150,0.8809200117999235,0.9117484053622952,19,2.6315789473684212,32,0.14043303251627356,0.022310461311596686,1.6233194911501194,0,0,0,0.1512899647089634,0.009111315162920573
2151,0.8832091908172295,0.9109452451477548,19,2.6315789473684212,32,0.12359417376466662,0.022004967182419254,1.6124512579890669,0,0,0,0.1512899647089634,0.009111315162920573
2152,0.8788166936508016,0.9158604037875463,20,2.5,31,0.1987748708714734,0.02193351628368559,1.642485987820584,1,2,1,0.1512899647089634,0.009111315162920573
2153,0.8820338102520721,0.9136623429915125,19,2.6315789473684212,32,0.17580619489899874,0.021811184116745316,1.6828995159126743,1,0,1,0.1512899647089634,0.009111315162920573
2154,0.8794446498986456,0.9128578623045207,20,2.5,31,0.1615285314833553,0.021429359817255196,1.6364789681199694,0,1,0,0.1512899647089634,0.009111315162920573
2155,0.8748983006662152,0.912046421424631,20,2.5,30,0.14624047245521074,0.020957952095012233,1.605415670395594,0,1,0,0.1512899647089634,0.009111315162920573
2156,0.8719552095313341,0.911228036314675,21,2.380952380952381,29,0.1437975309989883,0.020673870407789337,1.6140320587912436,0,1,0,0.1512899647089634,0.009111315162920573
2157,0.8711012635118621,0.9104027230828055,21,2.380952380952381,29,0.12658270300063376,0.020521632068332067,1.5372647769442682,0,0,0,0.1512899647089634,0.009111315162920573
2158,0.8734434428660458,0.9095704979819345,21,2.380952380952381,29,0.11139601348577095,0.020473342816595116,1.5103239744493786,0,0,0,0.1512899647089634,0.009111315162920573
2159,0.872263799188083,0.9087313774091664,21,2.380952380952381,29,0.09815328006199774,0.020475108438434766,1.5010067428056353,0,0,0,0.1512899647089634,0.009111315162920573
2160,0.8710327506781297,0.9078853779052237,22,2.272727272727273,28,0.1916854809344924,0.019285584692690556,1.5685973696370228,0,1,0,0.1512899647089634,0.009111315162920573
2161,0.8672725027902543,0.907032516153869,22,2.272727272727273,28,0.16872251621845447,0.018364341747578863,1.5534230705383185,0,0,0,0.1512899647089634,0.009111315162920573
2162,0.8667509393410306,0.9061728089813242,22,2.272727272727273,28,0.14848404385010952,0.017696753138041917,1.5402325969155002,0,0,0,0.1512899647089634,0.009111315162920573
2163,0.8627311338850412,0.9053062733556818,22,2.272727272727273,28,0.13067788477741288,0.017232548229550358,1.5447633588205238,0,0,0,0.1512899647089634,0.009111315162920573
2164,0.8640294560872214,0.9096462743417613,21,2.380952380952381,29,0.119006885695228,0.017554370565712386,1.5776716023826942,1,0,1,0.1512899647089634,0.009111315162920573
2165,0.8693012808004643,0.9088072776853615,21,2.380952380952381,29,0.10476160039861628,0.017930196116027763,1.5840575634633374,0,0,0,0.1512899647089634,0.009111315162920573
2166,0.8728847216044945,0.9079812548167587,22,2.272727272727273,28,0.18256938476197765,0.01815910833636207,1.6154420832753125,1,2,1,0.1512899647089634,0.009111315162920573
2167,0.8732168673117804,0.9071647187509093,22,2.272727272727273,28,0.1608251729153124,0.018428820574250205,1.615920443062782,0,0,0,0.1512899647089634,0.009111315162920573
2168,0.8712181118442058,0.9063413202416004,22,2.272727272727273,28,0.1418741227752533,0.018706839611794233,1.5706934781503477,0,0,0,0.1512899647089634,0.009111315162920573
2169,0.8743827564915111,0.9055110754074293,22,2.272727272727273,28,0.1248290682823246,0.01909657544714793,1.5750741943332915,0,0,0,0.1512899647089634,0.009111315162920573
2170,0.8713806108797141,0.9046740005106533,22,2.272727272727273,28,0.10987174995164717,0.019605772471480817,1.565055614993911,0,0,0,0.1512899647089634,0.009111315162920573
2171,0.8666999440980808,0.9038301119566308,22,2.272727272727273,28,0.09671814569111209,0.020195144367007884,1.5403803111818593,0,0,0,0.1512899647089634,0.009111315162920573
2172,0.8675077418317793,0.8988036461631622,21,2.380952380952381,29,0.09929472325016958,0.02084814923358705,1.581838901775496,1,0,1,0.1512899647089634,0.009111315162920573
2173,0.8637663411069474,0.8979485163773866,21,2.380952380952381,29,0.087441175669038,0.021515233450458204,1.5736612562704684,0,0,0,0.1512899647089634,0.009111315162920573
2174,0.8651055114376995,0.9148896352344655,19,2.6315789473684212,31,0.173017277633169,0.0206114271862573,1.6732077797316856,2,0,2,0.1512899647089634,0.009111315162920573
2175,0.8674622368249492,0.914141616425766,19,2.6315789473684212,31,0.15225645962919632,0.019984226267766154,1.6749019356413564,0,0,0,0.1512899647089634,0.009111315162920573
2176,0.8635226122786881,0.9133867018190234,19,2.6315789473684212,31,0.134181854649069,0.019533478919831496,1.5986701576873201,0,0,0,0.1512899647089634,0.009111315162920573
2177,0.86668757997347,0.9125602934605437,18,2.7777777777777777,32,0.12313340212147778,0.01907483373738049,1.6155008249462954,1,0,1,0.1512899647089634,0.009111315162920573
2178,0.8744065003247629,0.9117920910324968,18,2.7777777777777777,32,0.10837132455452901,0.018809490032173182,1.637238382487774,0,0,0,0.1512899647089634,0.009111315162920573
2179,0.8786130804680972,0.9110170397127083,18,2.7777777777777777,32,0.0953727541607236,0.01869803240559285,1.6283853433127264,0,0,0,0.1512899647089634,0.009111315162920573
2180,0.8796345428572608,0.9161365294858848,17,2.9411764705882355,33,0.11802295940518696,0.018492676564609855,1.6656850437553317,1,0,1,0.1512899647089634,0.009111315162920573
2181,0.8833476072577403,0.915393177252968,17,2.9411764705882355,34,0.10575727728906506,0.01840725969146414,1.6816078174576037,1,0,0,0.1512899647089634,0.009111315162920573
2182,0.8868308430230232,0.9146429343499982,17,2.9411764705882355,34,0.09307270961174251,0.01840806728555907,1.6564587140801692,0,0,0,0.1512899647089634,0.009111315162920573
2183,0.8886677591472474,0.9138858163683244,17,2.9411764705882355,34,0.08200280809203438,0.018454605298681065,1.6486630010900634,0,0,0,0.1512899647089634,0.009111315162920573
2184,0.890800274376443,0.913121839037526,17,2.9411764705882355,34,0.07216937501611553,0.018572645368273445,1.6418976121858015,0,0,0,0.1512899647089634,0.009111315162920573
2185,0.890277644719582,0.9123510182248211,17,2.9411764705882355,34,0.0637432623671122,0.018771726312244642,1.6361929478023662,0,0,0,0.1512899647089634,0.009111315162920573
2186,0.8897228482277945,0.9115733699344758,17,2.9411764705882355,34,0.056103398304791566,0.019129584349009146,1.6471222817694493,0,0,0,0.1512899647089634,0.009111315162920573
2187,0.8900919025768688,0.910788910307204,17,2.9411764705882355,34,0.049444104423873404,0.019759151827908283,1.6427616447442546,0,0,0,0.1512899647089634,0.009111315162920573
2188,0.8866892872689262,0.9099976556195677,19,2.6315789473684212,32,0.07657124888120331,0.019539728591581068,1.66776413589617,0,2,0,0.1512899647089634,0.009111315162920573
2189,0.8868985102733875,0.9091996222833703,19,2.6315789473684212,32,0.06744500771306844,0.01976811317476236,1.6768330445534272,0,0,0,0.1512899647089634,0.009111315162920573
2190,0.8887326211144572,0.9083948268450466,19,2.6315789473684212,32,0.05943758667296303,0.020301046045720205,1.6229370819479676,0,0,0,0.1512899647089634,0.009111315162920573
2191,0.887740279379478,0.9075832859850487,19,2.6315789473684212,32,0.05238756973763598,0.021054767236902933,1.6338884393007236,0,0,0,0.1512899647089634,0.009111315162920573
2192,0.8836830731804852,0.9067650165172263,19,2.6315789473684212,32,0.046115499010173686,0.022014022928895306,1.613511222499711,0,0,0,0.1512899647089634,0.009111315162920573
2193,0.8829500047214761,0.9059400353882061,19,2.6315789473684212,32,0.040848961710821835,0.023045211500706063,1.625890819346698,0,0,0,0.1512899647089634,0.009111315162920573
2194,0.8855798127230814,0.9051083596767638,19,2.6315789473684212,32,0.03615957824156595,0.024111667699547062,1.6067318286850933,0,0,0,0.1512899647089634,0.009111315162920573
2195,0.8872277698849921,0.9042700065931938,19,2.6315789473684212,32,0.031875467572662027,0.025215837512222828,1.6359023418487126,0,0,0,0.1512899647089634,0.009111315162920573
2196,0.8872164899174205,0.9034249934786746,21,2.380952380952381,29,0.07214581335154947,0.025476884526893628,1.601370283989766,0,3,0,0.1512899647089634,0.009111315162920573
2197,0.8847888246961908,0.9025733378046302,22,2.272727272727273,28,0.09272828951716416,0.025105569067123815,1.5761990706944258,0,1,0,0.1512899647089634,0.009111315162920573
2198,0.883700176288755,0.901715057172088,22,2.272727272727273,28,0.081695819805255,0.024942718871147865,1.5834390646212486,0,0,0,0.1512899647089634,0.009111315162920573
2199,0.8840841162302668,0.9008501693110316,22,2.272727272727273,28,0.07194470025758078,0.024955681121667607,1.5759829997081203,0,0,0,0.1512899647089634,0.009111315162920573
2200,0.8741534073123265,0.8999786920797517,22,2.272727272727273,28,0.06335878061319031,0.025100523703257424,1.5856274030330928,0,0,0,0.1512899647089634,0.009111315162920573
2201,0.8743264658607337,0.8991006434641906,22,2.272727272727273,28,0.05600890592822899,0.025305880187049903,1.5963144445558217,0,0,0,0.1512899647089634,0.009111315162920573
2202,0.872397620880546,0.8982160415772853,22,2.272727272727273,28,0.04939372344577257,0.02558542154145073,1.6076680598166269,0,0,0,0.1512899647089634,0.009111315162920573
2203,0.8669445462594259,0.8973249046583057,22,2.272727272727273,28,0.04351758143489662,0.025938048716585813,1.5556344181728106,0,0,0,0.1512899647089634,0.009111315162920573
2204,0.8637708500914205,0.9017955591452851,20,2.5,30,0.2585801226534293,0.02404165292478194,1.7332909755759616,2,0,2,0.1512899647089634,0.009111315162920573
2205,0.8607415601984897,0.9010434284111171,20,2.5,30,0.22768663622637175,0.02263073980693999,1.7452191582237517,0,0,0,0.1512899647089634,0.009111315162920573
2206,0.8584352317880729,0.9002847050754552,20,2.5,30,0.20036911217576323,0.021621512792870737,1.7436768496714041,0,0,0,0.1512899647089634,0.009111315162920573
2207,0.8595474714153079,0.8995194058954515,21,2.380952380952381,29,0.18309153890271035,0.020546775711168242,1.7129464601160862,0,1,0,0.1512899647089634,0.009111315162920573
2208,0.8574928194483309,0.898747547751326,21,2.380952380952381,29,0.1612082592079751,0.01978393339716223,1.6837936081056295,0,0,0,0.1512899647089634,0.009111315162920573
2209,0.864131630009341,0.897969147645696,21,2.380952380952381,29,0.14187252042097206,0.01927472266564298,1.6869250016882171,0,0,0,0.1512899647089634,0.009111315162920573
2210,0.8595767543872013,0.9096336322054153,20,2.5,30,0.594033352249661,0.01790784161719816,1.9817711284265216,1,0,1,0.1512899647089634,0.009111315162920573
2211,0.8570842901968386,0.9089136106852833,20,2.5,30,0.5227255259774894,0.016979344209379202,1.9216486533940376,0,0,0,0.1512899647089634,0.009111315162920573
2212,0.8510315042093505,0.9081869264403392,20,2.5,30,0.46000397061291964,0.01642105924090662,1.88301238572341,0,0,0,0.1512899647089634,0.009111315162920573
2213,0.8493959801068257,0.9074535956663092,20,2.5,30,0.4048091426984827,0.016166466668567223,1.8491429881358334,0,0,0,0.1512899647089634,0.009111315162920573
2214,0.8499104734725331,0.9067136346828387,22,2.272727272727273,28,0.3407438966341839,0.015929835783546984,1.787139464868068,0,2,0,0.1512899647089634,0.009111315162920573
2215,0.8518874290306232,0.9059670599328307,22,2.272727272727273,28,0.2999520489376428,0.01589177862840786,1.760991074528254,0,0,0,0.1512899647089634,0.009111315162920573
2216,0.8505367160042264,0.90521388798178,22,2.272727272727273,28,0.26407545507671787,0.015988553394034034,1.6902101569202819,0,0,0,0.1512899647089634,0.009111315162920573
2217,0.8532444214280553,0.9044541355171078,22,2.272727272727273,28,0.23239412303270207,0.01623807032613441,1.6702601367253098,0,0,0,0.1512899647089634,0.009111315162920573
2218,0.8522494931298509,0.9127465184464271,21,2.380952380952381,29,0.39682001919326754,0.016196588802883598,1.7447097586952267,1,0,1,0.1512899647089634,0.009111315162920573
2219,0.8484086482974296,0.9120128783255579,22,2.272727272727273,28,0.24370547040307095,0.016932225809108335,1.6001865926262926,0,1,0,0.1512899647089634,0.009111315162920573
2220,0.8473807515751388,0.9176014900402111,21,2.380952380952381,29,0.4565285548529085,0.016805572168220397,1.7078896157000825,2,1,2,0.1512899647089634,0.009111315162920573
2221,0.8441924994578109,0.9169830924234591,21,2.380952380952381,29,0.4017876347968541,0.016832556283374663,1.6720519429693654,0,0,0,0.1512899647089634,0.009111315162920573
2222,0.8424456880338512,0.9163580177602503,21,2.380952380952381,29,0.3535843375010062,0.016973311975797108,1.6408851240690436,0,0,0,0.1512899647089634,0.009111315162920573
2223,0.838861671711036,0.9157262808164555,21,2.380952380952381,29,0.31116484217058676,0.017202949402138748,1.5989997964786824,0,0,0,0.1512899647089634,0.009111315162920573
2224,0.8407575979048231,0.9150878964789199,21,2.380952380952381,29,0.2739029281628985,0.017488160857846605,1.559067425279987,0,0,0,0.1512899647089634,0.009111315162920573
2225,0.8351615579051468,0.9144428797548178,21,2.380952380952381,29,0.24104293756167916,0.017823644468529166,1.507420013823693,0,0,0,0.1512899647089634,0.009111315162920573
2226,0.8333496702421007,0.9043212635646523,20,2.5,30,0.3357149017900006,0.01728432909312269,1.5925246295390147,2,1,2,0.1512899647089634,0.009111315162920573
2227,0.8341328899872462,0.9038267067849042,19,2.6315789473684212,31,0.4057974415141999,0.01692417811873644,1.657550231257281,1,0,1,0.1512899647089634,0.009111315162920573
2228,0.8278016629984988,0.8493983433137433,18,2.7777777777777777,32,0.47767815997795365,0.016446956411772393,1.7381607207483427,1,0,1,0.1512899647089634,0.009111315162920573
2229,0.819827583344741,0.8490024597162912,18,2.7777777777777777,32,0.42048538228302534,0.01612290942757652,1.700956597940993,0,0,0,0.1512899647089634,0.009111315162920573
2230,0.816002204119019,0.8486005936336157,18,2.7777777777777777,32,0.37003710467292905,0.015938274759721986,1.6710212892321408,0,0,0,0.1512899647089634,0.009111315162920573
2231,0.818647970931142,0.8552486024103974,17,2.9411764705882355,33,0.4426977283795603,0.01589782933827142,1.7701179068490236,1,0,1,0.1512899647089634,0.009111315162920573
2232,0.8220426743168012,0.8548757874255135,17,2.9411764705882355,33,0.3895853649747785,0.015965807075859585,1.7528756713508329,0,0,0,0.1512899647089634,0.009111315162920573
2233,0.8227992800231008,0.8544969359425167,17,2.9411764705882355,33,0.3428512455390752,0.016107855595405264,1.6745540865979192,0,0,0,0.1512899647089634,0.009111315162920573
2234,0.818218067524135,0.8541120594986303,17,2.9411764705882355,33,0.30187534500758234,0.016268062505874453,1.6655077114604049,0,0,0,0.1512899647089634,0.009111315162920573
2235,0.8192153032659241,0.8537211697161853,17,2.9411764705882355,33,0.2662531687734948,0.016349743030258653,1.6425387796059885,0,0,0,0.1512899647089634,0.009111315162920573
2236,0.8186144797762545,0.8533242783019487,17,2.9411764705882355,33,0.23487226521892804,0.016422968746647264,1.6705135178877757,0,0,0,0.1512899647089634,0.009111315162920573
2237,0.8182593733120105,0.852921397046449,17,2.9411764705882355,33,0.20665272887671068,0.01664142144280779,1.6391842563933405,0,0,0,0.1512899647089634,0.009111315162920573
2238,0.8202412192678679,0.8525125378233003,17,2.9411764705882355,33,0.1818377957068776,0.01696007390468187,1.6094971417246122,0,0,0,0.1512899647089634,0.009111315162920573
2239,0.8180731338161609,0.8520977125885255,17,2.9411764705882355,33,0.16003676810343787,0.01732556971724231,1.610817909087427,0,0,0,0.1512899647089634,0.009111315162920573
2240,0.8195391046339133,0.8516769333798794,17,2.9411764705882355,33,0.1413119875907945,0.017623285165918164,1.5848840787235,0,0,0,0.1512899647089634,0.009111315162920573
2241,0.8224532265977419,0.851250212316168,17,2.9411764705882355,33,0.12443694116947539,0.017945590356341558,1.5572348293284526,0,0,0,0.1512899647089634,0.009111315162920573
2242,0.8299278321685479,0.8508175615965711,18,2.7777777777777777,32,0.17812048795592472,0.018575648784461447,1.5860517912436307,0,1,0,0.1512899647089634,0.009111315162920573
2243,0.8309839518908716,0.8949053849598393,17,2.9411764705882355,34,0.2025107997435336,0.020497216014163905,1.6491411036986774,2,0,1,0.1512899647089634,0.009111315162920573
2244,0.8302860993162824,0.8944077155580638,17,2.9411764705882355,34,0.1785132661474157,0.022233386684035628,1.6478339275778666,0,0,0,0.1512899647089634,0.009111315162920573
2245,0.8267580585082024,0.893903704929471,17,2.9411764705882355,34,0.15713998116649736,0.023848906889704074,1.6980784646169615,0,0,0,0.1512899647089634,0.009111315162920573
2246,0.8248462355869256,0.8933933664579725,18,2.7777777777777777,33,0.14942853406398768,0.02475593919747888,1.67200297737619,0,1,0,0.1512899647089634,0.009111315162920573
2247,0.8238167213554197,0.8928767136219139,19,2.6315789473684212,32,0.21494793546220994,0.02321592341118414,1.7057281539806741,0,1,0,0.1512899647089634,0.009111315162920573
2248,0.822983053541533,0.8923537599933795,19,2.6315789473684212,32,0.18916365008840022,0.022047856605090073,1.6905677345805514,0,0,0,0.1512899647089634,0.009111315162920573
2249,0.8201668142994896,0.8918245192374974,19,2.6315789473684212,32,0.16650803951452312,0.02116764903655827,1.6599569821043472,0,0,0,0.1512899647089634,0.009111315162920573
2250,0.8253508048398569,0.8912890051117393,19,2.6315789473684212,32,0.14655490441335725,0.02057475324329567,1.661972061444739,0,0,0,0.1512899647089634,0.009111315162920573
2251,0.82363136728085,0.891369701711856,18,2.7777777777777777,34,0.13233717868793363,0.020017705803914834,1.652931646310304,2,0,1,0.1512899647089634,0.009111315162920573
2252,0.8194597769066909,0.8908225701631017,19,2.6315789473684212,33,0.7229785124042597,0.019389816630517042,1.9854341117657137,0,1,0,0.1512899647089634,0.009111315162920573
2253,0.8162206386817858,0.890269205980817,19,2.6315789473684212,33,0.6364901208288712,0.018864057238906183,1.9631293257396913,0,0,0,0.1512899647089634,0.009111315162920573
2254,0.8142019674599206,0.8897096232851119,19,2.6315789473684212,33,0.5601269319196576,0.018494077846408174,1.9327525990835703,0,0,0,0.1512899647089634,0.009111315162920573
2255,0.810275623345015,0.889143836284925,19,2.6315789473684212,33,0.49309907713122314,0.018208365999535906,1.8588667762275661,0,0,0,0.1512899647089634,0.009111315162920573
2256,0.8074606685913516,0.9016965292630982,17,2.9411764705882355,35,0.4440735886427203,0.017443958326441276,1.8476996506472563,2,0,2,0.1512899647089634,0.009111315162920573
2257,0.8080427561776876,0.909127647215711,16,3.125,36,0.42738847348762654,0.01600359717141321,1.8606247071887945,1,0,1,0.1512899647089634,0.009111315162920573
2258,0.8081941649478277,0.9086039868537985,17,2.9411764705882355,35,0.4103684143360939,0.01479119358709675,1.82786476592382,0,1,0,0.1512899647089634,0.009111315162920573
2259,0.8083364316207724,0.9080735136210822,17,2.9411764705882355,35,0.36199662569176766,0.013673409045527503,1.7799307634066832,0,0,0,0.1512899647089634,0.009111315162920573
2260,0.810923608706825,0.907536240989551,18,2.7777777777777777,34,0.3938874423061109,0.012830741860036831,1.7453820563773834,0,1,0,0.1512899647089634,0.009111315162920573
2261,0.8093681773752591,0.8951843664847913,18,2.7777777777777777,34,0.35188319836648824,0.012110069201797993,1.7069171122651807,1,1,1,0.1512899647089634,0.009111315162920573
2262,0.8095017866857228,0.8946689603870044,18,2.7777777777777777,34,0.3096764342931703,0.011600287808863631,1.6318962555098682,0,0,0,0.1512899647089634,0.009111315162920573
2263,0.8030711471156695,0.8941469045036582,18,2.7777777777777777,34,0.2725327294559724,0.01127131292867445,1.639087433874058,0,0,0,0.1512899647089634,0.009111315162920573
2264,0.7943131005846845,0.8936182126516973,18,2.7777777777777777,34,0.23984708005077035,0.011078592404916036,1.6495840951808178,0,0,0,0.1512899647089634,0.009111315162920573
2265,0.7949544297038124,0.8930828987630833,18,2.7777777777777777,34,0.21108375584131825,0.01102697495710343,1.6629071388675578,0,0,0,0.1512899647089634,0.009111315162920573
2266,0.7885745831170986,0.8925409768841133,18,2.7777777777777777,34,0.1857739495278931,0.011106157246269613,1.614657033738811,0,0,0,0.1512899647089634,0.009111315162920573
2267,0.7782664173916579,0.891992461174726,18,2.7777777777777777,34,0.16380440338317862,0.011247569282202361,1.6166771400464637,0,0,0,0.1512899647089634,0.009111315162920573
2268,0.7711347782618503,0.8914373659078105,18,2.7777777777777777,33,0.1467694963288123,0.011476562077416234,1.6183575713097047,0,1,0,0.1512899647089634,0.009111315162920573
2269,0.7706084721373725,0.8908757054685112,18,2.7777777777777777,33,0.12917962564436838,0.011789931390821408,1.6067296805209341,0,0,0,0.1512899647089634,0.009111315162920573
2270,0.7686650612140963,0.9016782604804895,17,2.9411764705882355,34,0.24152348193795242,0.011496768715008892,1.6818305180135062,1,0,1,0.1512899647089634,0.009111315162920573
2271,0.7696023354190352,0.9011184687996364,17,2.9411764705882355,34,0.21253726330770395,0.011413750164862353,1.6632096796226734,0,0,0,0.1512899647089634,0.009111315162920573
2272,0.7665372098482897,0.9005520380860007,17,2.9411764705882355,34,0.1871125559386838,0.011484854063729089,1.6310330247917486,0,0,0,0.1512899647089634,0.009111315162920573
2273,0.7624027550118526,0.8999789827080449,17,2.9411764705882355,34,0.16468540091280168,0.011700123272339822,1.600885358969085,0,0,0,0.1512899647089634,0.009111315162920573
2274,0.7583652381478133,0.8993993171469215,17,2.9411764705882355,34,0.14529999751470604,0.01195222942934588,1.6207355873248768,0,0,0,0.1512899647089634,0.009111315162920573
2275,0.758306599478805,0.8988130559957762,17,2.9411764705882355,34,0.1283236469132081,0.012215362390001,1.6421608797599643,0,0,0,0.1512899647089634,0.009111315162920573
2276,0.7574136089219411,0.8982202139590453,17,2.9411764705882355,34,0.112873047287376,0.012575748821115134,1.6325988470814556,0,0,0,0.1512899647089634,0.009111315162920573
2277,0.7648424206807892,0.8976208058517519,17,2.9411764705882355,34,0.09933951755890297,0.012981439158457998,1.624259974567114,0,0,0,0.1512899647089634,0.009111315162920573
2278,0.7652546975105747,0.8970148465987983,17,2.9411764705882355,34,0.08743052773059624,0.013409194894952908,1.6169505146621872,0,0,0,0.1512899647089634,0.009111315162920573
2279,0.7619502083160473,0.8964023512342557,17,2.9411764705882355,34,0.07695219610527163,0.013851579944729813,1.626540466181035,0,0,0,0.1512899647089634,0.009111315162920573
2280,0.7615938450791347,0.8957833349006521,17,2.9411764705882355,34,0.0677334143691828,0.014517067041804608,1.6209169100099137,0,0,0,0.1512899647089634,0.009111315162920573
2281,0.7617204037224937,0.8971558618339641,18,2.7777777777777777,33,0.18882531303427302,0.01405156124226262,1.6950028338618668,1,2,1,0.1512899647089634,0.009111315162920573
2282,0.7698782759947045,0.8965387919840233,18,2.7777777777777777,33,0.16656160890834262,0.01367729602171309,1.7277176998759831,0,0,0,0.1512899647089634,0.009111315162920573
2283,0.7664177087034042,0.8959152208418423,18,2.7777777777777777,33,0.14688914715789858,0.013541991836742519,1.794469039192972,0,0,0,0.1512899647089634,0.009111315162920573
2284,0.7685652310020233,0.8952851637057258,19,2.6315789473684212,32,0.1401474468850847,0.013151259466094169,1.7698401313047256,0,1,0,0.1512899647089634,0.009111315162920573
2285,0.7656430085714954,0.8984470585828068,18,2.7777777777777777,33,0.14626290344088783,0.012619768499492548,1.8285714894447893,1,0,1,0.1512899647089634,0.009111315162920573
2286,0.7692227101037417,0.897835518425219,18,2.7777777777777777,33,0.1287158633892683,0.012230373351238867,1.8003398285687533,0,0,0,0.1512899647089634,0.009111315162920573
2287,0.7686477024055217,0.9022822754412207,17,2.9411764705882355,35,0.15445623089624547,0.0117731048030007,1.8475064714391414,2,0,1,0.1512899647089634,0.009111315162920573
2288,0.7701312240435899,0.9116111806558719,16,3.125,36,0.2360866680874475,0.011206667947962053,1.9507765505285137,1,0,1,0.1512899647089634,0.009111315162920573
2289,0.7619435000683721,0.911137525486211,16,3.125,36,0.20785315986455744,0.010762977536520548,1.9795553081757689,0,0,0,0.1512899647089634,0.009111315162920573
2290,0.7624202974403924,0.9106571887429928,17,2.9411764705882355,35,0.18943460870669976,0.010433603659918363,1.9472933244167956,0,1,0,0.1512899647089634,0.009111315162920573
2291,0.7670948290173994,0.9101701828035034,18,2.7777777777777777,34,0.22743507391830078,0.010425942015906789,1.9166854637455626,0,1,0,0.1512899647089634,0.009111315162920573
2292,0.7650688859993633,0.9096765201595767,18,2.7777777777777777,34,0.20015305843275272,0.010480388583908675,1.898260149605588,0,0,0,0.1512899647089634,0.009111315162920573
2293,0.769782640828032,0.9091762134169569,20,2.5,32,0.2376422950736442,0.010440845078734535,1.8482116129536388,0,2,0,0.1512899647089634,0.009111315162920573
2294,0.7751404593329503,0.9086692752946525,20,2.5,32,0.2091638058686263,0.010515966369502758,1.8607179604532649,0,0,0,0.1512899647089634,0.009111315162920573
2295,0.7681929105732221,0.9081557186242931,21,2.380952380952381,31,0.18922084759102614,0.010728377974155372,1.7634472662536829,0,1,0,0.1512899647089634,0.009111315162920573
2296,0.7645671425793195,0.9076355563494765,21,2.380952380952381,31,0.16650881098316417,0.011029559849530725,1.7318413548641987,0,0,0,0.1512899647089634,0.009111315162920573
2297,0.7668533491815762,0.9071088015251196,21,2.380952380952381,31,0.14707647298830087,0.01127635646264659,1.7346979349987057,0,0,0,0.1512899647089634,0.009111315162920573
2298,0.7631126387084766,0.9037239100839067,20,2.5,32,0.11679507783184354,0.011975288624283957,1.7239160851034,1,0,1,0.1512899647089634,0.009111315162920573
2299,0.7680565418213297,0.9032330868129024,20,2.5,32,0.10283873777646804,0.013011043700877157,1.698082521469101,0,0,0,0.1512899647089634,0.009111315162920573
2300,0.7697825645056678,0.9027357429915084,20,2.5,32,0.09049656504602428,0.014340280805720388,1.7055823981300298,0,0,0,0.1512899647089634,0.009111315162920573
2301,0.7677348068453073,0.902231891508042,20,2.5,32,0.07965122323757788,0.01585129292794692,1.6822540782693582,0,0,0,0.1512899647089634,0.009111315162920573
2302,0.7701191160315882,0.9118208854057684,19,2.6315789473684212,33,0.07196436032652505,0.017364019041707472,1.701526124441024,1,0,1,0.1512899647089634,0.009111315162920573
2303,0.7713545945960402,0.9113339010168515,19,2.6315789473684212,33,0.06330421682931195,0.01896159555960005,1.663243161281419,0,0,0,0.1512899647089634,0.009111315162920573
2304,0.7693378334657065,0.9108398025057021,20,2.5,32,0.0668974629750582,0.020125779610052165,1.6450839511729085,0,1,0,0.1512899647089634,0.009111315162920573
2305,0.7649860284801445,0.9103386013770963,20,2.5,32,0.05883328501540783,0.02135729859465266,1.6550090760501497,0,0,0,0.1512899647089634,0.009111315162920573
2306,0.7685939231061706,0.9098303092789426,21,2.380952380952381,31,0.08765038759449263,0.021993124085236914,1.6838720613373743,0,1,0,0.1512899647089634,0.009111315162920573
2307,0.769327164507433,0.9093149380017431,21,2.380952380952381,30,0.08137596337019938,0.022446781497867073,1.6272869496076288,0,1,0,0.1512899647089634,0.009111315162920573
2308,0.7730902984876277,0.908792499478053,22,2.272727272727273,29,0.15395932339360255,0.020575194352344717,1.6657216227252933,0,1,0,0.1512899647089634,0.009111315162920573
2309,0.768014200654632,0.9082630057819351,22,2.272727272727273,29,0.13553052380143676,0.019165828603619973,1.620827835797711,0,0,0,0.1512899647089634,0.009111315162920573
2310,0.7714282443778018,0.9161508674436848,21,2.380952380952381,30,0.14401033831317206,0.019457273241499026,1.6810383441255403,1,0,1,0.1512899647089634,0.009111315162920573
2311,0.7774474373629617,0.9156598653704601,21,2.380952380952381,30,0.12672913985330914,0.01986717818523235,1.6690115897652131,0,0,0,0.1512899647089634,0.009111315162920573
2312,0.7817321644263322,0.9280754119932201,21,2.380952380952381,30,0.6112529449337963,0.01807824444129838,2.000482346350198,2,2,2,0.1512899647089634,0.009111315162920573
2313,0.7795273957242321,0.927717401395221,21,2.380952380952381,30,0.5381234898792302,0.016652813964914207,1.9531720284699785,0,0,0,0.1512899647089634,0.009111315162920573
2314,0.7792130790248852,0.927351892379879,21,2.380952380952381,30,0.4739174366863355,0.015488962298838307,1.9280739129186317,0,0,0,0.1512899647089634,0.009111315162920573
2315,0.7779831864607627,0.9269788923234291,21,2.380952380952381,30,0.41705038388111804,0.014633246390651587,1.8760228185087933,0,0,0,0.1512899647089634,0.009111315162920573
2316,0.7820906721223585,0.9338015257231183,20,2.5,31,0.48230568394322676,0.013793908858796413,2.002227851501028,1,0,1,0.1512899647089634,0.009111315162920573
2317,0.7874821405941591,0.933467669800538,20,2.5,31,0.4244348402036506,0.013182764417484916,1.9977942349735096,0,0,0,0.1512899647089634,0.009111315162920573
2318,0.7937304753398675,0.9331262077007125,20,2.5,31,0.3734782966696808,0.012764415134383597,1.981936976140298,0,0,0,0.1512899647089634,0.009111315162920573
2319,0.7928643772746113,0.9327771457842597,20,2.5,31,0.3286691224447116,0.012498030280892856,1.9860889720706936,0,0,0,0.1512899647089634,0.009111315162920573
2320,0.791076645511884,0.9324204905804753,20,2.5,31,0.28923487439074885,0.012345363293505907,1.9617065485873497,0,0,0,0.1512899647089634,0.009111315162920573
2321,0.7851923107414853,0.9320562487870703,20,2.5,31,0.25466812850450027,0.012249339407963395,1.892425095067375,0,0,0,0.1512899647089634,0.009111315162920573
2322,0.7831846707919694,0.9316844272699053,20,2.5,31,0.22411141778493654,0.012244431523149024,1.8736850141444683,0,0,0,0.1512899647089634,0.009111315162920573
2323,0.7840879774387841,0.9313050330627148,20,2.5,31,0.19722155437982689,0.012330419347951684,1.857246555233026,0,0,0,0.1512899647089634,0.009111315162920573
2324,0.786407619779816,0.9309180733668295,20,2.5,31,0.1736026123326971,0.012469507389048196,1.8428467843534657,0,0,0,0.1512899647089634,0.009111315162920573
2325,0.7920756267683443,0.9305235555508906,20,2.5,31,0.15280131893934956,0.012646213151262324,1.8461947040789954,0,0,0,0.1512899647089634,0.009111315162920573
2326,0.7848488094453312,0.9301214871505585,20,2.5,31,0.13441325666852816,0.012904002633366607,1.819033388537656,0,0,0,0.1512899647089634,0.009111315162920573
2327,0.7830942968951359,0.9297118758682166,20,2.5,31,0.11845673774159023,0.013211026692608197,1.7773631185473584,0,0,0,0.1512899647089634,0.009111315162920573
2328,0.7806848601454572,0.9292947295726672,20,2.5,31,0.10426259996545817,0.013597688291035692,1.752774366906078,0,0,0,0.1512899647089634,0.009111315162920573
2329,0.786648070002218,0.9288700562988248,20,2.5,31,0.09189181590489356,0.014019478355581977,1.7452976947380388,0,0,0,0.1512899647089634,0.009111315162920573
2330,0.7913840320251829,0.9284378642473995,20,2.5,31,0.08102985907792908,0.014472902345747074,1.7067398693430846,0,0,0,0.1512899647089634,0.009111315162920573
2331,0.7924217283130018,0.9279981617845796,20,2.5,31,0.07131277179300798,0.01499552195533709,1.7168791284980502,0,0,0,0.1512899647089634,0.009111315162920573
2332,0.7958335624134311,0.9275509574417026,20,2.5,31,0.06275256205490842,0.015556092926975905,1.6957201362996293,0,0,0,0.1512899647089634,0.009111315162920573
2333,0.7997878590761341,0.9270962599149258,20,2.5,31,0.055223155563116,0.01627956989209247,1.7071853426378825,0,0,0,0.1512899647089634,0.009111315162920573
2334,0.8070177760110917,0.9266340780648881,21,2.380952380952381,30,0.059592294475745454,0.016996843808667447,1.7062939636604575,0,1,0,0.1512899647089634,0.009111315162920573
2335,0.8062368135485781,0.9247005401818755,20,2.5,31,0.042657058625355446,0.01842331006327749,1.703998175406471,1,0,1,0.1512899647089634,0.009111315162920573
2336,0.8065762036017285,0.9242528785675547,20,2.5,31,0.03765753358693895,0.019945527796750004,1.6838974753256064,0,0,0,0.1512899647089634,0.009111315162920573
2337,0.8059623229546179,0.9237977756455703,20,2.5,31,0.03314560665777068,0.021521089098294505,1.680364580374745,0,0,0,0.1512899647089634,0.009111315162920573
2338,0.8062043994057317,0.9233352406991753,20,2.5,31,0.029173476446061407,0.02309833228415648,1.6773619981526988,0,0,0,0.1512899647089634,0.009111315162920573
2339,0.8026357943148967,0.9228652831738675,20,2.5,31,0.02570178674684265,0.024656556147424555,1.6588145062619017,0,0,0,0.1512899647089634,0.009111315162920573
2340,0.8063735073629563,0.9223879126770129,20,2.5,31,0.022961663934314,0.026101001645056097,1.6408220740209358,0,0,0,0.1512899647089634,0.009111315162920573
2341,0.8066937305341022,0.9330512875378808,19,2.6315789473684212,32,0.2727178231680431,0.024385548840707077,1.8359145006460864,2,1,2,0.1512899647089634,0.009111315162920573
2342,0.8077850439474262,0.932679550290606,19,2.6315789473684212,32,0.23998332277826442,0.023078125344196513,1.8302028487259039,0,0,0,0.1512899647089634,0.009111315162920573
2343,0.8072883609123102,0.9323002244680556,19,2.6315789473684212,32,0.21117923953453988,0.02210903396185494,1.795367185014933,0,0,0,0.1512899647089634,0.009111315162920573
2344,0.8069564373142453,0.9360368192845209,18,2.7777777777777777,33,0.3116650051529403,0.02140224689968809,1.9109937340624208,1,0,1,0.1512899647089634,0.009111315162920573
2345,0.8027814716925457,0.9356813397981514,18,2.7777777777777777,33,0.27431774946343873,0.02088469198613216,1.8870866979060559,0,0,0,0.1512899647089634,0.009111315162920573
2346,0.798681015190124,0.935318240255258,18,2.7777777777777777,33,0.24139967211118268,0.020523119471751467,1.8502118394377043,0,0,0,0.1512899647089634,0.009111315162920573
2347,0.7973273967227236,0.9349475268189436,18,2.7777777777777777,33,0.21244898593553313,0.020276760424959427,1.8159984186895657,0,0,0,0.1512899647089634,0.009111315162920573
2348,0.7982977276244151,0.936332591595325,17,2.9411764705882355,34,0.321075967906739,0.01997489418556138,1.873042351090228,1,0,1,0.1512899647089634,0.009111315162920573
2349,0.7960930298972855,0.9359795693021962,17,2.9411764705882355,34,0.28261082679610566,0.01975013960211567,1.8833640738373019,0,0,0,0.1512899647089634,0.009111315162920573
2350,0.7922447571531118,0.9442632862766773,16,3.125,35,0.38822568438721466,0.01938223258137389,1.9697835939520576,1,0,1,0.1512899647089634,0.009111315162920573
2351,0.793528220137956,0.9439298766879749,16,3.125,34,0.343009779004377,0.019030126523888045,1.9214420048924228,0,1,0,0.1512899647089634,0.009111315162920573
2352,0.7896125884962217,0.9440285793959222,15,3.3333333333333335,35,0.30864405959813085,0.018400839159016625,2.004663538876226,1,0,1,0.1512899647089634,0.009111315162920573
2353,0.7862765962783019,0.9436842877233745,15,3.3333333333333335,35,0.2718478659958135,0.01790025665280732,1.9322165469354986,0,0,0,0.1512899647089634,0.009111315162920573
2354,0.7800480018662915,0.94333232176023,17,2.9411764705882355,33,0.7571923903596997,0.016997523373644737,2.1826463047193276,0,2,0,0.1512899647089634,0.009111315162920573
2355,0.7789098785925705,0.9401518853514129,16,3.125,34,0.657918571549366,0.01663690253201992,2.1462492958072503,1,0,1,0.1512899647089634,0.009111315162920573
2356,0.7747250340398212,0.9398087445614888,17,2.9411764705882355,33,0.7423010548209996,0.016417255263894828,2.127754247550823,0,1,0,0.1512899647089634,0.009111315162920573
2357,0.7698278161965311,0.9394579701479461,17,2.9411764705882355,33,0.6534666445473549,0.01625231703282383,2.040610197722081,0,0,0,0.1512899647089634,0.009111315162920573
2358,0.7659102706424078,0.939099568306173,17,2.9411764705882355,33,0.575080910663388,0.016172101745201953,2.0229462046432833,0,0,0,0.1512899647089634,0.009111315162920573
2359,0.7650369308417236,0.9488987389067521,16,3.125,34,0.5253055302499592,0.015745406318154468,2.0181065618339136,1,0,1,0.1512899647089634,0.009111315162920573
2360,0.7603490283022099,0.9486261264884921,16,3.125,34,0.4622657658824426,0.015451717394378128,1.996051892292419,0,0,0,0.1512899647089634,0.009111315162920573
2361,0.7598518681416714,0.948345764886944,16,3.125,34,0.40681749343118834,0.015253516994280321,1.9453598206309286,0,0,0,0.1512899647089634,0.009111315162920573
2362,0.7578482363660687,0.9480576575671658,16,3.125,34,0.35799359932111285,0.015155526720210232,1.905248153021829,0,0,0,0.1512899647089634,0.009111315162920573
2363,0.7584459838337255,0.9515414967532051,15,3.3333333333333335,35,0.31540937244696643,0.014760988929704528,1.926584618540051,1,0,1,0.1512899647089634,0.009111315162920573
2364,0.7587827710645167,0.9512435606746794,15,3.3333333333333335,35,0.27756631963272865,0.014512003427162216,1.8550440380835402,0,0,0,0.1512899647089634,0.009111315162920573
2365,0.762395498177651,0.9509378647646125,15,3.3333333333333335,35,0.24425713424798193,0.014413180317762725,1.8134324652767164,0,0,0,0.1512899647089634,0.009111315162920573
2366,0.7622396835854685,0.9506244131931179,15,3.3333333333333335,35,0.2151306519032015,0.0143928107661735,1.8102370296878667,0,0,0,0.1512899647089634,0.009111315162920573
2367,0.7574530794171414,0.9503032103050385,15,3.3333333333333335,35,0.18934049952454285,0.014460140883795379,1.7959732786241853,0,0,0,0.1512899647089634,0.009111315162920573
2368,0.7509321405559862,0.9499742606198529,15,3.3333333333333335,35,0.16662155523618372,0.014592161899933754,1.7979996673238048,0,0,0,0.1512899647089634,0.009111315162920573
2369,0.753259909764137,0.9496375688315766,15,3.3333333333333335,35,0.14663838018670025,0.01476474215849068,1.7525030787485911,0,0,0,0.1512899647089634,0.009111315162920573
2370,0.7540027860786441,0.949293139808657,16,3.125,34,0.18978854342246643,0.01489828097105117,1.7762631640309081,0,1,0,0.1512899647089634,0.009111315162920573
2371,0.7539696602621155,0.9548668730011072,16,3.125,34,0.3348950036319369,0.014704365290906954,1.8957295306622337,1,1,1,0.1512899647089634,0.009111315162920573
2372,0.7547016840861509,0.9545502582343249,16,3.125,34,0.29471095533274466,0.014574286926561588,1.8841709695619502,0,0,0,0.1512899647089634,0.009111315162920573
2373,0.754182598898054,0.9542258441712747,16,3.125,34,0.25935602881935793,0.014490827838727755,1.8271219145633424,0,0,0,0.1512899647089634,0.009111315162920573
2374,0.757440384763617,0.9538936355058966,18,2.7777777777777777,32,0.6767959429358436,0.014443467769508923,2.019708788715302,0,2,0,0.1512899647089634,0.009111315162920573
2375,0.7565113157681942,0.9535536371074148,18,2.7777777777777777,32,0.595811028406809,0.014377501522592871,2.0169600342594323,0,0,0,0.1512899647089634,0.009111315162920573
2376,0.7565802520909799,0.9532058540202257,18,2.7777777777777777,32,0.5243177694816602,0.014363747926917607,1.9736957246005065,0,0,0,0.1512899647089634,0.009111315162920573
2377,0.7584896168728436,0.9528502914637805,18,2.7777777777777777,32,0.46142480532116975,0.014388308238213372,1.9331836803763347,0,0,0,0.1512899647089634,0.009111315162920573
2378,0.7617487168770309,0.9524869548324622,18,2.7777777777777777,32,0.4061434093797997,0.014426400902502474,1.8979326435156043,0,0,0,0.1512899647089634,0.009111315162920573
2379,0.7635796328375284,0.9521158496954524,18,2.7777777777777777,32,0.35735917158721286,0.014500401230191284,1.8671004513681213,0,0,0,0.1512899647089634,0.009111315162920573
2380,0.7585476589197245,0.9505816109506627,17,2.9411764705882355,33,0.3153434140440795,0.014381081194338927,1.8332197597382927,1,0,1,0.1512899647089634,0.009111315162920573
2381,0.7540118095167042,0.9501915931276655,17,2.9411764705882355,33,0.27750879504382225,0.01433364008972067,1.7930155605101772,0,0,0,0.1512899647089634,0.009111315162920573
2382,0.7514799149941528,0.9497938244803521,17,2.9411764705882355,33,0.24422988526135284,0.014501653111149431,1.7571706437697248,0,0,0,0.1512899647089634,0.009111315162920573
2383,0.7560734710280096,0.9493883112827299,17,2.9411764705882355,33,0.21495063616821738,0.01481833133134235,1.7704449161606148,0,0,0,0.1512899647089634,0.009111315162920573
2384,0.760188486117668,0.9489750599827929,17,2.9411764705882355,33,0.1891122307871292,0.015246510812711578,1.7700732393170413,0,0,0,0.1512899647089634,0.009111315162920573
2385,0.7623743684537181,0.9485540772023522,17,2.9411764705882355,33,0.1664175148053562,0.01573467858307541,1.7718049345167868,0,0,0,0.1512899647089634,0.009111315162920573
2386,0.7668011496784202,0.9553653411273627,15,3.3333333333333335,35,0.25075548339784837,0.014502980526461992,1.8389191092638888,2,0,2,0.1512899647089634,0.009111315162920573
2387,0.7743890973314468,0.9549587983595224,15,3.3333333333333335,35,0.2206737256878809,0.013526025979038545,1.8192535998316135,0,0,0,0.1512899647089634,0.009111315162920573
2388,0.7778198470483747,0.954995221536913,15,3.3333333333333335,35,0.3554837575262885,0.012564761428629983,1.9039272778299365,1,1,1,0.1512899647089634,0.009111315162920573
2389,0.7810200013477749,0.9563555701599924,14,3.5714285714285716,36,0.6520235440263734,0.01185057962361989,2.104191893901447,1,0,1,0.1512899647089634,0.009111315162920573
2390,0.7825041650026238,0.9584052419897623,13,3.8461538461538463,37,0.7523605336847219,0.011287175493045299,2.20264964582505,1,0,1,0.1512899647089634,0.009111315162920573
2391,0.781175476798664,0.9580348281944172,13,3.8461538461538463,37,0.6623162374591327,0.010838094957228022,2.1303147366861426,0,0,0,0.1512899647089634,0.009111315162920573
2392,0.7727453167805939,0.9576566657446246,13,3.8461538461538463,37,0.5828433257220083,0.010524907258320037,2.0648997410912022,0,0,0,0.1512899647089634,0.009111315162920573
2393,0.7782808282928023,0.9572707615670679,14,3.5714285714285716,36,0.45231061172337705,0.010316135504030741,1.965781676277524,0,1,0,0.1512899647089634,0.009111315162920573
2394,0.7818085670842889,0.9562151058328351,13,3.8461538461538463,37,0.6095950339033478,0.009798709820825592,2.051053502274632,1,0,1,0.1512899647089634,0.009111315162920573
2395,0.7826983019677931,0.962375485120174,13,3.8461538461538463,37,0.6029987786019138,0.00924460537195039,2.066271628610616,1,1,1,0.1512899647089634,0.009111315162920573
2396,0.7796894203209915,0.9652395978618004,12,4.166666666666667,38,1.3101473545269848,0.008868466518211994,2.512442683803292,1,0,1,0.1512899647089634,0.009111315162920573
2397,0.7803576725384167,0.9648865486179578,12,4.166666666666667,38,1.1529278460048709,0.008654167881065844,2.447522410918248,0,0,0,0.1512899647089634,0.009111315162920573
2398,0.7838892861210764,0.9645257534502899,12,4.166666666666667,38,1.0145805983250586,0.00855893853032376,2.34657263648153,0,0,0,0.1512899647089634,0.009111315162920573
2399,0.7873213772044769,0.9641572194678801,12,4.166666666666667,39,0.8930433605849385,0.008568649764220167,2.280694224465834,1,0,0,0.1512899647089634,0.009111315162920573
2400,0.7936920735238167,0.9659300949639024,11,4.545454545454546,40,0.7926574550726397,0.00828455771078682,2.259245629129737,1,0,1,0.1512899647089634,0.009111315162920573
2401,0.7918248162582162,0.9655604257162138,11,4.545454545454546,40,0.6975415632308354,0.008173134566444107,2.216263305003116,0,0,0,0.1512899647089634,0.009111315162920573
2402,0.7909590315345061,0.9651829992084395,11,4.545454545454546,40,0.6138409585169241,0.008185667102236926,2.1806083504086153,0,0,0,0.1512899647089634,0.009111315162920573
2403,0.7912267388853693,0.9647978229685706,11,4.545454545454546,40,0.5401850760427822,0.008285033167328983,2.135338877099515,0,0,0,0.1512899647089634,0.009111315162920573
2404,0.7865556264744911,0.9653883890218319,11,4.545454545454546,40,0.44228396690316424,0.008686565928214027,2.0647912537472832,1,1,1,0.1512899647089634,0.009111315162920573
2405,0.7832395864664946,0.96764303286875,10,5.0,41,0.4251571958103332,0.009095544938294993,2.077159972690238,1,0,1,0.1512899647089634,0.009111315162920573
2406,0.7774981769269682,0.9672897141492478,10,5.0,41,0.3741428839775351,0.009500152723926916,2.07653497178955,0,0,0,0.1512899647089634,0.009111315162920573
2407,0.7747847376335733,0.9669286114168558,11,4.545454545454546,40,0.29682983280376285,0.009885898149316527,1.9771348307345291,0,1,0,0.1512899647089634,0.009111315162920573
2408,0.7743282304175267,0.9665597316561013,11,4.545454545454546,40,0.26123144844672724,0.010252103313146441,1.9700165673572396,0,0,0,0.1512899647089634,0.009111315162920573
2409,0.7743214815529649,0.9699417613495043,12,4.166666666666667,39,0.4898038964024536,0.010955310104122006,2.0753406115583752,1,2,1,0.1512899647089634,0.009111315162920573
2410,0.777936791443958,0.9695839045460051,14,3.5714285714285716,37,0.44709928401725946,0.011035508713903514,1.991853275698033,0,2,0,0.1512899647089634,0.009111315162920573
2411,0.780332239712805,0.9703807443533862,13,3.8461538461538463,38,0.3310484747814683,0.010696402009705886,1.9273243638346387,1,0,1,0.1512899647089634,0.009111315162920573
2412,0.78148344675944,0.9700267681449021,14,3.5714285714285716,37,0.3022158822317712,0.010278517090244781,1.8553509885633814,0,1,0,0.1512899647089634,0.009111315162920573
2413,0.7830301509920298,0.9696650253593888,14,3.5714285714285716,37,0.2659502661058351,0.010265947551343399,1.8305862540817401,0,0,0,0.1512899647089634,0.009111315162920573
2414,0.7910082656439896,0.9692955235358998,14,3.5714285714285716,37,0.23403998224753045,0.010562652915969178,1.8091860601621974,0,0,0,0.1512899647089634,0.009111315162920573
2415,0.7907924759641566,0.9689182703849273,14,3.5714285714285716,37,0.205955723697958,0.011089523936236204,1.806644987329034,0,0,0,0.1512899647089634,0.009111315162920573
2416,0.7885608571982112,0.9685332737881412,14,3.5714285714285716,37,0.18124152183412798,0.011788017835692286,1.8065485779331711,0,0,0,0.1512899647089634,0.009111315162920573
2417,0.7882115932301555,0.9681405417981171,14,3.5714285714285716,37,0.15949319510876628,0.012608985936586208,1.808548665689781,0,0,0,0.1512899647089634,0.009111315162920573
2418,0.7905725819256915,0.9677400826380592,15,3.3333333333333335,37,0.2124374770374091,0.012630332381984194,1.8606020476908365,1,1,0,0.1512899647089634,0.009111315162920573
2419,0.7942043286609333,0.9673319047015164,15,3.3333333333333335,37,0.18694879986299434,0.012832309997102284,1.84352395101909,0,0,0,0.1512899647089634,0.009111315162920573
2420,0.795478936929471,0.966916016552097,15,3.3333333333333335,37,0.16451628076608324,0.013181133046278402,1.8127257717856198,0,0,0,0.1512899647089634,0.009111315162920573
2421,0.7980307493333686,0.9704959948560344,15,3.3333333333333335,36,0.3541530235013546,0.012399378816254929,1.91100381659529,1,2,1,0.1512899647089634,0.009111315162920573
2422,0.7995087676089608,0.9701067542155278,15,3.3333333333333335,37,0.3147148138626975,0.01195806171320033,1.8932128901884768,1,0,0,0.1512899647089634,0.009111315162920573
2423,0.7997948803509114,0.9697097800517112,15,3.3333333333333335,37,0.2769486481860214,0.01187311129652233,1.8839571903147567,0,0,0,0.1512899647089634,0.009111315162920573
2424,0.8059465411200623,0.9693050810287066,15,3.3333333333333335,37,0.2437153272474956,0.01207699593660061,1.8460701974008555,0,0,0,0.1512899647089634,0.009111315162920573
2425,0.8088253855072923,0.9688926659796253,15,3.3333333333333335,37,0.21464426107161078,0.012455042042590765,1.8111673074322348,0,0,0,0.1512899647089634,0.009111315162920573
2426,0.8089422710649541,0.9684725439062489,15,3.3333333333333335,37,0.18887438146813237,0.013015364302379479,1.8426101919728308,0,0,0,0.1512899647089634,0.009111315162920573
2427,0.810656320647813,0.9680447239787062,15,3.3333333333333335,37,0.16621042271794803,0.01373913351333796,1.8281904259497321,0,0,0,0.1512899647089634,0.009111315162920573
2428,0.8119645020657231,0.9676092155351397,15,3.3333333333333335,37,0.14626647450041186,0.014686683505778075,1.8156080139394695,0,0,0,0.1512899647089634,0.009111315162920573
2429,0.8128960810182454,0.9671660280813696,15,3.3333333333333335,37,0.12874177451359223,0.01585196090160632,1.788631161637572,0,0,0,0.1512899647089634,0.009111315162920573
2430,0.819181618103211,0.966715171290552,15,3.3333333333333335,37,0.11339149321658126,0.017171845651345406,1.8110744686270122,0,0,0,0.1512899647089634,0.009111315162920573
2431,0.8165606554961217,0.9717149650756445,14,3.5714285714285716,38,0.36529867344019445,0.016160565573502646,2.0184588835869137,1,0,1,0.1512899647089634,0.009111315162920573
2432,0.8172032043502181,0.9713079717523322,15,3.3333333333333335,38,0.2854217915472632,0.0153962799363353,1.9907128345704561,1,1,0,0.1512899647089634,0.009111315162920573
2433,0.8189095437534933,0.9708932587081675,15,3.3333333333333335,38,0.2511480439202045,0.01482937794110287,1.9842836460836963,0,0,0,0.1512899647089634,0.009111315162920573
2434,0.820185120769073,0.9704708353746796,16,3.125,37,0.26135113939085275,0.015251354994463713,1.9425067984331914,1,2,0,0.1512899647089634,0.009111315162920573
2435,0.8243693472431873,0.9700407113501687,17,2.9411764705882355,36,0.33420916615647256,0.01481903995165754,1.9637975857928935,0,1,0,0.1512899647089634,0.009111315162920573
2436,0.8281533189936248,0.9696028963993415,18,2.7777777777777777,35,0.3008654911021698,0.014122479794779643,1.9054733592355593,0,1,0,0.1512899647089634,0.009111315162920573
2437,0.8281509169475444,0.9691574004529411,19,2.6315789473684212,33,0.6549225811530931,0.013520652276806773,2.060169097122549,0,2,0,0.1512899647089634,0.009111315162920573
2438,0.8251275470468888,0.9687042336073717,20,2.5,32,0.6725995479748785,0.013058009952004415,2.047971390107947,0,1,0,0.1512899647089634,0.009111315162920573
2439,0.8251485023196788,0.9682434061243175,20,2.5,32,0.5919010814907039,0.012704226047652345,1.9804493948866875,0,0,0,0.1512899647089634,0.009111315162920573
2440,0.8261069244232284,0.967774928430355,20,2.5,32,0.5208946507657004,0.012473441391560957,1.9035183499536186,0,0,0,0.1512899647089634,0.009111315162920573
2441,0.8225685416242164,0.9672988111165605,22,2.272727272727273,30,0.78423588401123,0.012345106119893678,1.988777700027387,0,2,0,0.1512899647089634,0.009111315162920573
2442,0.8211136128477093,0.9697397452199013,21,2.380952380952381,31,0.4562301546688719,0.012348071795517685,1.8139152200168098,1,0,1,0.1512899647089634,0.009111315162920573
2443,0.8217623163720971,0.9692957259987743,21,2.380952380952381,31,0.4015141491929015,0.012431482895479441,1.8265413349273558,0,0,0,0.1512899647089634,0.009111315162920573
2444,0.8153039199054483,0.9688440528971325,22,2.272727272727273,30,0.3690592515770386,0.011789444783945502,1.7856601850049347,0,1,0,0.1512899647089634,0.009111315162920573
2445,0.8103790174484073,0.9708516074020968,21,2.380952380952381,31,0.3127637593551793,0.011764298470320868,1.7743267311571413,1,0,1,0.1512899647089634,0.009111315162920573
2446,0.8098691494575984,0.9687752195507261,19,2.6315789473684212,33,0.27604477963364693,0.011389984088862019,1.7991282244382134,2,0,2,0.1512899647089634,0.009111315162920573
2447,0.8075646786073176,0.9683744980720776,19,2.6315789473684212,33,0.24291271267783443,0.011214480266078958,1.7603736451002197,0,0,0,0.1512899647089634,0.009111315162920573
2448,0.8104207527552701,0.967966054379195,19,2.6315789473684212,33,0.21376227367823497,0.011181960551003732,1.7407268773270803,0,0,0,0.1512899647089634,0.009111315162920573
2449,0.812345944958354,0.9675498976489688,19,2.6315789473684212,33,0.1881123761958421,0.011250392888123508,1.7077195605576099,0,0,0,0.1512899647089634,0.009111315162920573
2450,0.8163899719375028,0.9688059136678094,18,2.7777777777777777,34,0.16444738074130189,0.011944710878502194,1.7008075295748597,1,0,1,0.1512899647089634,0.009111315162920573
2451,0.8194724787825107,0.9695336759947094,17,2.9411764705882355,35,0.19560164806674166,0.012026959446490841,1.742465314687604,1,0,1,0.1512899647089634,0.009111315162920573
2452,0.8179268490668499,0.9691641129006964,17,2.9411764705882355,35,0.17215751076739905,0.012175043981665072,1.7426227508461085,0,0,0,0.1512899647089634,0.009111315162920573
2453,0.8172714829645226,0.9687868316594412,19,2.6315789473684212,33,0.190120403250805,0.012559886440624073,1.7610684252397348,0,2,0,0.1512899647089634,0.009111315162920573
2454,0.8191571865651095,0.9684018411067886,19,2.6315789473684212,33,0.16730643463502962,0.013031544645006811,1.7451309982479568,0,0,0,0.1512899647089634,0.009111315162920573
2455,0.8170496742468663,0.9681262499178629,18,2.7777777777777777,34,0.2261065126122801,0.012985842421576894,1.8192242606675721,1,0,1,0.1512899647089634,0.009111315162920573
2456,0.8236053497486473,0.9677537546269366,18,2.7777777777777777,34,0.19901327404418911,0.013018763673876605,1.8330782292516667,0,0,0,0.1512899647089634,0.009111315162920573
2457,0.8255761563741849,0.967373571316607,19,2.6315789473684212,32,0.19509956468286066,0.01239305786852975,1.7903124374285815,0,2,0,0.1512899647089634,0.009111315162920573
2458,0.8226641004268406,0.9669857089909019,19,2.6315789473684212,32,0.1716970166861097,0.011940870202194514,1.7899577339758148,0,0,0,0.1512899647089634,0.009111315162920573
2459,0.8167339951536793,0.9665901768192297,19,2.6315789473684212,32,0.1510221614655509,0.011805095038778936,1.791817939852442,0,0,0,0.1512899647089634,0.009111315162920573
2460,0.8260397010426968,0.9670417606565904,18,2.7777777777777777,33,0.1432414105800015,0.011511083840285416,1.8103483285778343,1,0,1,0.1512899647089634,0.009111315162920573
2461,0.8262945424978092,0.9666477571649565,19,2.6315789473684212,32,0.1822619726493407,0.011153394878149061,1.8126597952619796,0,1,0,0.1512899647089634,0.009111315162920573
2462,0.8228635078619533,0.9667585534167599,18,2.7777777777777777,34,0.1633375396403095,0.010913785701837129,1.8324794825384672,2,0,1,0.1512899647089634,0.009111315162920573
2463,0.8249234349005241,0.9663550516254867,18,2.7777777777777777,34,0.14374082090214166,0.01077052441123681,1.8341022116069963,0,0,0,0.1512899647089634,0.009111315162920573
2464,0.8243804148204429,0.9659439036428499,18,2.7777777777777777,34,0.12649529113934826,0.01076171193555556,1.8217904639828921,0,0,0,0.1512899647089634,0.009111315162920573
2465,0.8219910313741042,0.9655251191096547,18,2.7777777777777777,34,0.11131394673411131,0.010887450104592045,1.8752083350149293,0,0,0,0.1512899647089634,0.009111315162920573
2466,0.8258743971932188,0.9650987078300245,18,2.7777777777777777,34,0.09797319880831493,0.011375573241427255,1.8180988945158358,0,0,0,0.1512899647089634,0.009111315162920573
2467,0.8276830932367376,0.9646646797710052,18,2.7777777777777777,34,0.08622124729665272,0.0121766536347752,1.8422189798011268,0,0,0,0.1512899647089634,0.009111315162920573
2468,0.8298482929130135,0.9642230450621583,18,2.7777777777777777,34,0.07587391179961685,0.01327677278979094,1.8513890206471215,0,0,0,0.1512899647089634,0.009111315162920573
2469,0.8290009771303556,0.9637738139951532,18,2.7777777777777777,34,0.06677677214392279,0.014619932259022717,1.7974645684618673,0,0,0,0.1512899647089634,0.009111315162920573
2470,0.8304762985817972,0.9633169970233532,18,2.7777777777777777,35,0.06258984260512782,0.015962072654218225,1.804352784444712,1,0,0,0.1512899647089634,0.009111315162920573
2471,0.8304943124859782,0.962852604761395,18,2.7777777777777777,35,0.05508385642703594,0.017505363989881353,1.7986494730174483,0,0,0,0.1512899647089634,0.009111315162920573
2472,0.8293461315727293,0.9623806479847623,18,2.7777777777777777,35,0.04849816674921561,0.019178242567948617,1.7937982694204493,0,0,0,0.1512899647089634,0.009111315162920573
2473,0.8283912773568862,0.9619011376293545,18,2.7777777777777777,35,0.042683216136164666,0.020914018074475002,1.7896344567098887,0,0,0,0.1512899647089634,0.009111315162920573
2474,0.8290723550802309,0.9614140847910522,19,2.6315789473684212,34,0.12576553963990567,0.02034848481484803,1.8354777190550857,0,1,0,0.1512899647089634,0.009111315162920573
2475,0.829626760157195,0.9609195007252712,19,2.6315789473684212,34,0.11070182865907605,0.020079862243077562,1.8414348936488025,0,0,0,0.1512899647089634,0.009111315162920573
2476,0.8353885731228496,0.9604173968465188,19,2.6315789473684212,34,0.09745754555215128,0.020049282290409066,1.8327348746713086,0,0,0,0.1512899647089634,0.009111315162920573
2477,0.8402307229659876,0.9598818448469035,18,2.7777777777777777,35,0.08717140832550399,0.01999879594738633,1.8664981055003163,1,0,1,0.1512899647089634,0.009111315162920573
2478,0.8388093838455062,0.959363573975929,18,2.7777777777777777,35,0.07672474764898424,0.020106125883420395,1.8444312939681506,0,0,0,0.1512899647089634,0.009111315162920573
2479,0.837730702083949,0.9588378186791149,18,2.7777777777777777,34,0.07066681961469858,0.020330816717575056,1.8201974258028892,0,1,0,0.1512899647089634,0.009111315162920573
2480,0.8417206541460993,0.9613340511133448,17,2.9411764705882355,34,0.07201407630636643,0.020445824740668538,1.8725564463093727,1,1,1,0.1512899647089634,0.009111315162920573
2481,0.8437361044757185,0.9640308509320991,16,3.125,35,0.5200124028583121,0.019639241688288032,2.196768442109152,1,0,1,0.1512899647089634,0.009111315162920573
2482,0.8463481833240023,0.9635530016980448,16,3.125,35,0.4576124437448905,0.01905587455002133,2.1406382165425573,0,0,0,0.1512899647089634,0.009111315162920573
2483,0.8460946548772621,0.9630676487469105,16,3.125,35,0.4027040265688956,0.01864290378352565,2.1069254786630554,0,0,0,0.1512899647089634,0.009111315162920573
2484,0.8441591501773182,0.9625748038019074,16,3.125,35,0.3543817735285494,0.018387570098311865,2.0761063611584176,0,0,0,0.1512899647089634,0.009111315162920573
2485,0.8440176345271527,0.9620744787417534,16,3.125,35,0.3118838539621246,0.018264947690795123,2.081238285158241,0,0,0,0.1512899647089634,0.009111315162920573
2486,0.8470069513350725,0.9615666856001845,16,3.125,35,0.2744644549634625,0.018242954980080918,2.0577596525638016,0,0,0,0.1512899647089634,0.009111315162920573
2487,0.847945647298889,0.9610514365654601,16,3.125,35,0.2415309850018665,0.01829320662205929,2.0249793256904134,0,0,0,0.1512899647089634,0.009111315162920573
2488,0.8526692112058246,0.9692969283815324,15,3.3333333333333335,36,0.4623945229907758,0.017974164880396805,2.2124822648114355,1,0,1,0.1512899647089634,0.009111315162920573
2489,0.8549410650476933,0.9688371423984262,15,3.3333333333333335,37,0.40725869807213433,0.01777384203634152,2.1751393821060083,1,0,0,0.1512899647089634,0.009111315162920573
2490,0.8580534131571628,0.9683697992831256,15,3.3333333333333335,37,0.3586813703387262,0.01760358100288743,2.129296944650281,0,0,0,0.1512899647089634,0.009111315162920573
2491,0.8634041539076261,0.9747759504889487,13,3.8461538461538463,40,0.7248736936750368,0.016989500355211764,2.3887403080403065,3,0,2,0.1512899647089634,0.009111315162920573
2492,0.8594230268335151,0.9743686644558269,14,3.5714285714285716,38,0.614967510283251,0.016533013396613918,2.289342575046414,0,2,0,0.1512899647089634,0.009111315162920573
2493,0.8567845773677325,0.9739537686311022,15,3.3333333333333335,37,0.5520962294055909,0.015625712213070176,2.253529289300702,0,1,0,0.1512899647089634,0.009111315162920573
2494,0.8515140965911101,0.974469744544921,13,3.8461538461538463,39,0.9090548515141944,0.014888486835156898,2.548386574651527,2,0,2,0.1512899647089634,0.009111315162920573
2495,0.8458338501092105,0.9741319583279698,13,3.8461538461538463,39,0.7999689472564895,0.014324015485298311,2.456696616161152,0,0,0,0.1512899647089634,0.009111315162920573
2496,0.8438161058453538,0.9737865923471029,13,3.8461538461538463,39,0.7040141581086931,0.013886534914537929,2.3631949307206597,0,0,0,0.1512899647089634,0.009111315162920573
2497,0.8448579062430448,0.9734336571819356,13,3.8461538461538463,39,0.6195358789028154,0.013556589912765033,2.3378113542332724,0,0,0,0.1512899647089634,0.009111315162920573
2498,0.8430404589045247,0.9693819810646652,12,4.166666666666667,40,0.7033636613812138,0.013128301296986172,2.4260855669974153,1,0,1,0.1512899647089634,0.009111315162920573
2499,0.8387808863249565,0.9690451215623556,12,4.166666666666667,40,0.6189652235123482,0.012798676387177915,2.370429661733924,0,0,0,0.1512899647089634,0.009111315162920573
2500,0.835147055528249,0.9687007830484164,12,4.166666666666667,40,0.5446947700924352,0.012546396370643587,2.3086047577753477,0,0,0,0.1512899647089634,0.009111315162920573
2501,0.8348563221853249,0.9791765569035787,11,4.545454545454546,41,0.9688393385819061,0.011813154124781431,2.5853945249390584,1,0,1,0.1512899647089634,0.009111315162920573
2502,0.8321778221986124,0.9788888511852801,11,4.545454545454546,41,0.8525837764245567,0.01127640955280333,2.54536845719717,0,0,0,0.1512899647089634,0.009111315162920573
2503,0.8358178167878553,0.9785935013753458,11,4.545454545454546,40,0.7503995895592638,0.010891997975128638,2.461603397242386,0,1,0,0.1512899647089634,0.009111315162920573
2504,0.8417126935302396,0.9782905171199676,11,4.545454545454546,40,0.6603520992440762,0.010623871196639345,2.4047339921765665,0,0,0,0.1512899647089634,0.009111315162920573
2505,0.8393349168299252,0.9798694392567497,10,5.0,41,0.7588475580764471,0.010246648944658541,2.4862005843184587,1,0,1,0.1512899647089634,0.009111315162920573
2506,0.8409904956888141,0.9795897892585973,10,5.0,42,0.6684780741514338,0.009999402381380846,2.4542558815953033,1,0,0,0.1512899647089634,0.009111315162920573
2507,0.8402390725831631,0.9793025074375534,12,4.166666666666667,40,0.44863786093725255,0.010344009541803725,2.297059494390684,0,2,0,0.1512899647089634,0.009111315162920573
2508,0.8414984251356326,0.9790650551258298,11,4.545454545454546,41,0.38204554043006683,0.011010019511808283,2.2466349076292893,1,0,1,0.1512899647089634,0.009111315162920573
2509,0.843436058488307,0.9787625526748317,12,4.166666666666667,40,1.147760149451615,0.010733593768935972,2.6677117771994063,0,1,0,0.1512899647089634,0.009111315162920573
2510,0.8369049717415201,0.978452447622396,12,4.166666666666667,40,1.0100378702071109,0.010543605400136163,2.5343144877705943,0,0,0,0.1512899647089634,0.009111315162920573
2511,0.8383797713906352,0.9781347500202999,12,4.166666666666667,40,0.8888365004385705,0.010420171159743405,2.459520724497888,0,0,0,0.1512899647089634,0.009111315162920573
2512,0.8396103705102496,0.9778094700701208,12,4.166666666666667,40,0.7821779551405997,0.010346885901853778,2.345970891260419,0,0,0,0.1512899647089634,0.009111315162920573
2513,0.8398891563899401,0.9782925338732741,11,4.545454545454546,40,0.6163630458556427,0.010309181781864477,2.2183159161454302,1,1,1,0.1512899647089634,0.009111315162920573
2514,0.8397333609270855,0.9779821036384477,11,4.545454545454546,40,0.542402979981434,0.010315381815528935,2.1718153544628938,0,0,0,0.1512899647089634,0.009111315162920573
2515,0.836580552713762,0.9776641057632434,11,4.545454545454546,41,0.48061793985772155,0.010354694213153817,2.158900938770158,1,0,0,0.1512899647089634,0.009111315162920573
2516,0.839481299783099,0.9773385506026894,11,4.545454545454546,42,0.42339294550081763,0.01041816443288181,2.1309333984421346,1,0,0,0.1512899647089634,0.009111315162920573
2517,0.8389829268660972,0.9770054486596976,12,4.166666666666667,41,0.41121484235616607,0.010500247750115542,2.0859021287699324,0,1,0,0.1512899647089634,0.009111315162920573
2518,0.8435872131743741,0.9766648105845193,13,3.8461538461538463,40,0.36841511529186327,0.010200000098385198,2.0704289866922925,0,1,0,0.1512899647089634,0.009111315162920573
2519,0.8430754090866286,0.9767470163257691,12,4.166666666666667,41,0.3194276697563286,0.010182035351898527,2.0631915399916783,1,0,1,0.1512899647089634,0.009111315162920573
2520,0.8452734834377668,0.9757434030852332,11,4.545454545454546,42,0.8606829162317752,0.010094127206378223,2.4420609533424757,1,0,1,0.1512899647089634,0.009111315162920573
2521,0.8509133917136501,0.975409069594412,11,4.545454545454546,43,0.7583160957318361,0.009941334979774034,2.43472806014166,1,0,0,0.1512899647089634,0.009111315162920573
2522,0.8511959633353419,0.9750672757455179,11,4.545454545454546,43,0.6673315328145477,0.009856514483783803,2.3457027217156474,0,0,0,0.1512899647089634,0.009111315162920573
2523,0.8545306745218525,0.974718032636888,11,4.545454545454546,43,0.5872652639439847,0.009821553041043717,2.27983700988658,0,0,0,0.1512899647089634,0.009111315162920573
2524,0.8519782392025412,0.9743613515084045,12,4.166666666666667,42,0.4766497642022429,0.009822506104578542,2.192598247161488,0,1,0,0.1512899647089634,0.009111315162920573
2525,0.8588992734265577,0.9815326737033593,11,4.545454545454546,43,0.7261748877377255,0.009494433209623255,2.381161224122742,1,0,1,0.1512899647089634,0.009111315162920573
2526,0.8565353068312376,0.9812336694823308,12,4.166666666666667,42,0.5959171164357255,0.009273076184068491,2.2976424884715154,0,1,0,0.1512899647089634,0.009111315162920573
2527,0.8573699757635704,0.9810723419952064,11,4.545454545454546,43,0.5354200529323987,0.008616177808992624,2.251821195716999,1,0,1,0.1512899647089634,0.009111315162920573
2528,0.8583780517639141,0.9807726349109075,11,4.545454545454546,43,0.47117823508000967,0.008113284164626797,2.227133814016176,0,0,0,0.1512899647089634,0.009111315162920573
2529,0.8630667758872089,0.9804651493485883,11,4.545454545454546,42,0.4169502397594209,0.007755534104785602,2.15749029858178,0,1,0,0.1512899647089634,0.009111315162920573
2530,0.8647768206182814,0.9853549086292951,10,5.0,43,0.5182822093705685,0.007310660436482402,2.224959441666937,1,0,1,0.1512899647089634,0.009111315162920573
2531,0.8662523372446997,0.9856931956760987,10,5.0,42,0.4843498709693321,0.0065894668987593105,2.236102509615046,1,2,1,0.1512899647089634,0.009111315162920573
2532,0.8684165419632612,0.9854281164987508,10,5.0,42,0.42622735808046286,0.006132573584353843,2.165855855123363,0,0,0,0.1512899647089634,0.009111315162920573
2533,0.8727715000157431,0.9851550532749668,10,5.0,41,0.3785078968314808,0.005959420528782794,2.0831943183052024,0,1,0,0.1512899647089634,0.009111315162920573
2534,0.8718501149630572,0.9848740130918562,10,5.0,41,0.3331142313654935,0.006053992369424825,2.0534357239740317,0,0,0,0.1512899647089634,0.009111315162920573
2535,0.8713535562289515,0.9845850032083214,10,5.0,41,0.2931404588640006,0.006417953437358384,2.0595596641844525,0,0,0,0.1512899647089634,0.009111315162920573
2536,0.871203931838864,0.984288031054729,10,5.0,41,0.2579507352306878,0.007002724772320409,2.085026982787951,0,0,0,0.1512899647089634,0.009111315162920573
2537,0.8724683369390775,0.9839831042325741,10,5.0,42,0.22950682409298465,0.007634254031678222,2.091396500692945,1,0,0,0.1512899647089634,0.009111315162920573
2538,0.8784702172996177,0.9836702305141375,10,5.0,41,0.20346924770482278,0.008376222228928771,2.070850853300759,0,1,0,0.1512899647089634,0.009111315162920573
2539,0.877188072999946,0.9833494178421397,10,5.0,41,0.179050106317184,0.00920384770489895,2.0225070422987095,0,0,0,0.1512899647089634,0.009111315162920573
2540,0.8837542730711624,0.9830206743293851,10,5.0,40,0.16175327950538698,0.009789495957400057,2.007359701584532,0,1,0,0.1512899647089634,0.009111315162920573
2541,0.8861886396224642,0.9826840082584052,11,4.545454545454546,39,0.14429150660906306,0.010680738332180601,1.9438057043764123,0,1,0,0.1512899647089634,0.009111315162920573
2542,0.8890114163083974,0.9823394280810911,11,4.545454545454546,39,0.1270067694305369,0.011698111551845199,1.9156271619665532,0,0,0,0.1512899647089634,0.009111315162920573
2543,0.892377273535643,0.9856399408951076,10,5.0,40,0.23039002731044822,0.010317771735040955,2.000801341617442,1,0,1,0.1512899647089634,0.009111315162920573
2544,0.89098938500424,0.9853543945963719,10,5.0,40,0.20274136194056486,0.009290738693999295,2.0465703110877187,0,0,0,0.1512899647089634,0.009111315162920573
2545,0.8877431022872402,0.9850608138651586,10,5.0,41,0.18016078028517415,0.008537065526920165,2.0562905886136393,1,0,0,0.1512899647089634,0.009111315162920573
2546,0.8888646394466155,0.9847592052948646,10,5.0,41,0.1586692372198398,0.007980576224125586,2.009847132663805,0,0,0,0.1512899647089634,0.009111315162920573
2547,0.8859774668569221,0.9863378833821623,9,5.555555555555555,42,0.29585100042831036,0.007626273940549382,2.115494793005912,1,0,1,0.1512899647089634,0.009111315162920573
2548,0.8828331966416537,0.9860788273513802,10,5.0,41,0.2796676953877562,0.006982632695753107,2.116788761794348,0,1,0,0.1512899647089634,0.009111315162920573
2549,0.8800939806899337,0.9858116878584706,10,5.0,40,0.24771736291677002,0.00653027849928133,2.076371526171333,0,1,0,0.1512899647089634,0.009111315162920573
2550,0.8737085895989216,0.9855364702401643,10,5.0,40,0.21798945802632033,0.006223450997605281,2.0565995061317452,0,0,0,0.1512899647089634,0.009111315162920573
2551,0.8729919532009288,0.9852531800114119,10,5.0,41,0.19278725419679377,0.006026433570893583,2.0645267260050413,1,0,0,0.1512899647089634,0.009111315162920573
2552,0.8734461220662811,0.984961822865178,10,5.0,41,0.1738790930148874,0.005911465923892924,2.072468235924156,1,1,0,0.1512899647089634,0.009111315162920573
2553,0.8748824248914129,0.9846624046722231,11,4.545454545454546,40,0.1810220636664455,0.007824090209590634,2.054718823286285,0,1,0,0.1512899647089634,0.009111315162920573
2554,0.8782965042005644,0.9756668052116817,11,4.545454545454546,40,0.43018952541737887,0.007313450781343892,2.1906929040652408,1,1,1,0.1512899647089634,0.009111315162920573
2555,0.8771821990728002,0.9753190285489263,11,4.545454545454546,40,0.3785683550608017,0.006946481493235761,2.1405754046475907,0,0,0,0.1512899647089634,0.009111315162920573
2556,0.8829177732291776,0.9749632266964278,11,4.545454545454546,40,0.33314128074100036,0.006715257704948082,2.1109605621529326,0,0,0,0.1512899647089634,0.009111315162920573
2557,0.886502166737477,0.9795973816427685,10,5.0,41,0.4639502263150629,0.006217616718828898,2.217176981070287,2,1,2,0.1512899647089634,0.009111315162920573
2558,0.886071698532083,0.9793203434485193,10,5.0,41,0.4082762772420863,0.0058565926457286,2.180570900306189,0,0,0,0.1512899647089634,0.009111315162920573
2559,0.8868282492982971,0.9790352428995718,10,5.0,41,0.35928322323216927,0.005620610279972737,2.1487737844100043,0,0,0,0.1512899647089634,0.009111315162920573
2560,0.8889116901555612,0.9787420839728915,10,5.0,41,0.31616947904413,0.00551004745366944,2.089104575279505,0,0,0,0.1512899647089634,0.009111315162920573
2561,0.8958279342444172,0.9784408708255363,10,5.0,41,0.27823172745595337,0.005514714993180358,2.048991202363342,0,0,0,0.1512899647089634,0.009111315162920573
2562,0.897536716107864,0.9800747703317618,9,5.555555555555555,43,0.5783179032476206,0.005521576460791442,2.2770298663659,2,0,1,0.1512899647089634,0.009111315162920573
2563,0.9024182864947728,0.9797985707145579,9,5.555555555555555,44,0.5100136116983328,0.005633123077331223,2.258537510331996,1,0,0,0.1512899647089634,0.009111315162920573
2564,0.9022485898585123,0.9795143110974217,9,5.555555555555555,44,0.44882330206146476,0.005814197675405476,2.2036909887216263,0,0,0,0.1512899647089634,0.009111315162920573
2565,0.9064917988747178,0.9792219954335524,9,5.555555555555555,44,0.39496593895998416,0.006041850142295178,2.1377773189895506,0,0,0,0.1512899647089634,0.009111315162920573
2566,0.9111207353471462,0.9863373146210976,8,6.25,45,0.6999615623245318,0.006108989506481472,2.3440752541048893,1,0,1,0.1512899647089634,0.009111315162920573
2567,0.9151223302320898,0.9860897643224781,8,6.25,45,0.6159669152672426,0.006201498169742486,2.308153886692973,0,0,0,0.1512899647089634,0.009111315162920573
2568,0.9178269755807927,0.9858341252717705,8,6.25,45,0.5420502946478203,0.006309968872786977,2.2306604799381633,0,0,0,0.1512899647089634,0.009111315162920573
2569,0.923102647833472,0.9855704012112644,8,6.25,45,0.4770043759798569,0.006468501034446016,2.190775352950017,0,0,0,0.1512899647089634,0.009111315162920573
2570,0.9229894996166914,0.9852985960635616,9,5.555555555555555,44,0.40047228509123944,0.007308528220907427,2.1247129165763208,0,1,0,0.1512899647089634,0.009111315162920573
2571,0.926234308266587,0.9850187139314902,9,5.555555555555555,44,0.35241673721307665,0.008465670195969138,2.0947722014690293,0,0,0,0.1512899647089634,0.009111315162920573
2572,0.9270288630348037,0.9847307590980108,9,5.555555555555555,43,0.31850960965254244,0.00954019986303578,2.0430973851474126,1,2,0,0.1512899647089634,0.009111315162920573
2573,0.9276023917626058,0.9868245378884465,8,6.25,45,0.45026078894109417,0.009103916574455799,2.168650187881572,2,0,1,0.1512899647089634,0.009111315162920573
2574,0.935583539122064,0.9865558436272679,8,6.25,45,0.3962321051740194,0.008793814320987511,2.149109548992098,0,0,0,0.1512899647089634,0.009111315162920573
2575,0.9429419289354475,0.9862790819465813,8,6.25,45,0.3486870266937434,0.008579958150672555,2.150239930432011,0,0,0,0.1512899647089634,0.009111315162920573
2576,0.9512086096868427,0.9859942575730434,9,5.555555555555555,45,0.3248617100939656,0.007652759202381676,2.139187811868203,1,1,0,0.1512899647089634,0.009111315162920573
2577,0.9496948949682741,0.9857013754129176,9,5.555555555555555,45,0.2858838037402953,0.006935369010676959,2.0812333716030453,0,0,0,0.1512899647089634,0.009111315162920573
2578,0.947637052862139,0.991075866522327,8,6.25,46,0.7845253522326783,0.0063838557209694715,2.386992528358758,1,0,1,0.1512899647089634,0.009111315162920573
2579,0.9454968628936204,0.9908596472568669,8,6.25,46,0.690381770951916,0.005962487172292222,2.3124370503355127,0,0,0,0.1512899647089634,0.009111315162920573
2580,0.9448475948210627,0.990635332424326,9,5.555555555555555,46,0.4716819630776799,0.005642796746922304,2.1846651686698806,1,1,0,0.1512899647089634,0.009111315162920573
2581,0.9497842283644193,0.9904029253259663,10,5.0,45,0.4090713722926502,0.005399387690404553,2.1411848164930443,0,1,0,0.1512899647089634,0.009111315162920573
2582,0.9541264283218821,0.9901624294433234,10,5.0,45,0.3599820994687174,0.0052185977635423484,2.141295754519321,0,0,0,0.1512899647089634,0.009111315162920573
2583,0.9556490670784852,0.9899138484381357,10,5.0,45,0.3167879960288277,0.005085459757532782,2.0655526687458647,0,0,0,0.1512899647089634,0.009111315162920573
2584,0.9552949369886703,0.9897131598258374,10,5.0,45,0.48388648126742895,0.0050825903186696745,2.1854417921068836,1,1,1,0.1512899647089634,0.009111315162920573
2585,0.9560739766033958,0.9894555310041028,10,5.0,45,0.4258198473905131,0.0051266491089047165,2.1323243359441277,0,0,0,0.1512899647089634,0.009111315162920573
2586,0.9551780123635534,0.9891898278587306,10,5.0,45,0.3747213187442769,0.005202665912161977,2.115957111878931,0,0,0,0.1512899647089634,0.009111315162920573
2587,0.955349600042632,0.9889160546077153,10,5.0,45,0.3297569674407464,0.0053092817813739515,2.0876974209387216,0,0,0,0.1512899647089634,0.009111315162920573
2588,0.9513868243141438,0.988634215648823,11,4.545454545454546,44,0.43742362250346306,0.00558233647629684,2.147836603857783,0,1,0,0.1512899647089634,0.009111315162920573
2589,0.9543807093604159,0.9922394324128518,10,5.0,45,0.41390845145604016,0.005528187557038164,2.1888818936404033,1,0,1,0.1512899647089634,0.009111315162920573
2590,0.9584483793217808,0.9919959284442588,10,5.0,46,0.3667535507423544,0.005569810236246868,2.1834547475204973,1,0,0,0.1512899647089634,0.009111315162920573
2591,0.9610070708097024,0.991744336613841,10,5.0,46,0.3227410835641206,0.005681825099035203,2.1711966129447857,0,0,0,0.1512899647089634,0.009111315162920573
2592,0.9558165621696848,0.9914846615302855,10,5.0,46,0.28401027480436797,0.005894490201890219,2.1945701369873554,0,0,0,0.1512899647089634,0.009111315162920573
2593,0.9533120964174487,0.9912169079818174,10,5.0,46,0.2499271104485345,0.006215103367818704,2.157079245347672,0,0,0,0.1512899647089634,0.009111315162920573
2594,0.952887732085556,0.9909410809360595,10,5.0,45,0.22336361932810572,0.006887975856521407,2.152860405905777,0,1,0,0.1512899647089634,0.009111315162920573
2595,0.95741824099016,0.9906571855398872,10,5.0,45,0.19655816782167926,0.007940215436731684,2.1515665764246927,0,0,0,0.1512899647089634,0.009111315162920573
2596,0.9602479230134965,0.9903652271192753,10,5.0,45,0.17296573125127054,0.009257042595632523,2.136503195549526,0,0,0,0.1512899647089634,0.009111315162920573
2597,0.9584557570397348,0.9900652111791389,10,5.0,44,0.15591195430826854,0.010603901592430602,2.106089990184034,0,1,0,0.1512899647089634,0.009111315162920573
2598,0.9568741134230406,0.992426906646446,9,5.555555555555555,45,0.44874526737433923,0.009524610635151897,2.3051542736239083,1,0,1,0.1512899647089634,0.009111315162920573
2599,0.9498427376225697,0.9921727813031119,9,5.555555555555555,46,0.3960279797555092,0.008678897100778854,2.328547122752784,1,0,0,0.1512899647089634,0.009111315162920573
2600,0.9514975515208929,0.9919105830349952,9,5.555555555555555,47,0.3489562446713912,0.008019786335548245,2.355071497977444,1,0,0,0.1512899647089634,0.009111315162920573
2601,0.9538606314424734,0.991640316758407,9,5.555555555555555,47,0.3070791624961032,0.007507762189124863,2.3280208108786185,0,0,0,0.1512899647089634,0.009111315162920573
2602,0.9517412315335185,0.9913619875687913,9,5.555555555555555,47,0.27022760446277344,0.007111522259100154,2.288466547713382,0,0,0,0.1512899647089634,0.009111315162920573
2603,0.9534146884485639,0.9910756007405763,9,5.555555555555555,47,0.23779876544359868,0.006806203900679337,2.2519267480429472,0,0,0,0.1512899647089634,0.009111315162920573
2604,0.9498786577047682,0.9907811617270181,9,5.555555555555555,46,0.2115229551497255,0.006572099822674458,2.2478493896724268,0,1,0,0.1512899647089634,0.009111315162920573
2605,0.9482702924178272,0.9904786761600369,10,5.0,44,0.7855721766551116,0.00639360700098133,2.5040450184300105,0,2,0,0.1512899647089634,0.009111315162920573
2606,0.948811085620997,0.9939742614655479,8,6.25,46,0.6362071511635556,0.005862532305449137,2.461250575025841,2,0,2,0.1512899647089634,0.009111315162920573
2607,0.9471437417957697,0.9937900295874924,8,6.25,46,0.5598610732803949,0.005468195329187167,2.3805613572140176,0,0,0,0.1512899647089634,0.009111315162920573
2608,0.949945074259569,0.9935976862054149,8,6.25,46,0.4926768178953178,0.005179533421901126,2.322089625671526,0,0,0,0.1512899647089634,0.009111315162920573
2609,0.947429099654645,0.994886930469785,7,7.142857142857143,47,0.6298336291210967,0.004776255017965518,2.4432628286734097,1,0,1,0.1512899647089634,0.009111315162920573
2610,0.9500328945445957,0.9947152825405927,7,7.142857142857143,47,0.5542541959044417,0.004473596270669862,2.412074505943229,0,0,0,0.1512899647089634,0.009111315162920573
2611,0.9499612395691789,0.9945355196516713,7,7.142857142857143,47,0.48774464390569494,0.004248975008865881,2.3867882776438396,0,0,0,0.1512899647089634,0.009111315162920573
2612,0.9495920882608628,0.9943476450823275,7,7.142857142857143,47,0.429216858639373,0.004084546949456042,2.3666362336589413,0,0,0,0.1512899647089634,0.009111315162920573
2613,0.9494360178824474,0.9941516622921097,7,7.142857142857143,47,0.37771226039091294,0.003966475586597084,2.3509569450910357,0,0,0,0.1512899647089634,0.009111315162920573
2614,0.9572051349135487,0.9939475749207155,7,7.142857142857143,47,0.3323883819334453,0.00388383862820115,2.3404302208024332,0,0,0,0.1512899647089634,0.009111315162920573
2615,0.9565977388140628,0.993735386787886,7,7.142857142857143,48,0.2933638132085704,0.0038281016159424303,2.340766181656917,1,0,0,0.1512899647089634,0.009111315162920573
2616,0.9539983772741247,0.9915476656637229,6,8.333333333333334,49,0.4598300170166084,0.0035905681085120285,2.415958930508796,1,0,1,0.1512899647089634,0.009111315162920573
2617,0.9493896701878916,0.9913760690621517,8,6.25,47,0.802389027909318,0.003607053854559518,2.5809791069697146,0,2,0,0.1512899647089634,0.009111315162920573
2618,0.9531610507411107,0.9911963775115249,8,6.25,47,0.7061136800386776,0.003673850330009776,2.5368274756912985,0,0,0,0.1512899647089634,0.009111315162920573
2619,0.953827231391142,0.9910085943191687,8,6.25,47,0.6213814185220411,0.003786958100724026,2.503948301864294,0,0,0,0.1512899647089634,0.009111315162920573
2620,0.9555622210013651,0.9908127229724194,8,6.25,47,0.5468283789237871,0.003965158216210462,2.4706866154175744,0,0,0,0.1512899647089634,0.009111315162920573
2621,0.9550636837239914,0.9906087671385299,8,6.25,47,0.48121010875179904,0.0041872224791379515,2.443668256298556,0,0,0,0.1512899647089634,0.009111315162920573
2622,0.9501908061421234,0.990396730664569,8,6.25,47,0.423462917472837,0.004435460921985354,2.3837843937693095,0,0,0,0.1512899647089634,0.009111315162920573
2623,0.9492357921833678,0.9901766175773151,8,6.25,48,0.3740939481372946,0.004695577456610877,2.388486351346583,1,0,0,0.1512899647089634,0.009111315162920573
2624,0.9529847066094865,0.9899484320831419,8,6.25,48,0.3292038484302428,0.004979785647381739,2.3537947959063,0,0,0,0.1512899647089634,0.009111315162920573
2625,0.9540018206603709,0.9897121785678991,8,6.25,48,0.2897004133788016,0.0052761514972043365,2.324274613163397,0,0,0,0.1512899647089634,0.009111315162920573
2626,0.9499922148716499,0.989467861596787,8,6.25,48,0.254926396647303,0.0055761634803566835,2.3310466118404687,0,0,0,0.1512899647089634,0.009111315162920573
2627,0.9509172136622202,0.9892154859142235,8,6.25,48,0.22433674526404526,0.005869325699379135,2.292170127547492,0,0,0,0.1512899647089634,0.009111315162920573
2628,0.9526558233138757,0.9889550564437037,8,6.25,48,0.19741746525466372,0.006150644625908853,2.257876539444598,0,0,0,0.1512899647089634,0.009111315162920573
2629,0.9574994639905267,0.9886865782876578,8,6.25,47,0.17791794170429967,0.006416851793831434,2.2288203102414292,1,2,0,0.1512899647089634,0.009111315162920573
2630,0.9564704895873252,0.988410056727295,8,6.25,47,0.15887997725895123,0.0066973466100059805,2.2183801452695078,1,1,0,0.1512899647089634,0.009111315162920573
2631,0.9550633256791126,0.9881254972224497,8,6.25,48,0.13649306198803085,0.006997813029460054,2.2251849563784214,1,0,0,0.1512899647089634,0.009111315162920573
2632,0.9546705102849248,0.9878329054114141,8,6.25,48,0.12012202455842878,0.007317618433305152,2.2127900541242593,0,0,0,0.1512899647089634,0.009111315162920573
2633,0.9571919644252245,0.9875322871107673,8,6.25,48,0.10570900032268721,0.00803372547224409,2.186213029735514,0,0,0,0.1512899647089634,0.009111315162920573
2634,0.9610802610665589,0.9872236483152007,8,6.25,48,0.09302735704666099,0.00923954907752147,2.175907136384423,0,0,0,0.1512899647089634,0.009111315162920573
2635,0.9657923893721739,0.9869069951973307,8,6.25,49,0.08469415606428564,0.01061961503785155,2.209384535255891,1,0,0,0.1512899647089634,0.009111315162920573
2636,0.9604831736518794,0.9865823341075111,8,6.25,49,0.07453273466033684,0.01224794157025646,2.2171456720091918,0,0,0,0.1512899647089634,0.009111315162920573
2637,0.9547972305417871,0.9862496715736363,9,5.555555555555555,48,0.2290084630547794,0.011218221654736613,2.28872460124261,0,1,0,0.1512899647089634,0.009111315162920573
2638,0.9537407994256693,0.9859090143009382,9,5.555555555555555,48,0.20152936846544056,0.010415713226347155,2.2704072636365713,0,0,0,0.1512899647089634,0.009111315162920573
2639,0.9562172300434421,0.9855603691717769,9,5.555555555555555,48,0.1794536803513828,0.009792401628979291,2.26078944012881,1,1,0,0.1512899647089634,0.009111315162920573
2640,0.9542775717983524,0.9852037432454257,9,5.555555555555555,48,0.15792133181368537,0.009345327432029253,2.2455907230266963,0,0,0,0.1512899647089634,0.009111315162920573
2641,0.9556462951412786,0.9848391437578509,9,5.555555555555555,49,0.14140663488867886,0.009045878562577905,2.258472423887071,1,0,0,0.1512899647089634,0.009111315162920573
2642,0.9538831135543134,0.9844665781214804,10,5.0,48,0.29480359327571765,0.008585338576485557,2.3501034881808285,1,2,0,0.1512899647089634,0.009111315162920573
2643,0.9510514983505624,0.9896379676792977,9,5.555555555555555,48,0.2722313788639729,0.008061624635188152,2.322254826479932,1,1,1,0.1512899647089634,0.009111315162920573
2644,0.9525950964976821,0.9893384380625507,9,5.555555555555555,48,0.23956474812526857,0.007869519516318025,2.314925848246322,0,0,0,0.1512899647089634,0.009111315162920573
2645,0.9511805313355268,0.9890308685129072,9,5.555555555555555,48,0.21081869552081034,0.008241382637574277,2.3108814668408573,0,0,0,0.1512899647089634,0.009111315162920573
2646,0.9467578613351288,0.9887152651086039,9,5.555555555555555,47,0.1890427493002459,0.008914971096309007,2.228218336726426,0,1,0,0.1512899647089634,0.009111315162920573
2647,0.9421758437114769,0.9883916341059941,9,5.555555555555555,47,0.1663585314135018,0.009860434868008236,2.21240963420781,0,0,0,0.1512899647089634,0.009111315162920573
2648,0.9392826783530627,0.9880599819393517,9,5.555555555555555,47,0.14638533630524292,0.011011595881847955,2.182777088302928,0,0,0,0.1512899647089634,0.009111315162920573
2649,0.9381832183808524,0.9877203152206727,11,4.545454545454546,45,0.45247859818752495,0.00998631081835221,2.326196573802351,0,2,0,0.1512899647089634,0.009111315162920573
2650,0.9342242146305507,0.9873726407394674,11,4.545454545454546,45,0.3981923949517089,0.009166625606167012,2.2594474981384023,0,0,0,0.1512899647089634,0.009111315162920573
2651,0.9298611857736495,0.9870169654625478,13,3.8461538461538463,43,0.8052995207339723,0.008512675041435498,2.4630787583159166,0,2,0,0.1512899647089634,0.009111315162920573
2652,0.9325974380572839,0.989142758121202,12,4.166666666666667,44,0.4256444923208022,0.008000664649221579,2.225310979799131,1,0,1,0.1512899647089634,0.009111315162920573
2653,0.9338427136403584,0.9888371813117766,12,4.166666666666667,44,0.37457132872814375,0.0076948379877884,2.208186010541874,0,0,0,0.1512899647089634,0.009111315162920573
2654,0.9352000870877855,0.9885235706047093,12,4.166666666666667,44,0.3296270375197355,0.007558001736496037,2.163358632490582,0,0,0,0.1512899647089634,0.009111315162920573
2655,0.9379720127115647,0.9882019320472374,12,4.166666666666667,44,0.29007618261347423,0.007543395804951149,2.12223251705214,0,0,0,0.1512899647089634,0.009111315162920573
2656,0.9395195007286765,0.987872271864765,12,4.166666666666667,44,0.2552689393003117,0.007615678321466941,2.1163014691932287,0,0,0,0.1512899647089634,0.009111315162920573
2657,0.9391558607040258,0.9875345964606779,13,3.8461538461538463,44,0.37181325422520617,0.007901734327473459,2.1584430317449046,1,1,0,0.1512899647089634,0.009111315162920573
2658,0.940961268196836,0.9886768641541813,12,4.166666666666667,44,0.3320614610666027,0.008040581643825827,2.121753186047298,1,1,1,0.1512899647089634,0.009111315162920573
2659,0.9330575104490864,0.9883683776265114,11,4.545454545454546,45,0.2932505935694287,0.008011258110936585,2.1043375881971595,1,0,1,0.1512899647089634,0.009111315162920573
2660,0.9329758366434316,0.988057378619468,11,4.545454545454546,45,0.2580720809699179,0.008036062928962768,2.0646336726235774,0,0,0,0.1512899647089634,0.009111315162920573
2661,0.9349614459324306,0.9877383568725777,11,4.545454545454546,45,0.22710779833920447,0.008099796468307788,2.0281074970347426,0,0,0,0.1512899647089634,0.009111315162920573
2662,0.938842201103951,0.9874113184358309,11,4.545454545454546,46,0.20123778547992585,0.008189627105297283,2.035624784811371,1,0,0,0.1512899647089634,0.009111315162920573
2663,0.9381062795041788,0.9870762695372542,11,4.545454545454546,46,0.1771670223962144,0.008304779768103556,1.98746179858029,0,0,0,0.1512899647089634,0.009111315162920573
2664,0.9376761326924113,0.9867332165827258,11,4.545454545454546,46,0.15583365856925033,0.008618937222235643,1.989371383998471,0,0,0,0.1512899647089634,0.009111315162920573
2665,0.9376458932518452,0.9863821661557861,11,4.545454545454546,46,0.13713519002559,0.009443220036863601,2.0091845056580446,0,0,0,0.1512899647089634,0.009111315162920573
2666,0.9338447563978659,0.987968705894362,10,5.0,47,0.23865559953801374,0.00921706278677941,2.0778709034548264,1,0,1,0.1512899647089634,0.009111315162920573
2667,0.9332521432390958,0.9876617134958405,10,5.0,46,0.2134231931536787,0.009052315393539394,2.0420620736912207,0,1,0,0.1512899647089634,0.009111315162920573
2668,0.9347072608156036,0.9873467045154859,10,5.0,46,0.18781462787374004,0.008934634392303764,2.025194895073504,0,0,0,0.1512899647089634,0.009111315162920573
2669,0.9357695184851371,0.987023684870342,10,5.0,46,0.16528051182930575,0.008864005475365673,2.0265478958595287,0,0,0,0.1512899647089634,0.009111315162920573
2670,0.9340891248193995,0.9866926606554344,10,5.0,46,0.14546365616127307,0.008881170185878444,1.9978128852682229,0,0,0,0.1512899647089634,0.009111315162920573
2671,0.9364974789387018,0.9866641810523428,9,5.555555555555555,47,0.28291523850873607,0.008865773277034755,2.104150161783836,1,0,1,0.1512899647089634,0.009111315162920573
2672,0.9339527622443718,0.9901559562001846,8,6.25,48,0.7670446949856203,0.008302019086549442,2.466027581000318,1,0,1,0.1512899647089634,0.009111315162920573
2673,0.9295578593095358,0.9899230947101616,8,6.25,47,0.679664730736659,0.00750118804932554,2.3926494114487045,0,1,0,0.1512899647089634,0.009111315162920573
2674,0.9301677774220332,0.9896821712921133,9,5.555555555555555,46,0.5831963347031061,0.006877400194862858,2.2975557305768954,0,1,0,0.1512899647089634,0.009111315162920573
2675,0.9274574338218555,0.9894331901357254,9,5.555555555555555,45,0.5143567443101934,0.006392982225629277,2.25084249390239,0,1,0,0.1512899647089634,0.009111315162920573
2676,0.9327257258939028,0.9891761556100183,9,5.555555555555555,45,0.4526350370214017,0.006018299854156808,2.211752357700047,0,0,0,0.1512899647089634,0.009111315162920573
2677,0.9356051280774453,0.9889110722632278,9,5.555555555555555,45,0.3983199784847951,0.005731203424199016,2.209620488706282,0,0,0,0.1512899647089634,0.009111315162920573
2678,0.9368985972576443,0.9886379448226809,9,5.555555555555555,45,0.3505346417492908,0.005533135582074217,2.1797921612611275,0,0,0,0.1512899647089634,0.009111315162920573
2679,0.9372812491402861,0.9883567781946632,9,5.555555555555555,46,0.3091624829321432,0.005404617449315803,2.194601021917951,1,0,0,0.1512899647089634,0.009111315162920573
2680,0.942683810012338,0.9880675774642829,9,5.555555555555555,46,0.27206463969469186,0.005335639205665781,2.139066432935814,0,0,0,0.1512899647089634,0.009111315162920573
2681,0.9450092875122889,0.9904405744121384,8,6.25,46,0.41419028337818437,0.00534735608288128,2.2283849068661596,1,1,1,0.1512899647089634,0.009111315162920573
2682,0.9444855930497532,0.9901967229427978,8,6.25,46,0.3644885015371216,0.005419057785710416,2.2125961535517096,0,0,0,0.1512899647089634,0.009111315162920573
2683,0.9454714394041109,0.9935648793879851,7,7.142857142857143,47,0.5078586875023321,0.005336438949610129,2.3216425019734768,1,0,1,0.1512899647089634,0.009111315162920573
2684,0.9431367658263479,0.9933664187684819,7,7.142857142857143,47,0.4469156852361166,0.005339142915530611,2.2673448782457286,0,0,0,0.1512899647089634,0.009111315162920573
2685,0.9438044256845045,0.993159855088268,7,7.142857142857143,47,0.3932859313820805,0.005404877903473791,2.1538681591572924,0,0,0,0.1512899647089634,0.009111315162920573
2686,0.9432396367223732,0.9929451919434029,7,7.142857142857143,47,0.34609182009612754,0.005517906999593503,2.1245775423037094,0,0,0,0.1512899647089634,0.009111315162920573
2687,0.9453368436960424,0.9927224331100049,7,7.142857142857143,47,0.3045616121417474,0.005680902578759327,2.130928804969573,0,0,0,0.1512899647089634,0.009111315162920573
2688,0.9433759601714198,0.9924915825441454,7,7.142857142857143,47,0.2680148183793285,0.005875194707633449,2.0444527692909906,0,0,0,0.1512899647089634,0.009111315162920573
2689,0.9430714825750326,0.9922526443817399,7,7.142857142857143,47,0.23585365251899573,0.006086847276600904,2.0407451002089427,0,0,0,0.1512899647089634,0.009111315162920573
2690,0.945965744183381,0.9920056229384282,7,7.142857142857143,46,0.20951787772813726,0.00630561297911559,2.0051354081600414,0,1,0,0.1512899647089634,0.009111315162920573
2691,0.9469361818548774,0.9940744893487712,6,8.333333333333334,47,0.3750063996622106,0.006427335413861875,2.1440723509396955,1,0,1,0.1512899647089634,0.009111315162920573
2692,0.9503811022298484,0.9938732267151814,6,8.333333333333334,46,0.3313233465636343,0.006550592130141242,2.1130953912949577,0,1,0,0.1512899647089634,0.009111315162920573
2693,0.953977960604107,0.99366385072272,7,7.142857142857143,45,0.27776824848700127,0.006671942124917425,2.0278869866097837,0,1,0,0.1512899647089634,0.009111315162920573
2694,0.9555743846413097,0.9934463650723238,8,6.25,45,0.4736893535377847,0.006946233435154191,2.148633140260858,1,1,0,0.1512899647089634,0.009111315162920573
2695,0.9561923454782978,0.9940375590379743,7,7.142857142857143,46,0.25970946452322236,0.0070248419974725616,2.090140324817574,1,0,1,0.1512899647089634,0.009111315162920573
2696,0.9579103359085547,0.993848019737211,7,7.142857142857143,46,0.22854572838947235,0.007103304813494051,2.0688634216114137,0,0,0,0.1512899647089634,0.009111315162920573
2697,0.9567768425982491,0.9936503623012275,7,7.142857142857143,46,0.20112177754092136,0.007179756391680401,2.0504750549578508,0,0,0,0.1512899647089634,0.009111315162920573
2698,0.9579868232670747,0.993444590157285,7,7.142857142857143,46,0.17698091797117957,0.007311267383048053,2.018540042107681,0,0,0,0.1512899647089634,0.009111315162920573
2699,0.9583630692178577,0.9932307069129515,7,7.142857142857143,46,0.1557436278702302,0.007992983347643956,2.0367097952158684,0,0,0,0.1512899647089634,0.009111315162920573
2700,0.963485278014644,0.9930087163559933,7,7.142857142857143,46,0.13705476871670472,0.00907300383719119,2.0086805751003207,0,0,0,0.1512899647089634,0.009111315162920573
2701,0.9679659153660274,0.9927786224542654,7,7.142857142857143,45,0.1242506589840542,0.010331378587860205,1.9968861807931557,0,1,0,0.1512899647089634,0.009111315162920573
2702,0.9741202584960494,0.9925404293555902,7,7.142857142857143,45,0.10934111224810637,0.011853293088446118,2.002856506400906,0,0,0,0.1512899647089634,0.009111315162920573
2703,0.9717624109080372,0.9922941413876347,9,5.555555555555555,43,0.5318240781252513,0.01119137849581044,2.2645333261641825,0,2,0,0.1512899647089634,0.009111315162920573
2704,0.9755896946776349,0.9938893052148721,8,6.25,44,0.32694053594857775,0.010509891539170962,2.164243481035921,1,0,1,0.1512899647089634,0.009111315162920573
2705,0.9733009283080902,0.9936848579681701,8,6.25,44,0.287707095941075,0.009980092364746103,2.154683627164726,0,0,0,0.1512899647089634,0.009111315162920573
2706,0.9713841367886837,0.9934722956535844,8,6.25,44,0.2531914995297263,0.009600327922231129,2.1004594269178964,0,0,0,0.1512899647089634,0.009111315162920573
2707,0.9719968674050259,0.9938617753780571,7,7.142857142857143,44,0.255540668933062,0.014294256171772584,2.0897327967598827,1,1,1,0.1512899647089634,0.009111315162920573
2708,0.9748892272222359,0.9936736316351827,7,7.142857142857143,44,0.22487874306740888,0.018170940423102952,2.0852335423904793,0,0,0,0.1512899647089634,0.009111315162920573
2709,0.9744850409476336,0.9934773697213215,8,6.25,43,0.34428254148815696,0.0165031780352353,2.1357992473054197,0,1,0,0.1512899647089634,0.009111315162920573
2710,0.9746941956474713,0.9932729929731289,10,5.0,41,1.555524027055062,0.014782655697588985,2.8057367080424314,0,2,0,0.1512899647089634,0.009111315162920573
2711,0.9740425516921519,0.9930605049076244,11,4.545454545454546,41,1.4986113882828158,0.013408386278246578,2.7419835518267353,1,1,0,0.1512899647089634,0.009111315162920573
2712,0.9779963972155763,0.9928399092220903,11,4.545454545454546,41,1.3187794131020707,0.012310821183615778,2.6308801870040264,0,0,0,0.1512899647089634,0.009111315162920573
2713,0.9826492837817349,0.9926112097939603,11,4.545454545454546,41,1.1605278776936385,0.011434276075465431,2.5655261309732715,0,0,0,0.1512899647089634,0.009111315162920573
2714,0.979520810547433,0.9923744106807044,12,4.166666666666667,40,1.03703068478196,0.00994031930647869,2.4861254641369923,0,1,0,0.1512899647089634,0.009111315162920573
2715,0.9813774047662719,0.9921295161197072,12,4.166666666666667,40,0.912588282303622,0.008745750520968815,2.4094832593330353,0,0,0,0.1512899647089634,0.009111315162920573
2716,0.9823614719345128,0.9918765305281393,12,4.166666666666667,40,0.803079059891842,0.007790602321017281,2.326295153398252,0,0,0,0.1512899647089634,0.009111315162920573
2717,0.9876231841849612,0.991615458502823,12,4.166666666666667,40,0.7067110333528954,0.007026913551390848,2.235362408109097,0,0,0,0.1512899647089634,0.009111315162920573
2718,0.9891284373493414,0.9913463048200891,13,3.8461538461538463,39,0.6508997761155375,0.0064166493598865944,2.1655417067423426,0,1,0,0.1512899647089634,0.009111315162920573
2719,0.98695900468943,0.9912803729216867,12,4.166666666666667,40,0.5738530818253309,0.005928823791379931,2.158563229899964,1,0,1,0.1512899647089634,0.009111315162920573
2720,0.9907747686618363,0.9910008693028118,12,4.166666666666667,41,0.5058134946174626,0.0055398554395532824,2.1406766323740514,1,0,0,0.1512899647089634,0.009111315162920573
2721,0.9909392658360227,0.9907132976733142,12,4.166666666666667,42,0.44597624158443105,0.005276723992366279,2.127477146653339,1,0,0,0.1512899647089634,0.009111315162920573
2722,0.9903769741821226,0.9904176634921542,12,4.166666666666667,42,0.39246343962566693,0.005107971768584425,2.093396615052411,0,0,0,0.1512899647089634,0.009111315162920573
2723,0.9915179804546815,0.9901139723969891,13,3.8461538461538463,41,0.4701787069563351,0.005018519846310366,2.1190461376315586,0,1,0,0.1512899647089634,0.009111315162920573
2724,0.9893754782242951,0.9898022302039919,13,3.8461538461538463,41,0.41375930307076453,0.0050026960634644855,2.0834597669357766,0,0,0,0.1512899647089634,0.009111315162920573
2725,0.9902024190537237,0.9901979490647438,12,4.166666666666667,42,0.34103946044876204,0.0050389493186319455,2.079026815089246,1,0,1,0.1512899647089634,0.009111315162920573
2726,0.9881522921688932,0.9899177599684966,12,4.166666666666667,41,0.30181033915716526,0.005111111125596375,2.034388557609291,0,1,0,0.1512899647089634,0.009111315162920573
2727,0.9867756898779448,0.9925842852913224,11,4.545454545454546,42,0.2855783493945795,0.0077253381871347955,2.015323775222991,1,0,1,0.1512899647089634,0.009111315162920573
2728,0.984840405186128,0.9923422829785333,11,4.545454545454546,42,0.2513420164906946,0.010000434905172259,1.9607877840840997,0,0,0,0.1512899647089634,0.009111315162920573
2729,0.9874564563063817,0.9920921760672486,11,4.545454545454546,42,0.2211836931687757,0.012033586918255103,1.9571971465435274,0,0,0,0.1512899647089634,0.009111315162920573
2730,0.9836399320780731,0.9918339688262177,12,4.166666666666667,41,0.3692292235064983,0.01098547734951975,2.0574027320855954,0,1,0,0.1512899647089634,0.009111315162920573
2731,0.9834717552613274,0.991567665704142,13,3.8461538461538463,40,0.3417816877625558,0.009742907765736395,2.067967911143806,0,1,0,0.1512899647089634,0.009111315162920573
2732,0.9863742503492671,0.991293271329543,13,3.8461538461538463,40,0.3007684592847356,0.008754195665688316,2.057635249435546,0,0,0,0.1512899647089634,0.009111315162920573
2733,0.9916691266322839,0.991010790510626,13,3.8461538461538463,40,0.26467345349311017,0.007968652693880607,2.0026847024943946,0,0,0,0.1512899647089634,0.009111315162920573
2734,0.9900815596249056,0.9925116982652431,12,4.166666666666667,41,0.23938080435677203,0.008935829375362974,1.9950389554129595,1,0,1,0.1512899647089634,0.009111315162920573
2735,0.9953699230601777,0.9922611832811927,12,4.166666666666667,41,0.21065534729818658,0.010018341986590401,1.9604510629780842,0,0,0,0.1512899647089634,0.009111315162920573
2736,0.9954247866025879,0.9920025605853195,12,4.166666666666667,41,0.18536617062242894,0.011174186119620955,2.008263093322837,0,0,0,0.1512899647089634,0.009111315162920573
2737,0.9932611553123519,0.9917358344615987,12,4.166666666666667,41,0.16312280358963785,0.012367609259040274,1.9941562253658172,0,0,0,0.1512899647089634,0.009111315162920573
2738,0.9888490859814525,0.9914610093741034,12,4.166666666666667,41,0.14354874026579226,0.013576590840092355,1.9978411515685013,0,0,0,0.1512899647089634,0.009111315162920573
2739,0.9925642533725905,0.9911780899668737,12,4.166666666666667,41,0.1263235447678309,0.014809743751114634,1.9870780574174676,0,0,0,0.1512899647089634,0.009111315162920573
2740,0.9884879257440831,0.9908870810637864,12,4.166666666666667,41,0.1111654138578953,0.016042316306615168,1.9776621962323144,0,0,0,0.1512899647089634,0.009111315162920573
2741,0.9865807583917635,0.9905879876684083,12,4.166666666666667,40,0.1021824110306855,0.016948011691387405,1.952531657556594,0,1,0,0.1512899647089634,0.009111315162920573
2742,0.9917888493094692,0.9910513181374172,11,4.545454545454546,41,0.865125183528931,0.01450949262081891,2.449991768320996,1,0,1,0.1512899647089634,0.009111315162920573
2743,0.9967882120845762,0.9907892438047174,11,4.545454545454546,40,0.7617431443449724,0.012615964000270524,2.3672333802597114,0,1,0,0.1512899647089634,0.009111315162920573
2744,0.9934029596086034,0.9907100031765576,11,4.545454545454546,40,0.5607780442477127,0.011025340395372752,2.2661074467881734,1,1,1,0.1512899647089634,0.009111315162920573
2745,0.9970603483120203,0.9904578948998176,12,4.166666666666667,39,1.1487226139855,0.009784515580818895,2.580964033570959,0,1,0,0.1512899647089634,0.009111315162920573
2746,0.998668692613979,0.9901976958320982,12,4.166666666666667,39,1.0108768785877842,0.008912975381682594,2.479823976037415,0,0,0,0.1512899647089634,0.009111315162920573
2747,1.005303971233463,0.9899294103161619,12,4.166666666666667,39,0.8895747650119615,0.008324890859913116,2.3904682456707356,0,0,0,0.1512899647089634,0.009111315162920573
2748,1.0052777734829774,0.9896530428744473,12,4.166666666666667,39,0.7828341386976954,0.007967857219254857,2.3099930232162857,0,0,0,0.1512899647089634,0.009111315162920573
2749,1.0070336846300614,0.9896353003274775,11,4.545454545454546,40,0.7222106579384381,0.00778701303658104,2.2817957997613143,1,0,1,0.1512899647089634,0.009111315162920573
2750,1.0069078692529554,0.9893804157696489,11,4.545454545454546,40,0.6355468323772393,0.00773652241285017,2.2116801531750325,0,0,0,0.1512899647089634,0.009111315162920573
2751,1.0113672842273802,0.9891174506545263,11,4.545454545454546,40,0.5592827417181377,0.007778995391201467,2.1828336853423993,0,0,0,0.1512899647089634,0.009111315162920573
2752,1.0085082450017524,0.988846409285428,11,4.545454545454546,40,0.4921750192289731,0.007884959543770682,2.1592530417710214,0,0,0,0.1512899647089634,0.009111315162920573
2753,1.0118093980916418,0.9885672961452199,12,4.166666666666667,39,0.4295513828429573,0.008229645974492696,2.068191852381003,0,1,0,0.1512899647089634,0.009111315162920573
2754,1.0147870154322338,0.988280115896183,12,4.166666666666667,39,0.3780075367010237,0.00870350048842611,2.0031502890270354,0,0,0,0.1512899647089634,0.009111315162920573
2755,1.020924044877394,0.9879848733798758,12,4.166666666666667,40,0.3348634238770202,0.009221795349256474,2.003927379581028,1,0,0,0.1512899647089634,0.009111315162920573
2756,1.0209902217890994,0.9881347686996673,11,4.545454545454546,41,0.3132545545415747,0.00919959841342189,2.0509597266660564,1,0,1,0.1512899647089634,0.009111315162920573
2757,1.0290200514975678,0.9878259569772722,11,4.545454545454546,41,0.27568275235687106,0.009343084129651565,2.0501648968699566,0,0,0,0.1512899647089634,0.009111315162920573
2758,1.0250975492170136,0.9875090974813624,12,4.166666666666667,39,0.4468594175065963,0.008929720790112368,2.124432084595833,0,2,0,0.1512899647089634,0.009111315162920573
2759,1.0236389772613752,0.9871841957427601,12,4.166666666666667,39,0.39323890407653145,0.008659492474304397,2.0766806680148253,0,0,0,0.1512899647089634,0.009111315162920573
2760,1.0281012362356,0.9868512574707974,12,4.166666666666667,39,0.3460565772017274,0.008500175741775277,2.0596869404977163,0,0,0,0.1512899647089634,0.009111315162920573
2761,1.0219209070829656,0.9865102885531399,12,4.166666666666667,39,0.3045393407443673,0.008422105483750318,2.0422633500791303,0,0,0,0.1512899647089634,0.009111315162920573
2762,1.0186062855546312,0.9861612950556058,12,4.166666666666667,39,0.26800855984951466,0.008402231043389467,1.9832099451340914,0,0,0,0.1512899647089634,0.009111315162920573
2763,1.0170090016505526,0.9858042832219722,14,3.5714285714285716,37,0.4045752399597122,0.008271563313548376,2.0210487508941144,0,2,0,0.1512899647089634,0.009111315162920573
2764,1.01768663672114,0.9866713664582554,12,4.166666666666667,39,0.29171659550091644,0.00757556544110349,1.9812576624892655,2,0,2,0.1512899647089634,0.009111315162920573
2765,1.0154945594632725,0.9863450587613252,12,4.166666666666667,39,0.2567137882559803,0.007086904200439217,1.9564490518451245,0,0,0,0.1512899647089634,0.009111315162920573
2766,1.01897234721529,0.9860107155313894,13,3.8461538461538463,38,0.23121502514660017,0.006806272919232696,1.9495445992566125,0,1,0,0.1512899647089634,0.009111315162920573
2767,1.0172156846682343,0.9856683424059799,13,3.8461538461538463,38,0.20347019026595617,0.006685235428744651,1.9131938022860633,0,0,0,0.1512899647089634,0.009111315162920573
2768,1.0226345816940816,0.9853179452011024,13,3.8461538461538463,38,0.17905446559854452,0.006684032205220736,1.8957664454539938,0,0,0,0.1512899647089634,0.009111315162920573
2769,1.020206557811999,0.9849595299110642,14,3.5714285714285716,37,0.16417112576118953,0.006558444742845299,1.8812530000278642,0,1,0,0.1512899647089634,0.009111315162920573
2770,1.0217169386423999,0.9845931027082949,14,3.5714285714285716,37,0.1444713563628276,0.006600484762499843,1.8512455572460589,0,0,0,0.1512899647089634,0.009111315162920573
2771,1.016438345764027,0.9842186699431623,14,3.5714285714285716,37,0.12713668909988732,0.006759290434358603,1.8552040710312045,0,0,0,0.1512899647089634,0.009111315162920573
2772,1.0131626002591312,0.9838362381437787,14,3.5714285714285716,37,0.11188116698023963,0.007000853121566054,1.8448202433665977,0,0,0,0.1512899647089634,0.009111315162920573
2773,1.0141513240750255,0.9834458140158063,15,3.3333333333333335,36,0.10994436569130726,0.007040220135257537,1.839235276798625,0,1,0,0.1512899647089634,0.009111315162920573
2774,1.0146547509687078,0.9830474044422499,16,3.125,35,0.11174574013154136,0.0072214141784061,1.8194989371168055,0,1,0,0.1512899647089634,0.009111315162920573
2775,1.0174037947123231,0.9826410164832484,16,3.125,35,0.09833775492457862,0.007558747142679095,1.8098412727331574,0,0,0,0.1512899647089634,0.009111315162920573
2776,1.0174270017755271,0.9822266573758581,16,3.125,35,0.08653892152355526,0.008214489707584849,1.817552317747941,0,0,0,0.1512899647089634,0.009111315162920573
2777,1.0152747906319717,0.9818043345338279,16,3.125,35,0.07615608211049574,0.00911676770853272,1.7784153728916536,0,0,0,0.1512899647089634,0.009111315162920573
2778,1.0165319633670558,0.9813740555473727,16,3.125,35,0.06702466186879653,0.010225056961496823,1.7722560898402948,0,0,0,0.1512899647089634,0.009111315162920573
2779,1.0185818108578946,0.9809358281829358,16,3.125,35,0.05898179165680269,0.01150495598915847,1.7669200445333442,0,0,0,0.1512899647089634,0.009111315162920573
2780,1.0212758413641936,0.981265144531051,15,3.3333333333333335,35,0.13718635089717965,0.010400549740783183,1.8344600376927547,1,1,1,0.1512899647089634,0.009111315162920573
2781,1.0238212573736296,0.9821525793461479,14,3.5714285714285716,36,0.2190344711642137,0.009746271703865005,1.9065318530643638,1,0,1,0.1512899647089634,0.009111315162920573
2782,1.0206324542520482,0.9817815786387815,14,3.5714285714285716,36,0.19275078539523116,0.009551860134443495,1.8729838490115154,0,0,0,0.1512899647089634,0.009111315162920573
2783,1.0208853681251575,0.9814025940794604,14,3.5714285714285716,36,0.16962123577427185,0.009689642309439228,1.8737727747953459,0,0,0,0.1512899647089634,0.009111315162920573
2784,1.0250875264228643,0.9810156316941474,15,3.3333333333333335,35,0.2076118225183672,0.009485258109870167,1.876067118509107,0,1,0,0.1512899647089634,0.009111315162920573
2785,1.0289953758015171,0.9806206976866358,15,3.3333333333333335,35,0.1826989943921817,0.009425609437656175,1.8597444153838742,0,0,0,0.1512899647089634,0.009111315162920573
2786,1.0332442061464737,0.9802177984383768,15,3.3333333333333335,35,0.16077579897630895,0.009469275755808575,1.8455592434472092,0,0,0,0.1512899647089634,0.009111315162920573
2787,1.0372114250871,0.9798069405083029,15,3.3333333333333335,35,0.14149523255001892,0.009582298252226623,1.833217462576079,0,0,0,0.1512899647089634,0.009111315162920573
2788,1.0367405358444983,0.9793881306326403,15,3.3333333333333335,35,0.12451706051189909,0.009743648200013829,1.8064504785916904,0,0,0,0.1512899647089634,0.009111315162920573
2789,1.0357732237361725,0.9791016102144992,14,3.5714285714285716,36,0.2989607802255028,0.009949932443474979,1.951181649848715,1,0,1,0.1512899647089634,0.009111315162920573
2790,1.038628699916325,0.9787020802061424,14,3.5714285714285716,36,0.2630975649728579,0.010216728746942016,1.912712425268775,0,0,0,0.1512899647089634,0.009111315162920573
2791,1.0414210542910112,0.9782946035729423,14,3.5714285714285716,36,0.23152805365417645,0.01058428953940004,1.877057246906301,0,0,0,0.1512899647089634,0.009111315162920573
2792,1.0407494867309877,0.9778791867342039,15,3.3333333333333335,36,0.1991290620742366,0.011020617553252192,1.8620827482798885,1,1,0,0.1512899647089634,0.009111315162920573
2793,1.042973340509903,0.9774558362863989,15,3.3333333333333335,36,0.17523704861242326,0.011494811256288233,1.8140962124439632,0,0,0,0.1512899647089634,0.009111315162920573
2794,1.0415928632884277,0.977024559002983,16,3.125,35,0.1890533393531758,0.012188148013357096,1.7856474910692879,0,1,0,0.1512899647089634,0.009111315162920573
2795,1.039206565596123,0.9765853618342104,16,3.125,36,0.1672658941502074,0.0131949167112049,1.7955211520831613,1,0,0,0.1512899647089634,0.009111315162920573
2796,1.0403173446862224,0.9761382519069396,16,3.125,36,0.14719660635619192,0.014402485326505685,1.781689175508493,0,0,0,0.1512899647089634,0.009111315162920573
2797,1.0409143669005696,0.9756832365244343,16,3.125,35,0.13295342304184588,0.015587210431989063,1.720300462596191,0,1,0,0.1512899647089634,0.009111315162920573
2798,1.039963279372694,0.9752203231661584,16,3.125,35,0.11700188871509005,0.016906109288389065,1.7250974398073666,0,0,0,0.1512899647089634,0.009111315162920573
2799,1.0399306441677174,0.9747495194875615,17,2.9411764705882355,34,0.18701489410987426,0.01701263154450715,1.746381166399659,0,1,0,0.1512899647089634,0.009111315162920573
2800,1.0404857209734168,0.9750886988417968,16,3.125,35,0.20653963475252796,0.016284428914740773,1.7810529533018178,1,0,1,0.1512899647089634,0.009111315162920573
2801,1.046838098939528,0.9743036275541147,15,3.3333333333333335,36,0.21145206372442746,0.015641792428868602,1.806718117572382,1,0,1,0.1512899647089634,0.009111315162920573
2802,1.0473431901619237,0.9738456936726348,16,3.125,35,0.20154756305489077,0.014503533788703582,1.779313697336229,0,1,0,0.1512899647089634,0.009111315162920573
2803,1.0473766845523789,0.9733798954723142,16,3.125,35,0.17736268888924286,0.013713982186574524,1.7787064829610162,0,0,0,0.1512899647089634,0.009111315162920573
2804,1.0500030409075856,0.9729062412593639,16,3.125,35,0.15607996702575763,0.013207669719193753,1.7803646324360576,0,0,0,0.1512899647089634,0.009111315162920573
2805,1.0463911344746442,0.972424739514337,16,3.125,35,0.13735114466207002,0.01291811129325854,1.7679481759626945,0,0,0,0.1512899647089634,0.009111315162920573
2806,1.049318727698601,0.9719353988918696,16,3.125,35,0.12087013755140219,0.012788028618678792,1.7571751994049305,0,0,0,0.1512899647089634,0.009111315162920573
2807,1.0480642324729252,0.9714382282204128,17,2.9411764705882355,34,0.14556339679352429,0.011924419981856931,1.7518278757316816,0,1,0,0.1512899647089634,0.009111315162920573
2808,1.048220416319618,0.9709332365019604,17,2.9411764705882355,35,0.13012445092812358,0.011499105632020707,1.7979420487985494,1,0,0,0.1512899647089634,0.009111315162920573
2809,1.0470418011050422,0.9704204329117704,18,2.7777777777777777,34,0.44832868569936585,0.010735458581703761,1.983897745100876,0,1,0,0.1512899647089634,0.009111315162920573
2810,1.0498423087741784,0.9708725324878655,17,2.9411764705882355,35,0.11719791205519403,0.01147613050764228,1.8079941474940588,1,0,1,0.1512899647089634,0.009111315162920573
2811,1.0508684280941294,0.970388764598281,18,2.7777777777777777,34,0.5470160360504439,0.010822189117579362,2.028466171825973,0,1,0,0.1512899647089634,0.009111315162920573
2812,1.0451565303415489,0.9698971679055913,18,2.7777777777777777,34,0.48137833144195796,0.010352299777334605,1.9870194115119546,0,0,0,0.1512899647089634,0.009111315162920573
2813,1.0415178291294205,0.969397750852407,18,2.7777777777777777,34,0.4236169348752409,0.010036274387179543,1.9668144704102297,0,0,0,0.1512899647089634,0.009111315162920573
2814,1.041884142942811,0.970564049012478,17,2.9411764705882355,35,0.48984117371648656,0.00983218237078072,2.0458879363437057,1,0,1,0.1512899647089634,0.009111315162920573
2815,1.037628850229418,0.9700618598959415,17,2.9411764705882355,35,0.43106716929381506,0.009715131740248824,1.993127725661649,0,0,0,0.1512899647089634,0.009111315162920573
2816,1.035848447294572,0.9695518617184601,17,2.9411764705882355,36,0.380009180347584,0.00965428371539777,1.9858710762725709,1,0,0,0.1512899647089634,0.009111315162920573
2817,1.0332991975058203,0.9690340634175132,17,2.9411764705882355,36,0.3344108081777096,0.009643203779115476,1.9730456609546412,0,0,0,0.1512899647089634,0.009111315162920573
2818,1.030604397151574,0.9685084741040166,17,2.9411764705882355,36,0.29428540491987276,0.00967177220739291,1.9478706249879352,0,0,0,0.1512899647089634,0.009111315162920573
2819,1.0311818949988718,0.9679751030620535,18,2.7777777777777777,35,0.383907094065325,0.009746938043817502,1.965318792966204,0,1,0,0.1512899647089634,0.009111315162920573
2820,1.0339588238625712,0.9674339597485964,18,2.7777777777777777,35,0.33784276948020625,0.009853042212158014,1.9364365640833805,0,0,0,0.1512899647089634,0.009111315162920573
2821,1.0327404355218437,0.9668850537932246,18,2.7777777777777777,35,0.29731014483832285,0.009977669185132458,1.879184263699436,0,0,0,0.1512899647089634,0.009111315162920573
2822,1.0318403440981678,0.9663283949978332,18,2.7777777777777777,35,0.26162247915349135,0.010116043087752977,1.8890721200894267,0,0,0,0.1512899647089634,0.009111315162920573
2823,1.0314396386287477,0.9657639933363413,18,2.7777777777777777,34,0.2310697489987248,0.010257940142758775,1.850715823847234,0,1,0,0.1512899647089634,0.009111315162920573
2824,1.033198148865521,0.9651918589543855,18,2.7777777777777777,34,0.2033703343605235,0.010415570477185452,1.8170776814523135,0,0,0,0.1512899647089634,0.009111315162920573
2825,1.0293577651089678,0.9646120021690165,20,2.5,31,0.2669594489909564,0.010589099301770225,1.7959672800215731,0,3,0,0.1512899647089634,0.009111315162920573
2826,1.0316351589670207,0.9661759786047449,18,2.7777777777777777,33,0.1793088934797522,0.01079125279944102,1.7739290440581013,2,0,2,0.1512899647089634,0.009111315162920573
2827,1.0370869992275538,0.9671854487472509,17,2.9411764705882355,34,0.4489298564408638,0.011016540915710056,1.9411156948422055,1,0,1,0.1512899647089634,0.009111315162920573
2828,1.0421718351886136,0.9666567381198327,17,2.9411764705882355,34,0.3950557619321992,0.011271247813172545,1.921851792892585,0,0,0,0.1512899647089634,0.009111315162920573
2829,1.0458273542683159,0.966120270305826,17,2.9411764705882355,34,0.3477271715822956,0.011524551939247453,1.9232500547493268,0,0,0,0.1512899647089634,0.009111315162920573
2830,1.0492108797580344,0.9655760545564487,17,2.9411764705882355,34,0.30601187708303057,0.011783899570509085,1.89656744009978,0,0,0,0.1512899647089634,0.009111315162920573
2831,1.0526132724959416,0.9621172230969763,17,2.9411764705882355,34,0.3294931139406669,0.011646776299877832,1.9144161037518719,1,1,1,0.1512899647089634,0.009111315162920573
2832,1.0526533410299266,0.9573534358075998,16,3.125,35,0.5778713667262086,0.010998458892087105,2.069762996576329,1,0,1,0.1512899647089634,0.009111315162920573
2833,1.0466362246467573,0.9569087027492091,16,3.125,35,0.5085374055062716,0.010515981624742054,2.0259025757092157,0,0,0,0.1512899647089634,0.009111315162920573
2834,1.0471743004815453,0.9564561982396182,16,3.125,35,0.4475236220772109,0.010161813433472423,1.9715992725504163,0,0,0,0.1512899647089634,0.009111315162920573
2835,1.0439781706612201,0.9559959291387354,16,3.125,35,0.3938316330543126,0.009906455338379215,1.9381128043106546,0,0,0,0.1512899647089634,0.009111315162920573
2836,1.044031466026409,0.9555279024820081,16,3.125,35,0.34679773511308193,0.009684107951158255,1.8929390094263996,0,0,0,0.1512899647089634,0.009111315162920573
2837,1.047650905630248,0.9550521254802734,17,2.9411764705882355,34,0.2828484094697473,0.009539885144098327,1.882354321950761,0,1,0,0.1512899647089634,0.009111315162920573
2838,1.0496286669588581,0.954568605519598,17,2.9411764705882355,34,0.24895122844678094,0.00944056748440732,1.8608546942697533,0,0,0,0.1512899647089634,0.009111315162920573
2839,1.052462808678107,0.954077350161115,17,2.9411764705882355,34,0.2191037963782493,0.009378774474336242,1.8420752457282128,0,0,0,0.1512899647089634,0.009111315162920573
2840,1.0481930989913177,0.9535783671408522,17,2.9411764705882355,34,0.19281948813139155,0.00934877837905821,1.8416514188047826,0,0,0,0.1512899647089634,0.009111315162920573
2841,1.0516071815722159,0.9529860886852436,16,3.125,35,0.1782672402934397,0.009341814781294533,1.9049301386205246,1,0,1,0.1512899647089634,0.009111315162920573
2842,1.0583566471228334,0.9524900352135047,16,3.125,35,0.1568821617870744,0.009381773310925766,1.8591066429055902,0,0,0,0.1512899647089634,0.009111315162920573
2843,1.0571769899757288,0.9519862714660537,16,3.125,35,0.13815792836963894,0.009452642431315052,1.8151277663967926,0,0,0,0.1512899647089634,0.009111315162920573
2844,1.054388781873992,0.9514748056487009,16,3.125,35,0.12158733061621618,0.009561912554914575,1.8206271554009865,0,0,0,0.1512899647089634,0.009111315162920573
2845,1.0514780105651642,0.9509556461413038,16,3.125,35,0.10698794919823641,0.00969977946048517,1.8274488372923847,0,0,0,0.1512899647089634,0.009111315162920573
2846,1.048156802538843,0.9504288014975656,16,3.125,35,0.09415486581029674,0.00985098392707949,1.7874349703162602,0,0,0,0.1512899647089634,0.009111315162920573
2847,1.0486888601111748,0.949894280444826,16,3.125,35,0.08286320447353543,0.01000779419588115,1.7804244608066826,0,0,0,0.1512899647089634,0.009111315162920573
2848,1.051553751669563,0.9493520918838443,17,2.9411764705882355,34,0.10076208890984288,0.010896013620253754,1.7874871569378268,0,1,0,0.1512899647089634,0.009111315162920573
2849,1.051733609273236,0.9488022448885801,17,2.9411764705882355,34,0.08869033486186621,0.011749402102401324,1.7794866286110607,0,0,0,0.1512899647089634,0.009111315162920573
2850,1.052924240557941,0.948244748705965,17,2.9411764705882355,34,0.07805721089333674,0.01276383816065152,1.7885386473064577,0,0,0,0.1512899647089634,0.009111315162920573
2851,1.0558558352662717,0.9476796127556675,17,2.9411764705882355,35,0.07223022143719565,0.013901569348297093,1.809116373440159,1,0,0,0.1512899647089634,0.009111315162920573
2852,1.053634925129905,0.9471068466298546,17,2.9411764705882355,35,0.06357133406448146,0.015327188012220374,1.8029764808720703,0,0,0,0.1512899647089634,0.009111315162920573
2853,1.0512635153964829,0.9465264600929442,17,2.9411764705882355,35,0.05595401276188798,0.01696118672957623,1.8136976679821692,0,0,0,0.1512899647089634,0.009111315162920573
2854,1.0515361729647221,0.9459384630813531,17,2.9411764705882355,35,0.049274666906981936,0.018705472046138344,1.793158745387966,0,0,0,0.1512899647089634,0.009111315162920573
2855,1.0566014391214522,0.9453428657032382,17,2.9411764705882355,35,0.04338458043521388,0.020487993314619236,1.7732262071939613,0,0,0,0.1512899647089634,0.009111315162920573
2856,1.0559004575695503,0.9543638547462355,16,3.125,36,0.12690856459262678,0.02001928301411737,1.8315417329552006,1,0,1,0.1512899647089634,0.009111315162920573
2857,1.0511609990780006,0.9538367185245484,17,2.9411764705882355,35,0.1273876833596401,0.021230113596671638,1.8114800556655029,0,1,0,0.1512899647089634,0.009111315162920573
2858,1.0537995567996277,0.9533018558510966,17,2.9411764705882355,35,0.11210839415924109,0.022627176638091898,1.8170506207328336,0,0,0,0.1512899647089634,0.009111315162920573
2859,1.0522119836262243,0.9527592753565355,17,2.9411764705882355,35,0.0986595216284787,0.02412993636976283,1.808034901155054,0,0,0,0.1512899647089634,0.009111315162920573
2860,1.0506636515986474,0.9618190943559566,16,3.125,36,0.17480411988830877,0.02333763494136544,1.86151186306646,1,0,1,0.1512899647089634,0.009111315162920573
2861,1.0486597428747013,0.9700718252019701,15,3.3333333333333335,37,1.5256586980844224,0.021063477539654298,2.69536726220076,1,0,1,0.1512899647089634,0.009111315162920573
2862,1.0492048860281242,0.9696009210442827,15,3.3333333333333335,37,1.3427071521766027,0.01924344960763059,2.5521033238185415,0,0,0,0.1512899647089634,0.009111315162920573
2863,1.0552779798738638,0.9691221792487915,15,3.3333333333333335,37,1.181566670828909,0.017815427464832674,2.4702992768817804,0,0,0,0.1512899647089634,0.009111315162920573
2864,1.0587559017611752,0.9686356075170478,15,3.3333333333333335,36,1.0399390559454498,0.01669419977271759,2.348982889355596,0,1,0,0.1512899647089634,0.009111315162920573
2865,1.0571330310420508,0.9681412137267035,15,3.3333333333333335,36,0.9151553583945494,0.015814391811028686,2.304857806877975,0,0,0,0.1512899647089634,0.009111315162920573
2866,1.0612965201552302,0.9676390059313204,15,3.3333333333333335,36,0.805343795681714,0.015126040907755527,2.238029721289962,0,0,0,0.1512899647089634,0.009111315162920573
2867,1.0653726214232178,0.9671289923601732,15,3.3333333333333335,36,0.7087063335821182,0.01458965518234629,2.179341383059971,0,0,0,0.1512899647089634,0.009111315162920573
2868,1.0701678195958895,0.9666111814180457,15,3.3333333333333335,36,0.623661486951978,0.014173902492301677,2.127785079354212,0,0,0,0.1512899647089634,0.009111315162920573
2869,1.0668989051893398,0.9660855816850196,16,3.125,35,0.48360901676216544,0.013852109560846603,2.0558565504445685,0,1,0,0.1512899647089634,0.009111315162920573
2870,1.0640742271380639,0.9655522019162597,16,3.125,35,0.42575682801222875,0.013569320057581834,1.9722224520977891,0,0,0,0.1512899647089634,0.009111315162920573
2871,1.0614994851180204,0.9650110510417904,16,3.125,35,0.37467209527118206,0.01335535631409074,1.8928795236305482,0,0,0,0.1512899647089634,0.009111315162920573
2872,1.055064528679181,0.9644621381662682,16,3.125,35,0.3297181219821412,0.013194856007873363,1.833388073040164,0,0,0,0.1512899647089634,0.009111315162920573
2873,1.0528263032329261,0.9639054725687454,16,3.125,35,0.2901592960698488,0.013075712631424872,1.8105134775300686,0,0,0,0.1512899647089634,0.009111315162920573
2874,1.0489692053210553,0.9633410637024301,16,3.125,35,0.25534824785851856,0.01298840854441004,1.7755223736312309,0,0,0,0.1512899647089634,0.009111315162920573
2875,1.0475765674582298,0.9627689211944378,16,3.125,35,0.22472406967854525,0.012923793807157462,1.788069510494217,0,0,0,0.1512899647089634,0.009111315162920573
2876,1.0410733963138352,0.9621890548455397,16,3.125,35,0.19797403744772477,0.012836815096944384,1.8032107239839525,0,0,0,0.1512899647089634,0.009111315162920573
2877,1.0404596893985616,0.9616014746299006,17,2.9411764705882355,34,0.1793189101795201,0.01277758962903684,1.7719110722442,0,1,0,0.1512899647089634,0.009111315162920573
2878,1.0401540012035957,0.9614627763401151,16,3.125,35,0.15274496221967523,0.012740143958915262,1.7806367719341711,1,0,1,0.1512899647089634,0.009111315162920573
2879,1.0382574735974044,0.9608672580522827,17,2.9411764705882355,34,0.1442264074968031,0.014835257537903816,1.7862781904498564,0,1,0,0.1512899647089634,0.009111315162920573
2880,1.0414325943900193,0.9602640478456211,18,2.7777777777777777,33,0.37436830268420956,0.014442866322924474,1.9029277410743566,0,1,0,0.1512899647089634,0.009111315162920573
2881,1.0398925318610643,0.9596531562504662,18,2.7777777777777777,33,0.3294251683301196,0.014159897268364665,1.9243851705959452,0,0,0,0.1512899647089634,0.009111315162920573
2882,1.0329810329728935,0.9660370793588824,19,2.6315789473684212,32,0.8037528678288497,0.013755006734985616,2.225549272895715,1,2,1,0.1512899647089634,0.009111315162920573
2883,1.0321415970491676,0.9654671269080962,19,2.6315789473684212,32,0.7073255018036767,0.013447253106464158,2.19961846523101,0,0,0,0.1512899647089634,0.009111315162920573
2884,1.032812266472168,0.9648894755169899,19,2.6315789473684212,32,0.6224582376432054,0.013217509719056306,2.162142315697526,0,0,0,0.1512899647089634,0.009111315162920573
2885,1.0358423177084484,0.9643041361625546,19,2.6315789473684212,32,0.547814808759217,0.01304027981651462,2.1031894150892323,0,0,0,0.1512899647089634,0.009111315162920573
2886,1.0371068412478084,0.9637111199918769,20,2.5,31,0.48883107634040845,0.012523433506587656,2.0669240431795215,0,1,0,0.1512899647089634,0.009111315162920573
2887,1.035010291071914,0.9660755848889794,20,2.5,31,0.9289084181056033,0.012354801491371288,2.3225640988948197,1,1,1,0.1512899647089634,0.009111315162920573
2888,1.0385078573159794,0.965492485460256,21,2.380952380952381,30,0.8271933703102772,0.012267060090777781,2.2562303082097594,0,1,0,0.1512899647089634,0.009111315162920573
2889,1.0387891923770853,0.9641816335190311,20,2.5,31,0.7181795823852077,0.012250062550675365,2.2120934639488197,1,0,1,0.1512899647089634,0.009111315162920573
2890,1.0357185369331967,0.9635791794584493,20,2.5,31,0.6319951764831938,0.012280670994612088,2.1610863917781873,0,0,0,0.1512899647089634,0.009111315162920573
2891,1.0378736784146818,0.9629690514692207,20,2.5,31,0.5561684638170005,0.012340963112027403,2.0951180427064036,0,0,0,0.1512899647089634,0.009111315162920573
2892,1.033936414351769,0.9623512612640693,20,2.5,31,0.48942705864779606,0.012423484423205606,2.01971895850083,0,0,0,0.1512899647089634,0.009111315162920573
2893,1.0312868318406054,0.9617258207243757,20,2.5,31,0.43069615766583447,0.012519354804777363,1.999214737083615,0,0,0,0.1512899647089634,0.009111315162920573
2894,1.0330188282924277,0.9610927418998009,20,2.5,31,0.3790131066229395,0.012622294233694235,1.9660056458368496,0,0,0,0.1512899647089634,0.009111315162920573
2895,1.0311851507804064,0.9604520370079045,20,2.5,31,0.3335322287500413,0.012727706050401641,1.9185676736473392,0,0,0,0.1512899647089634,0.009111315162920573
2896,1.0362531370069832,0.9598037184337547,20,2.5,31,0.2935668944869049,0.012820756329585615,1.8754763889901287,0,0,0,0.1512899647089634,0.009111315162920573
2897,1.0358444948227705,0.9618908806589735,19,2.6315789473684212,32,0.26424459517308674,0.012719895842206426,1.8812989463273417,1,0,1,0.1512899647089634,0.009111315162920573
2898,1.0378932855162784,0.9612785129855573,19,2.6315789473684212,32,0.2325344540352836,0.012655775284550069,1.891584814338787,0,0,0,0.1512899647089634,0.009111315162920573
2899,1.0373423860394118,0.9606585289259305,19,2.6315789473684212,32,0.2046292800151509,0.012619110786383664,1.8728256744473035,0,0,0,0.1512899647089634,0.009111315162920573
2900,1.0334995074678317,0.9600309406824774,19,2.6315789473684212,32,0.18007318253321616,0.01260256600294541,1.8565799893485895,0,0,0,0.1512899647089634,0.009111315162920573
2901,1.03385574752541,0.9593957606239197,19,2.6315789473684212,32,0.15865603547363533,0.012570518180261342,1.8425956811556756,0,0,0,0.1512899647089634,0.009111315162920573
2902,1.0303612271915008,0.9587530012849105,19,2.6315789473684212,32,0.13962134226689452,0.012585780778276576,1.8143243502637574,0,0,0,0.1512899647089634,0.009111315162920573
2903,1.030244938338847,0.9581026753656241,19,2.6315789473684212,32,0.12287185045836592,0.012653470361531196,1.8048867689527353,0,0,0,0.1512899647089634,0.009111315162920573
2904,1.029431316587769,0.9574447957313431,21,2.380952380952381,30,0.8213281594961771,0.012755678483013056,2.1681696397059933,0,2,0,0.1512899647089634,0.009111315162920573
2905,1.0277106815791175,0.9567793754120347,21,2.380952380952381,30,0.7227891978135106,0.012877419833578327,2.0912030766943217,0,0,0,0.1512899647089634,0.009111315162920573
2906,1.0277829477344047,0.9561064276019255,22,2.272727272727273,29,0.6842940057429346,0.012997296561941103,1.9992235719504226,0,1,0,0.1512899647089634,0.009111315162920573
2907,1.0266034575250036,0.955425965659069,22,2.272727272727273,29,0.6022632223818278,0.013112949988031005,1.916343309807593,0,0,0,0.1512899647089634,0.009111315162920573
2908,1.0295399766446196,0.9547380031049064,22,2.272727272727273,29,0.5301643293571587,0.013205259143325017,1.9198376298981676,0,0,0,0.1512899647089634,0.009111315162920573
2909,1.032961146765804,0.9540425536238235,22,2.272727272727273,29,0.4665538012433622,0.01331144332138242,1.8967365549589215,0,0,0,0.1512899647089634,0.009111315162920573
2910,1.027619136919002,0.9562137968478948,22,2.272727272727273,29,0.502762282698241,0.013399678318487014,1.8907605752786225,1,1,1,0.1512899647089634,0.009111315162920573
2911,1.0280975844739138,0.9555378353216762,22,2.272727272727273,29,0.4424822712477785,0.013513912391203172,1.8688167669934257,0,0,0,0.1512899647089634,0.009111315162920573
2912,1.0286614897096371,0.9548543075890698,22,2.272727272727273,29,0.38940403954963876,0.013650073183941283,1.8356379769133526,0,0,0,0.1512899647089634,0.009111315162920573
2913,1.023644819550055,0.9541632262896631,22,2.272727272727273,29,0.34278038976365066,0.013792586345317532,1.7906648987458669,0,0,0,0.1512899647089634,0.009111315162920573
2914,1.0279147995877884,0.9534646042306829,22,2.272727272727273,29,0.30166728298548584,0.013990682662844256,1.781247868457049,0,0,0,0.1512899647089634,0.009111315162920573
2915,1.025483959672532,0.9527584543866124,24,2.0833333333333335,27,0.2822204534976208,0.013916846213418268,1.714017896097891,0,2,0,0.1512899647089634,0.009111315162920573
2916,1.0311932178147203,0.9528342492115548,23,2.1739130434782608,28,0.24275604167005188,0.014229001508102121,1.71316784300152,1,0,1,0.1512899647089634,0.009111315162920573
2917,1.0318059618601536,0.9529406738424454,22,2.272727272727273,29,0.15709379241975893,0.014579174171476568,1.6843919389514717,1,0,1,0.1512899647089634,0.009111315162920573
2918,1.0319896096021446,0.9522453950969151,22,2.272727272727273,29,0.13826232456371984,0.014973831843001195,1.6710591423629444,0,0,0,0.1512899647089634,0.009111315162920573
2919,1.0337687211954758,0.9518221606302125,22,2.272727272727273,29,0.10885138627526089,0.01583563070743937,1.6408871424836908,1,1,1,0.1512899647089634,0.009111315162920573
2920,1.0283218706419834,0.9511269714410723,23,2.1739130434782608,28,0.13690032663612828,0.01622636602644388,1.635822429020578,0,1,0,0.1512899647089634,0.009111315162920573
2921,1.031471009368807,0.9511407098695208,22,2.272727272727273,29,0.1613049172962666,0.016495445547031796,1.6725446251569354,1,0,1,0.1512899647089634,0.009111315162920573
2922,1.031979551711892,0.9504494661171898,22,2.272727272727273,29,0.14234593950331598,0.016737469490729292,1.6427288197863714,0,0,0,0.1512899647089634,0.009111315162920573
2923,1.0323820841444293,0.949750751888908,22,2.272727272727273,29,0.1252729845451267,0.017032469882332823,1.6626547327903622,0,0,0,0.1512899647089634,0.009111315162920573
2924,1.0261073520628998,0.953196357873557,21,2.380952380952381,30,0.11733101295740951,0.016899824219428306,1.6970168143219106,1,0,1,0.1512899647089634,0.009111315162920573
2925,1.0221796601884214,0.95249872814325,21,2.380952380952381,30,0.10326381324992351,0.01700837990848282,1.6869219428605526,0,0,0,0.1512899647089634,0.009111315162920573
2926,1.0193789820811523,0.9517936408245604,21,2.380952380952381,30,0.0908847156318557,0.017351334717440058,1.6782535705620623,0,0,0,0.1512899647089634,0.009111315162920573
2927,1.0222048069254013,0.9510811094296339,21,2.380952380952381,30,0.07999308870664129,0.01790696521780416,1.6867879091111961,0,0,0,0.1512899647089634,0.009111315162920573
2928,1.023976010788267,0.9503611476344407,21,2.380952380952381,30,0.07040781401095808,0.018609590411010214,1.648338730321984,0,0,0,0.1512899647089634,0.009111315162920573
2929,1.024728589524497,0.9496337692783576,21,2.380952380952381,30,0.06197197989692256,0.019435240393552464,1.6587537193747104,0,0,0,0.1512899647089634,0.009111315162920573
2930,1.0205487515190308,0.9488989883637401,21,2.380952380952381,30,0.05455858990103762,0.0203813456036984,1.62191305251804,0,0,0,0.1512899647089634,0.009111315162920573
2931,1.0144841205421746,0.9480511745742832,20,2.5,31,0.050909659354605855,0.021228726723600707,1.6439292195458268,1,0,1,0.1512899647089634,0.009111315162920573
2932,1.0115134669572232,0.9473010806906998,20,2.5,31,0.04480914545161454,0.02215411439910532,1.623423055220766,0,0,0,0.1512899647089634,0.009111315162920573
2933,1.0151506998079938,0.9465436274369349,20,2.5,31,0.03944605018977547,0.023111137461419472,1.6195708060762137,0,0,0,0.1512899647089634,0.009111315162920573
2934,1.0161254358713796,0.9457788294643715,20,2.5,31,0.03484332501498445,0.024065991938654597,1.5843333769807517,0,0,0,0.1512899647089634,0.009111315162920573
2935,1.0140401966254096,0.9450067015851509,22,2.272727272727273,29,0.0845804474505905,0.02361572380806336,1.5748188049491754,0,2,0,0.1512899647089634,0.009111315162920573
2936,1.0117997373543397,0.9442941496278109,21,2.380952380952381,31,0.064247716728296,0.023430539617924254,1.6581015323960935,2,0,1,0.1512899647089634,0.009111315162920573
2937,1.0092521555281169,0.9435081668220425,21,2.380952380952381,31,0.05655865112237698,0.023573735070953998,1.651099867442763,0,0,0,0.1512899647089634,0.009111315162920573
2938,1.0073812301096021,0.9427148993669331,21,2.380952380952381,31,0.049789749947585234,0.023945188202555565,1.6452473575455537,0,0,0,0.1512899647089634,0.009111315162920573
2939,1.0070661352209709,0.9419143627120179,21,2.380952380952381,31,0.04383397619704173,0.024472765409053757,1.6403305164009767,0,0,0,0.1512899647089634,0.009111315162920573
2940,1.005912313512492,0.9411065724652259,21,2.380952380952381,31,0.038593787154440735,0.025134232126044095,1.6361788703047286,0,0,0,0.1512899647089634,0.009111315162920573
2941,1.0013448430255392,0.9402915443923909,21,2.380952380952381,31,0.03398384756784443,0.02591917056641526,1.6486572570497549,0,0,0,0.1512899647089634,0.009111315162920573
2942,0.9959935283792377,0.9394692944167615,21,2.380952380952381,31,0.03007807019576271,0.026944460244277105,1.6457470534992438,0,0,0,0.1512899647089634,0.009111315162920573
2943,0.992327349836788,0.938639838618501,21,2.380952380952381,31,0.026492618684432374,0.02816681378120931,1.627170729746999,0,0,0,0.1512899647089634,0.009111315162920573
2944,0.9933241152321525,0.937803193234185,21,2.380952380952381,31,0.023329555714778714,0.02950013695231246,1.624954102331122,0,0,0,0.1512899647089634,0.009111315162920573
2945,0.9977740322794988,0.9369593746562935,21,2.380952380952381,31,0.022320634756813198,0.030531549214817936,1.6241096575307787,0,0,0,0.1512899647089634,0.009111315162920573
2946,0.9967517542761354,0.9361083994326973,21,2.380952380952381,31,0.019891001269192448,0.031651137804153795,1.6064725582690336,0,0,0,0.1512899647089634,0.009111315162920573
2947,1.0017599894835236,0.9352502842661369,22,2.272727272727273,30,0.033204748229974504,0.03205730612254097,1.6428263170686237,0,1,0,0.1512899647089634,0.009111315162920573
2948,1.0007439403356861,0.9343850460136994,22,2.272727272727273,30,0.029415416182342405,0.03261482718342756,1.6398268508073846,0,0,0,0.1512899647089634,0.009111315162920573
2949,0.9975555000264568,0.9335127016862896,22,2.272727272727273,30,0.025975962842148224,0.033286488677681185,1.6212187785287733,0,0,0,0.1512899647089634,0.009111315162920573
2950,0.9885988386184564,0.9346109246184392,21,2.380952380952381,31,0.06167854040496345,0.03287922990805685,1.6667320248605915,1,0,1,0.1512899647089634,0.009111315162920573
2951,0.9816742172865814,0.9337691213680619,21,2.380952380952381,31,0.054369750816236205,0.03272081624545795,1.6934155259529518,0,0,0,0.1512899647089634,0.009111315162920573
2952,0.981520510038575,0.932920206099657,21,2.380952380952381,31,0.047876888342226476,0.03275369151770961,1.6888213896027437,0,0,0,0.1512899647089634,0.009111315162920573
2953,0.9763780839139629,0.9320641957859619,21,2.380952380952381,31,0.042705895238824426,0.032811901564489196,1.6531949795913503,0,0,0,0.1512899647089634,0.009111315162920573
2954,0.9730997904613681,0.9312011075512592,21,2.380952380952381,31,0.037612405069016204,0.03300836802980273,1.633746024877452,0,0,0,0.1512899647089634,0.009111315162920573
2955,0.9710882703782582,0.9303309586708217,23,2.1739130434782608,29,0.050723083427810706,0.032835644273310906,1.634317786433718,0,2,0,0.1512899647089634,0.009111315162920573
2956,0.9660566879664387,0.9323264844971338,22,2.272727272727273,30,0.034605906193561284,0.03303609837385515,1.63167649599891,1,0,1,0.1512899647089634,0.009111315162920573
2957,0.9606245435719605,0.9314720975079654,22,2.272727272727273,30,0.030475638474470844,0.03333988165018417,1.6114700972967626,0,0,0,0.1512899647089634,0.009111315162920573
2958,0.9576020889696647,0.9306105359042466,22,2.272727272727273,30,0.026830284376590276,0.03371132850818149,1.5919867062850142,0,0,0,0.1512899647089634,0.009111315162920573
2959,0.9503838288200065,0.9297418158425025,24,2.0833333333333335,28,0.13523589330057736,0.03198100272327857,1.6170579377246415,0,2,0,0.1512899647089634,0.009111315162920573
2960,0.9439120776759131,0.9288659536376365,24,2.0833333333333335,28,0.11902362907228486,0.030664475651851895,1.5893514787515923,0,0,0,0.1512899647089634,0.009111315162920573
2961,0.9427374054027067,0.9279829657624453,24,2.0833333333333335,28,0.10468068084450625,0.02968581389844227,1.5952613844878698,0,0,0,0.1512899647089634,0.009111315162920573
2962,0.9410304392935843,0.9270928688471318,24,2.0833333333333335,28,0.0924101376267851,0.02891653372110839,1.6187858145619458,0,0,0,0.1512899647089634,0.009111315162920573
2963,0.9340523948373152,0.9276709190278879,23,2.1739130434782608,29,0.06148835615377595,0.02835605711040805,1.6078978126816714,1,0,1,0.1512899647089634,0.009111315162920573
2964,0.9277933080759441,0.9272551558491553,22,2.272727272727273,30,0.1122174013949723,0.02781665050514872,1.6615840400790378,1,0,1,0.1512899647089634,0.009111315162920573
2965,0.9217101494102979,0.9264043693375933,22,2.272727272727273,30,0.09898457204999576,0.02748629098293284,1.6520809426615384,0,0,0,0.1512899647089634,0.009111315162920573
2966,0.9207733461561116,0.9255464993944009,22,2.272727272727273,30,0.08765347638252764,0.02727672446397954,1.6441097354031724,0,0,0,0.1512899647089634,0.009111315162920573
2967,0.9218773398857241,0.924681562151206,22,2.272727272727273,30,0.07730745744717073,0.02723208701166675,1.6210227116485445,0,0,0,0.1512899647089634,0.009111315162920573
2968,0.9196324663010267,0.923809573895444,22,2.272727272727273,30,0.0679969223556982,0.027345802652758787,1.5987768312986004,0,0,0,0.1512899647089634,0.009111315162920573
2969,0.9248216861702693,0.9229305510698758,22,2.272727272727273,30,0.05988063235845293,0.027564183251162087,1.577412387828958,0,0,0,0.1512899647089634,0.009111315162920573
2970,0.9220186478347682,0.922044510272095,22,2.272727272727273,30,0.0527201447963127,0.02786749749387161,1.572745093188202,0,0,0,0.1512899647089634,0.009111315162920573
2971,0.920606702798537,0.9211514682540358,22,2.272727272727273,30,0.046555790453084084,0.02821968813844463,1.5367682290046614,0,0,0,0.1512899647089634,0.009111315162920573
2972,0.9205508385771508,0.9202514419214716,22,2.272727272727273,30,0.040979264782925136,0.028628409186024575,1.5332136249193633,0,0,0,0.1512899647089634,0.009111315162920573
2973,0.9168569553480828,0.9193444483335089,22,2.272727272727273,30,0.0361230072553512,0.029056814158044276,1.530143353890417,0,0,0,0.1512899647089634,0.009111315162920573
2974,0.9140565307412696,0.9184305047020795,22,2.272727272727273,31,0.03724002451508629,0.028972013820270804,1.5551961768619567,1,0,0,0.1512899647089634,0.009111315162920573
2975,0.9067386075254664,0.9175096283914218,22,2.272727272727273,31,0.0328850851280507,0.028999387793364147,1.5678701726915092,0,0,0,0.1512899647089634,0.009111315162920573
2976,0.8999346032711638,0.9165818369175622,22,2.272727272727273,31,0.029037779110795203,0.02932903370550518,1.533027008677486,0,0,0,0.1512899647089634,0.009111315162920573
2977,0.8955333167701829,0.9156471479477881,22,2.272727272727273,31,0.02557778801969842,0.029929825023462194,1.5305499287200757,0,0,0,0.1512899647089634,0.009111315162920573
2978,0.8973642767299396,0.9147055793001184,22,2.272727272727273,31,0.022762200346446878,0.03066383406111041,1.5285597621390608,0,0,0,0.1512899647089634,0.009111315162920573
2979,0.8888173635618095,0.9137571489427666,22,2.272727272727273,31,0.020209122331455075,0.03148913043603314,1.4788023048472676,0,0,0,0.1512899647089634,0.009111315162920573
2980,0.886321404641018,0.9128018749936,24,2.0833333333333335,29,0.07574366492907834,0.030801477059336887,1.472953822543743,0,2,0,0.1512899647089634,0.009111315162920573
2981,0.8829644108253614,0.9118397757195943,24,2.0833333333333335,29,0.06671325862488386,0.030354956327981762,1.434158672864652,0,0,0,0.1512899647089634,0.009111315162920573
2982,0.8809638474577074,0.910870869536283,25,2.0,28,0.069874966733202,0.02955836636919058,1.4795230183072128,0,1,0,0.1512899647089634,0.009111315162920573
2983,0.8807223734557563,0.9098951750072011,25,2.0,28,0.06159821992536418,0.02904970974235345,1.505157460655687,0,0,0,0.1512899647089634,0.009111315162920573
2984,0.8802652008913172,0.9089127108433243,25,2.0,28,0.05424453892786067,0.028778833254865858,1.4996956198820677,0,0,0,0.1512899647089634,0.009111315162920573
2985,0.8764489654931448,0.9079234959025047,25,2.0,28,0.047767116066683366,0.02869854432186576,1.5110219420340238,0,0,0,0.1512899647089634,0.009111315162920573
2986,0.8778539373431754,0.906927549188899,25,2.0,28,0.04267812157731942,0.028808608434234335,1.5073781272419018,0,0,0,0.1512899647089634,0.009111315162920573
2987,0.8752840818384017,0.9059248898523953,25,2.0,28,0.03798394846373788,0.0290932851279188,1.4561188097998754,0,0,0,0.1512899647089634,0.009111315162920573
2988,0.8776378645748885,0.9049155371880307,25,2.0,28,0.03347674433419487,0.029569339084982556,1.4370823771417414,0,0,0,0.1512899647089634,0.009111315162920573
2989,0.8728777604107479,0.9038995106354103,25,2.0,28,0.029693298604857345,0.03015777641973284,1.418563227068833,0,0,0,0.1512899647089634,0.009111315162920573
2990,0.8686032500996451,0.9028768297781128,25,2.0,28,0.02618771887016188,0.03086877797758719,1.3842730672515358,0,0,0,0.1512899647089634,0.009111315162920573
2991,0.8617667856712152,0.9054870966235454,24,2.0833333333333335,29,0.05260511946049883,0.03039081170495104,1.4244833986233787,1,0,1,0.1512899647089634,0.009111315162920573
2992,0.8649541599657528,0.9044968346878917,24,2.0833333333333335,29,0.046926314375198445,0.030073142849493462,1.4363460338354284,0,0,0,0.1512899647089634,0.009111315162920573
2993,0.8604174439596771,0.904237090321567,23,2.1739130434782608,30,0.07513239402732463,0.029850809936000713,1.493222120324127,1,0,1,0.1512899647089634,0.009111315162920573
2994,0.8520875225449862,0.9032664658874784,23,2.1739130434782608,30,0.06612779991157029,0.0299197401660365,1.4867836928777414,0,0,0,0.1512899647089634,0.009111315162920573
2995,0.8491010319015494,0.9022892016000278,23,2.1739130434782608,30,0.05851933382799935,0.030144878763533174,1.5134418599948987,0,0,0,0.1512899647089634,0.009111315162920573
2996,0.8468625628266992,0.9013053165288535,23,2.1739130434782608,30,0.05154223188474643,0.03055367702683645,1.4926730339044227,0,0,0,0.1512899647089634,0.009111315162920573
2997,0.8495090221418049,0.9003148298851231,23,2.1739130434782608,30,0.045430650699018485,0.031077466136442265,1.4430691614995923,0,0,0,0.1512899647089634,0.009111315162920573
2998,0.8373893250846969,0.8993177610209315,23,2.1739130434782608,30,0.04117070853323779,0.031446004459494,1.4075605034300784,0,0,0,0.1512899647089634,0.009111315162920573
2999,0.8344380888389553,0.8983141294286955,23,2.1739130434782608,30,0.03625104115238043,0.03193058821179945,1.4038941834240304,0,0,0,0.1512899647089634,0.009111315162920573
3000,0.8278195753541787,0.9031826073175843,22,2.272727272727273,31,0.14429545571109295,0.03009796217135887,1.495184942476107,1,0,1,0.1512899647089634,0.009111315162920573
